time_s,v_loco_kmh,axle1_speed_rads,axle2_speed_rads,axle3_speed_rads,axle4_speed_rads,axle1_slip_ratio,axle_lock_label,axle1_speed_noisy
0.0,30.000000000000004,15.432098765432098,15.432098765432098,15.432098765432098,15.432098765432098,0.0,0,15.44537751419234
0.010002500625156289,29.983059935487432,16.356771452772897,16.356771452772897,16.356771452772897,16.356771452772897,-0.0605176313760914,0,16.405007135360023
0.020005001250312578,29.996350062302138,16.14778193340311,16.14778193340311,16.14778193340311,16.14778193340311,-0.046503591714866545,0,16.27000158754437
0.030007501875468866,30.00946286644913,15.945503710252998,15.945503710252998,15.945503710252998,15.945503710252998,-0.03294282042575175,0,15.813359667649891
0.040010002500625155,30.028033339112202,15.538554026858467,15.538554026858467,15.538554026858467,15.538554026858467,-0.005958288612515313,0,15.391932895137847
0.05001250312578144,30.04031868427366,15.367299360487815,15.367299360487815,15.367299360487815,15.367299360487815,0.005535518089307122,0,15.30061105442967
0.06001500375093773,30.04603344379988,15.442439769494822,15.442439769494822,15.442439769494822,15.442439769494822,0.0008630267935515358,0,15.469181452480653
0.07001750437609403,30.048403275134692,15.643016359393707,15.643016359393707,15.643016359393707,15.643016359393707,-0.012034600448334746,0,15.466639604947217
0.08002000500125031,30.06060863147206,15.474757268159406,15.474757268159406,15.474757268159406,15.474757268159406,-0.0007424832312430032,0,15.418332025217676
0.0900225056264066,30.07691824170085,15.152596007829167,15.152596007829167,15.152596007829167,15.152596007829167,0.02062284431856959,0,15.218991806413149
0.10002500625156288,30.07396204896172,15.55289876226912,15.55289876226912,15.55289876226912,15.55289876226912,-0.005349250113022784,0,15.644198744361324
0.11002750687671918,30.08263851637442,15.516971051757988,15.516971051757988,15.516971051757988,15.516971051757988,-0.002737565995026787,0,15.46918503321113
0.12003000750187547,30.084474214676312,15.737572792681798,15.737572792681798,15.737572792681798,15.737572792681798,-0.01693123471802666,0,15.764860575130333
0.13003250812703177,30.09398771378646,15.67025452226898,15.67025452226898,15.67025452226898,15.67025452226898,-0.012261155982841082,0,15.617541451975901
0.14003500875218805,30.09181516876749,16.041163137412894,16.041163137412894,16.041163137412894,16.041163137412894,-0.03629578223306347,0,16.259539599633463
0.15003750937734434,30.103231916376025,15.902470974887795,15.902470974887795,15.902470974887795,15.902470974887795,-0.026946331246399308,0,15.922483406277582
0.16004001000250062,30.112983019391436,15.826238346960926,15.826238346960926,15.826238346960926,15.826238346960926,-0.021692448293148363,0,15.579972253992045
0.1700425106276569,30.123874067977223,15.707257582677267,15.707257582677267,15.707257582677267,15.707257582677267,-0.013644814469076972,0,15.573558766573344
0.1800450112528132,30.133750776546858,15.626314532554154,15.626314532554154,15.626314532554154,15.626314532554154,-0.008090751016902,0,15.637099954298487
0.19004751187796948,30.137079225971583,15.790937477295088,15.790937477295088,15.790937477295088,15.790937477295088,-0.018598458917911335,0,15.8586973567476
0.20005001250312576,30.140325894056414,15.95861774476168,15.95861774476168,15.95861774476168,15.95861774476168,-0.029303830518118797,0,15.930723221092066
0.21005251312828208,30.14875352737325,15.932010607007138,15.932010607007138,15.932010607007138,15.932010607007138,-0.027300468389226413,0,16.113421124341098
0.22005501375343836,30.16859714620133,15.477302933098008,15.477302933098008,15.477302933098008,15.477302933098008,0.0026756379777162463,0,15.49694990348792
0.23005751437859465,30.170844240205728,15.682464207877329,15.682464207877329,15.682464207877329,15.682464207877329,-0.010469252281872756,0,15.771130066229562
0.24006001500375093,30.181176635723,15.584427163829696,15.584427163829696,15.584427163829696,15.584427163829696,-0.003808657699113011,0,15.580909918820778
0.25006251562890724,30.19431282723042,15.381246567477108,15.381246567477108,15.381246567477108,15.381246567477108,0.009709427789677183,0,15.605204698801296
0.26006501625406353,30.192026113720914,15.75642326698072,15.75642326698072,15.75642326698072,15.75642326698072,-0.014522401233958489,0,15.626914240589677
0.2700675168792198,30.20108593577326,15.706103335328626,15.706103335328626,15.706103335328626,15.706103335328626,-0.01097904058187635,0,15.698479391331405
0.2800700175043761,30.20271756187593,15.934338123511946,15.934338123511946,15.934338123511946,15.934338123511946,-0.025614772864274826,0,16.116294883963427
0.2900725181295324,30.22036013340867,15.562163595800717,15.562163595800717,15.562163595800717,15.562163595824712,-0.0010749672301891679,0,15.573946147375057
0.30007501875468867,30.22832406810282,15.552940013616935,15.552940013616935,15.552940013616935,15.552940013840846,-0.0002180510687147982,0,15.599317150243504
0.31007751937984496,30.229896086757982,15.783412424377433,15.783412424377433,15.783412424377433,15.783412352019518,-0.014987073224846766,0,15.831084641902342
0.32008002000500124,30.23824882249649,15.759609342988181,15.759609342988181,15.759609342988181,15.759582110385365,-0.01317641582392544,0,15.816731651991608
0.3300825206301575,30.248163551774624,15.677245776766485,15.677245776766485,15.677245776766485,15.677135419908819,-0.007550945625789161,0,15.69191637603809
0.3400850212553138,30.255577522782858,15.753528269953053,15.753528269953053,15.753528269953053,15.493854960064615,-0.012205400268026837,0,15.70682213546302
0.3500875218804701,30.266335596359433,15.505715186522881,15.505715186522881,15.505715186522881,15.78125566404995,0.004071364151984458,0,15.454035585219861
0.3600900225056264,30.27328520947833,15.593664877191149,15.593664877191149,15.593664877191149,15.632636751080922,-0.001347700175218907,0,15.244861631138296
0.37009252313078267,30.28418411496521,15.49036801791764,15.49036801791764,15.49036801791764,15.46535892923643,0.005643496535502033,0,15.332460962881257
0.38009502375593895,30.286546871258142,15.716439376263748,15.716439376263748,15.716439376263748,15.590385482507738,-0.008789753329430269,0,15.622052775522356
0.39009752438109524,30.294821716095683,15.688723972298574,15.688723972298574,15.688723972298574,15.58996724542836,-0.006735728236496946,0,15.548259782842509
0.4001000250062515,30.30576653419827,15.568169667880555,15.568169667880555,15.568169667880555,15.467566354449092,0.001360952206634433,0,15.500226520400014
0.41010252563140787,30.311725663313787,15.59567727482613,15.59567727482613,15.59567727482613,15.64882266851948,-0.00020688228106397025,0,15.759194272080714
0.42010502625656415,30.313350255537493,15.836109880731984,15.836109880731984,15.836109880731984,15.84148851563391,-0.015572259371735266,0,15.763915627818752
0.43010752688172044,30.325354596010065,15.702914594163158,15.702914594163158,15.702914594163158,15.598047923556132,-0.006631789725867779,0,15.58351719793088
0.4401100275068767,30.33571500330366,15.589478735476664,15.589478735476664,15.589478735476664,15.541937256367895,0.0009812968487402194,0,15.643803885008035
0.450112528132033,30.341557099575,15.631028924669751,15.631028924669751,15.631028924669751,15.6986091466859,-0.001488490845568156,0,15.785061304726943
0.4601150287571893,30.35318318405745,15.466281171708532,15.466281171708532,15.466281171708532,15.606573748666579,0.009446540895475622,0,15.575533948894588
0.4701175293823456,30.347608165295725,15.98918601224931,15.98918601224931,15.98918601224931,16.03174931421274,-0.024231545316901467,0,16.203914175834353
0.48012003000750186,30.36205790144744,15.740395282056813,15.740395282056813,15.740395282056813,15.768278006993153,-0.007814705038807528,0,15.912648033170184
0.49012253063265815,30.37418085319172,15.57106232601947,15.57106232601947,15.57106232601947,15.615452756693847,0.0034251357069580947,0,15.472750237245437
0.5001250312578145,30.37843482381586,15.696886529625218,15.696886529625218,15.696886529625218,15.757498690357734,-0.00448714986687537,0,15.632147430675703
0.5101275318829708,30.38721866577686,15.666671702726182,15.666671702726182,15.666671702726182,15.688178723847596,-0.0022638177280869896,0,15.694086049179637
0.5201300325081271,30.391971197912866,15.779144955302872,15.779144955302872,15.779144955302872,15.795482868014851,-0.009301357695921103,0,15.833285113358436
0.5301325331332833,30.404979990587798,15.583649798046546,15.583649798046546,15.583649798046546,15.5882505763188,0.003629825877848777,0,15.485945503094426
0.5401350337584396,30.40690864233253,15.805814966529002,15.805814966529002,15.805814966529002,15.790043355835468,-0.010510626264549246,0,15.990872207436771
0.5501375343835959,30.41996143754808,15.592595273694148,15.592595273694148,15.592595273694148,15.629375463160804,0.003548861352381613,0,15.708300792535796
0.5601400350087522,30.424643421503454,15.6714738364038,15.6714738364038,15.6714738364038,15.848033011866187,-0.0013377877893803098,0,15.605497633032355
0.5701425356339085,30.434571435640322,15.62890896318715,15.62890896318715,15.62890896318715,15.644107360808917,0.0017076767883656937,0,15.640337265815836
0.5801450362590648,30.44036734674402,15.710601541559242,15.710601541559242,15.710601541559242,15.68722112170028,-0.003319343978217674,0,15.76757709775083
0.5901475368842211,30.4474691265023,15.720878183025123,15.720878183025123,15.720878183025123,15.748701744196168,-0.0037414624126965237,0,15.808721265989796
0.6001500375093773,30.459790127251352,15.565295280039692,15.565295280039692,15.565295280039692,15.524878958617588,0.006594139421679353,0,15.703957160588773
0.6101525381345336,30.463502311487723,15.731106778487087,15.731106778487087,15.731106778487087,15.628183263105305,-0.003865913534399055,0,15.875862677363282
0.6201550387596899,30.473238982708494,15.597196868029352,15.597196868029352,15.597196868029352,15.726974806925769,0.00499744288245319,0,15.58914283941946
0.6301575393848462,30.481347774932345,15.600472313348103,15.600472313348103,15.600472313348103,15.658396668328537,0.005053241048294495,0,15.610449164406706
0.6401600400100025,30.488069900669313,15.584330339401227,15.584330339401227,15.584330339401227,15.856066284107259,0.006301865664153048,0,15.570531066705978
0.6501625406351588,30.48969656848811,15.885009527700173,15.885009527700173,15.885009527700173,15.8675746210254,-0.012816196857954045,0,15.93310325590591
0.660165041260315,30.502496852420446,15.6799283775738,15.6799283775738,15.6799283775738,15.72032021908483,0.0006791603493053652,0,15.681100631978897
0.6701675418854713,30.505607046965217,15.848424664404497,15.848424664404497,15.848424664404497,15.905848617842208,-0.009956546682369479,0,15.87673311160984
0.6801700425106276,30.51871651822962,15.63915315704694,15.63915315704694,15.63915315704694,15.72478255450576,0.0038075906914681297,0,15.639357050111544
0.6901725431357839,30.523044904175993,15.768218544290125,15.768218544290125,15.768218544290125,15.845870062821737,-0.004271262789584162,0,15.952485640018082
0.7001750437609402,30.53126877473585,15.763193996410479,15.763193996410479,15.763193996410479,15.784903570570483,-0.0036808281737416215,0,15.748965070245518
0.7101775443860965,30.533797983403183,16.107826804053513,16.107826804053513,16.107826804053513,15.529159265462987,-0.025539480024749064,0,16.183056495248415
0.7201800450112528,30.54617897843329,15.831644916900741,15.831644916900741,15.831644916900741,15.65807873504781,-0.007547220232832493,0,15.831464439672654
0.730182545636409,30.559822643589534,15.566035210486634,15.566035210486634,15.566035210486634,15.565882471368324,0.009798819773789833,0,15.491782201530743
0.7401850462615653,30.565266930998135,15.613001524250418,15.613001524250418,15.613001524250418,15.76583909545569,0.006988061590874026,0,15.659456170254577
0.7501875468867216,30.570610416032736,15.73357586329656,15.73357586329656,15.73357586329656,15.76010541340154,-0.0005057492148625193,0,15.832664670042876
0.7601900475118779,30.57927683761435,15.70792692377911,15.70792692377911,15.70792692377911,15.694602362134617,0.0014083687464702466,0,15.796368222458579
0.7701925481370342,30.585796433619663,15.747901501912585,15.747901501912585,15.747901501912585,15.754240723009897,-0.0009195145910109619,0,15.760563411723854
0.7801950487621905,30.591234459352826,15.892994809702872,15.892994809702872,15.892994809702872,15.660751050821593,-0.0099619206643813,0,15.94063308778226
0.7901975493873468,30.599407552271224,15.85958380132109,15.85958380132109,15.85958380132109,15.69251803502519,-0.007569537321966394,0,15.836509030322757
0.800200050012503,30.60855240588576,15.720692544055883,15.720692544055883,15.720692544055883,15.894957220049887,0.0015527065641948942,0,15.748885096016158
0.8102025506376594,30.614768446615194,15.917593579222592,15.917593579222592,15.917593579222592,15.529349959153544,-0.010747540748749524,0,15.875666310343327
0.8202050512628157,30.621987322040344,15.83174013032141,15.83174013032141,15.83174013032141,15.861568283877514,-0.005058962688322342,0,15.76157188840227
0.830207551887972,30.63353080282727,15.67249484563586,15.67249484563586,15.67249484563586,15.765262872713947,0.005425454348730013,0,15.696793393239629
0.8402100525131283,30.636349212958347,15.939819152535883,15.939819152535883,15.939819152535883,15.698009361511032,-0.011445855285625632,0,15.97428545163436
0.8502125531382846,30.65084338491951,15.631555306691192,15.631555306691192,15.631555306691192,15.606148956130985,0.008583772570554414,0,15.743204472317439
0.8602150537634409,30.65042128706203,15.925665141511564,15.925665141511564,15.925665141511564,15.944593814140488,-0.010083768348297172,0,15.916365265663488
0.8702175543885972,30.659694214242155,15.928607654542771,15.928607654542771,15.928607654542771,15.702293599217818,-0.0099648438778973,0,15.902082616336937
0.8802200550137534,30.66828103066769,15.84194909363902,15.84194909363902,15.84194909363902,15.831706347936143,-0.004188953637085259,0,15.825981572436742
0.8902225556389097,30.675110908282427,15.88553173835584,15.88553173835584,15.88553173835584,15.833931528493993,-0.006727369028863456,0,15.86881779360686
0.900225056264066,30.684725640370903,15.806558636310642,15.806558636310642,15.806558636310642,15.786097243272389,-0.0014086600976519347,0,15.850110207036174
0.9102275568892223,30.68877980947274,15.933932363809657,15.933932363809657,15.933932363809657,15.953301837610637,-0.009344936734327668,0,15.897235144411376
0.9202300575143786,30.699424377415642,15.835703121963943,15.835703121963943,15.835703121963943,15.808744415031413,-0.0027747260220596674,0,15.7795902456814
0.9302325581395349,30.704852060621104,15.908600065753856,15.908600065753856,15.908600065753856,15.933330048689484,-0.007212751481985599,0,15.990809883646053
0.9402350587646912,30.71382453742071,15.862479135132332,15.862479135132332,15.862479135132332,15.883261523465885,-0.003999335905786969,0,15.768101516920675
0.9502375593898474,30.725858294761462,15.55957668574148,15.55957668574148,15.55957668574148,16.144337856087084,0.015558270597164275,0,15.577528275285943
0.9602400600150037,30.730324967467688,15.798579979691283,15.798579979691283,15.798579979691283,15.914744781464561,0.0005820142470594618,0,15.763182802365261
0.97024256064016,30.736629345973412,15.9379345955193,15.9379345955193,15.9379345955193,15.70844711910456,-0.008026758722925126,0,15.86475534145267
0.9802450612653163,30.747998314636835,15.676332556713776,15.676332556713776,15.676332556713776,15.945326540908589,0.008885385695341195,0,15.625306579872486
0.9902475618904726,30.75026253411848,15.955815341008337,15.955815341008337,15.955815341008337,15.924677776215937,-0.008710250473619494,0,16.013722839807308
1.000250062515629,30.75235621561091,16.186900178331282,16.186900178331282,16.186900178331282,16.07478769841562,-0.023249526834700253,0,16.133831912194708
1.0102525631407853,30.768515404609143,15.829133051024167,15.829133051024167,15.829133051024167,15.881620894891343,-0.00010787802200364688,0,15.986071321401823
1.0202550637659416,30.776656201702686,15.814687061127932,15.814687061127932,15.814687061127932,15.861242979713186,0.001069140021395964,0,15.686520620289068
1.0302575643910978,30.782878327556283,15.897564873195776,15.897564873195776,15.897564873195776,15.836696266298972,-0.00396284534013532,0,15.943833915368154
1.0402600650162541,30.79161792693546,15.851018508112016,15.851018508112016,15.851018508112016,15.822791088762338,-0.0007392288670350106,0,15.807849793530433
1.0502625656414104,30.795965321229534,15.954637735458277,15.954637735458277,15.954637735458277,16.017215491724226,-0.007138936357672918,0,15.882347041961598
1.0602650662665667,30.80730370251296,15.800092038086623,15.800092038086623,15.800092038086623,15.937487501331269,0.0029838632215342313,0,15.87400475100196
1.070267566891723,30.805532762517217,16.18719612211236,16.18719612211236,16.18719612211236,16.199192882883906,-0.021501867991556577,0,16.139378658069006
1.0802700675168793,30.818276776569967,16.0278460118933,16.0278460118933,16.0278460118933,15.923014521595434,-0.01102773763161828,0,16.003136247249966
1.0902725681420355,30.831799282507937,15.669291010281789,15.669291010281789,15.669291010281789,16.127686296881503,0.012023221710918729,0,15.696506204438093
1.1002750687671918,30.83369323676378,15.997393813897821,15.997393813897821,15.997393813897821,16.016648136244623,-0.008602288912225956,0,15.825012848667825
1.1102775693923481,30.84431240169323,15.865500879938114,15.865500879938114,15.865500879938114,15.976813612548257,5.76667448562161e-05,0,15.850335652188903
1.1202800700175044,30.852023218673896,15.892959973230381,15.892959973230381,15.892959973230381,15.895178405478589,-0.0014226285574490015,0,15.787629759780408
1.1302825706426607,30.858710403537824,15.927135271863197,15.927135271863197,15.927135271863197,15.946935175746086,-0.0033585513979337337,0,15.827196022675194
1.140285071267817,30.868598717130656,15.854957230346681,15.854957230346681,15.854957230346681,15.837581202154572,0.001508389213367932,0,15.843811046907941
1.1502875718929733,30.877341756167425,15.748584285547452,15.748584285547452,15.748584285547452,16.002598193614304,0.008488227617936953,0,15.760229591776985
1.1602900725181295,30.87870417562753,16.072139162899294,16.072139162899294,16.072139162899294,15.984916189508622,-0.011837749245229514,0,15.940541258505657
1.1702925731432858,30.890372883969174,15.88787486493321,15.88787486493321,15.88787486493321,15.944749183999825,0.00014063108125402727,0,16.055724447331137
1.1802950737684421,30.899484814794807,15.757635770108054,15.757635770108054,15.757635770108054,16.126018823110794,0.00862929849163947,0,15.759060234673832
1.1902975743935984,30.900922324682895,16.08566137830419,16.08566137830419,16.08566137830419,16.08364104042585,-0.011960917892901341,0,16.081905901187042
1.2003000750187547,30.902785878226613,16.30649163239322,16.30649163239322,16.30649163239322,16.29893295234576,-0.025791650574370554,0,16.23689916872124
1.210302575643911,30.916575651032492,16.098550202499705,16.098550202499705,16.098550202499705,16.01161466222635,-0.012258988411424553,0,16.07554640667815
1.2203050762690673,30.92327456591808,16.144237286298385,16.144237286298385,16.144237286298385,16.02704329721046,-0.01491183340441583,0,16.082587143712196
1.2303075768942235,30.93209441911237,16.20215380973572,16.20215380973572,16.20215380973572,15.687632560742525,-0.01826234523145751,0,16.13738151730703
1.2403100775193798,30.94147905544109,16.040023315974597,16.040023315974597,16.040023315974597,15.9236442382596,-0.007767122909118655,0,15.921185159906061
1.2503125781445361,30.94739432636935,16.155665725618444,16.155665725618444,16.155665725618444,15.846734391498469,-0.014838724042160245,0,16.30139734751629
1.2603150787696924,30.95364373132302,16.15416184905163,16.15416184905163,16.15416184905163,16.071141979477684,-0.014539383703571296,0,16.099952475807054
1.2703175793948487,30.96738462876591,15.924413171670855,15.924413171670855,15.924413171670855,15.856552853989488,0.0003334289660410229,0,16.019271108438566
1.280320080020005,30.972489534783417,15.999352879318975,15.999352879318975,15.999352879318975,16.023299915748606,-0.004205424380445533,0,15.790108332727696
1.2903225806451613,30.982342429705618,15.909125701354723,15.909125701354723,15.909125701354723,15.973335619862794,0.0017752713952092058,0,16.073941909726543
1.3003250812703175,30.990440247195323,15.917951693972997,15.917951693972997,15.917951693972997,15.889479034055485,0.00148246213172059,0,15.855280151070968
1.3103275818954738,30.996323652030632,15.992934042049743,15.992934042049743,15.992934042049743,15.939304281780275,-0.0030306860506638437,0,16.003382456566627
1.32033008252063,31.00135408683809,16.08224151913633,16.08224151913633,16.08224151913633,16.074093330221398,-0.008468127734923326,0,16.101164757570697
1.3303325831457864,31.01361832056931,15.840567995837448,15.840567995837448,15.840567995837448,16.11675533363036,0.00707928157211156,0,15.861947215161171
1.3403350837709427,31.014689938072102,16.139102115527287,16.139102115527287,16.139102115527287,16.217685631269678,-0.011598522352834005,0,16.04072041529429
1.350337584396099,31.02288965394791,16.13456399658941,16.13456399658941,16.13456399658941,16.158606842490023,-0.011046770924458216,0,16.23530098574502
1.3603400850212553,31.033443873169126,16.03164975701136,16.03164975701136,16.03164975701136,16.041478655495947,-0.0042561584528216494,0,16.084219206272756
1.3703425856464115,31.038783728057815,16.223519237922297,16.223519237922297,16.223519237922297,15.822157269105432,-0.016100426963940154,0,16.253323272185064
1.3803450862715678,31.048200808118818,16.072901785853386,16.072901785853386,16.072901785853386,16.018697152374795,-0.006361729776255382,0,16.062035422713063
1.390347586896724,31.057838874050127,15.979889876766649,15.979889876766649,15.979889876766649,16.009280075460865,-0.00022754469211142345,0,15.834643940654354
1.4003500875218804,31.065356912899304,16.006262597727044,16.006262597727044,16.006262597727044,15.959708048719923,-0.0016358278845645714,0,16.15109826608002
1.4103525881470367,31.0714528418684,16.037803467122913,16.037803467122913,16.037803467122913,16.107942471332557,-0.003412685552819123,0,16.03317818262385
1.420355088772193,31.0804280140591,16.002818851221974,16.002818851221974,16.002818851221974,16.0238618584892,-0.000934730779874705,0,16.00355797852164
1.4303575893973492,31.083871186681858,16.19011571587729,16.19011571587729,16.19011571587729,16.10273378707255,-0.012537491313198281,0,16.03507035071803
1.4403600900225055,31.096594980618917,15.995666425985409,15.995666425985409,15.995666425985409,15.93474684612581,3.278328395497531e-05,0,15.918687303929785
1.4503625906476618,31.102768860940063,16.042244414303486,16.042244414303486,16.042244414303486,16.026164903866167,-0.002679963344697459,0,15.972371663660937
1.460365091272818,31.10638068676014,16.20515861141564,16.20515861141564,16.20515861141564,16.152871076668163,-0.012744898155271613,0,16.173953111540992
1.4703675918979744,31.119421311294143,15.975227787531338,15.975227787531338,15.975227787531338,16.043790535039648,0.002043048670385927,0,15.983046860775861
1.4803700925231307,31.126205063662972,16.055684170785376,16.055684170785376,16.055684170785376,15.942073730989584,-0.0027643898177698444,0,15.979749558115792
1.490372593148287,31.133502226195464,16.066481437357826,16.066481437357826,16.066481437357826,15.972321090255841,-0.0032035486179332667,0,16.18670247297943
1.5003750937734432,31.13926792148213,16.163378696321917,16.163378696321917,16.163378696321917,15.973982854824078,-0.009067016760946334,0,15.973424274941493
1.5103775943985995,31.14817073257005,16.074822059316528,16.074822059316528,16.074822059316528,16.06143703665157,-0.00325166288610901,0,16.037938077831097
1.5203800950237558,31.154342811147686,16.203504913419724,16.203504913419724,16.203504913419724,15.906770180011161,-0.01108258783159824,0,16.13619251455932
1.530382595648912,31.163607357679002,16.091468964406847,16.091468964406847,16.091468964406847,16.010391012651684,-0.0037931523065087664,0,16.07018680311659
1.5403850962740684,31.16833237030167,16.155003990231336,16.155003990231336,16.155003990231336,16.268223984798105,-0.007603723673515174,0,16.263792575792444
1.5503875968992247,31.179894561180696,16.06171501228798,16.06171501228798,16.06171501228798,15.970943046092827,-0.0014137130137066305,0,15.827682818490503
1.560390097524381,31.183130247001625,16.293322751758378,16.293322751758378,16.293322751758378,15.947955889521106,-0.015748553096714454,0,16.154964698291078
1.5703925981495372,31.195039049117636,16.03787475524306,16.03787475524306,16.03787475524306,16.085157510723583,0.0005581183885588187,0,15.993713317888654
1.5803950987746935,31.200466578518302,16.119072455476182,16.119072455476182,16.119072455476182,16.184612069407237,-0.004327187690851779,0,16.101825497599446
1.5903975993998498,31.213743617245864,15.86670515584384,15.86670515584384,15.86670515584384,16.107337287071083,0.011817512144926868,0,16.062963319619197
1.600400100025006,31.214534304708515,16.18700059431262,16.18700059431262,16.18700059431262,16.185028514508186,-0.00810503364123748,0,16.20998386842146
1.6104026006501626,31.22335154081579,16.13995865677187,16.13995865677187,16.13995865677187,16.160733358999455,-0.004891470018812118,0,16.187161022888667
1.620405101275319,31.230667340580553,16.218066763190194,16.218066763190194,16.218066763190194,15.98620202807699,-0.009518030588956993,0,16.30947144400566
1.6304076019004752,31.242011885738517,16.035501123538893,16.035501123538893,16.035501123538893,15.989372153821101,0.002208490984231542,0,16.074456269463724
1.6404101025256315,31.246105939286547,16.1351958252083,16.1351958252083,16.1351958252083,16.233325758529887,-0.0038633532496161233,0,16.061590856166266
1.6504126031507877,31.257402580212492,15.954866446458357,15.954866446458357,15.954866446458357,16.236968644511055,0.007714723182088692,0,15.978534142767433
1.660415103775944,31.255308334117423,16.39585082645321,16.39585082645321,16.39585082645321,16.385305892431237,-0.019779861580593645,0,16.273021584025255
1.6704176044011003,31.269183850259598,16.154835019027303,16.154835019027303,16.154835019027303,16.18414574166812,-0.004343427298258568,0,16.182486254429502
1.6804201050262566,31.277142421606428,16.152166772538138,16.152166772538138,16.152166772538138,16.155503156261634,-0.003922026589071394,0,16.295280701384662
1.690422605651413,31.284089864659087,16.232627932112464,16.232627932112464,16.232627932112464,16.029130262957484,-0.0086989532553087,0,16.279515902539117
1.7004251062765692,31.29258073434348,16.173636610799687,16.173636610799687,16.173636610799687,16.08959882087494,-0.0047605161848354996,0,16.276758749273196
1.7104276069017255,31.300372849077004,16.156686627312315,16.156686627312315,16.156686627312315,16.128751431776113,-0.0034576570362270594,0,16.177683217663144
1.7204301075268817,31.309515596497132,16.05367567801455,16.05367567801455,16.05367567801455,16.223493111043243,0.0032312885239324457,0,15.820006452700591
1.730432608152038,31.317405817456056,16.10093022894241,16.10093022894241,16.10093022894241,16.05531286499687,0.0005491340021025011,0,16.18602132795558
1.7404351087771943,31.31995088376568,16.33001730729,16.33001730729,16.33001730729,16.14340288856251,-0.013588870659011302,0,16.461169080578415
1.7504376094023506,31.331272806054102,16.167546065522494,16.167546065522494,16.167546065522494,16.08963409120061,-0.0031418048647741505,0,16.14446523395561
1.7604401100275069,31.332467489209314,16.394316869626902,16.394316869626902,16.394316869626902,16.387215732393187,-0.017173384302742796,0,16.374859802627803
1.7704426106526632,31.348358326013063,16.095239427241253,16.095239427241253,16.095239427241253,16.057909956825227,0.0018888669971253349,0,16.10525916703896
1.7804451112778195,31.35443873593759,16.206925756074707,16.206925756074707,16.206925756074707,15.96787763683723,-0.004842215009820264,0,16.334471476659402
1.7904476119029757,31.35968767054272,16.27405351847835,16.27405351847835,16.27405351847835,16.136238249051043,-0.008835303855384339,0,16.4441944964227
1.800450112528132,31.367709729430306,16.27037362437282,16.27037362437282,16.27037362437282,16.101052289627802,-0.00834924189905837,0,16.439435897989803
1.8104526131532883,31.37776485546502,16.10380699549309,16.10380699549309,16.10380699549309,16.249561319138806,0.0022934729913981766,0,16.10667433221041
1.8204551137784446,31.387325451485058,16.068775552669567,16.068775552669567,16.068775552669567,16.077638162181728,0.004767076357833921,0,15.928468730329723
1.8304576144036009,31.384510177702857,16.529308733018567,16.529308733018567,16.529308733018567,16.27539675101032,-0.023848261293464037,0,16.573695366752936
1.8404601150287572,31.402017651093725,16.06423860093853,16.06423860093853,16.06423860093853,16.201545270103576,0.005513588737925757,0,15.982971959329515
1.8504626156539135,31.40052971954231,16.46267378887996,16.46267378887996,16.46267378887996,16.386494175370593,-0.019200571819179165,0,16.37160045768648
1.8604651162790697,31.413315553973437,16.24253767237166,16.24253767237166,16.24253767237166,16.286086530466065,-0.0051627049949065345,0,16.36313284918336
1.870467616904226,31.414825744418486,16.485609725676102,16.485609725676102,16.485609725676102,16.487399280706285,-0.020156074314955058,0,16.509089876469744
1.8804701175293823,31.42943585788859,16.223961944869874,16.223961944869874,16.223961944869874,16.23786194241951,-0.0034981907863564673,0,16.207402463838974
1.8904726181545386,31.437221821171402,16.21804530926828,16.21804530926828,16.21804530926828,16.244767901454345,-0.0028837872685392387,0,16.16050842784856
1.9004751187796949,31.445808673150395,16.180106463165494,16.180106463165494,16.180106463165494,16.227594658686915,-0.0002645278208548566,0,16.285586466616092
1.9104776194048512,31.451562151278942,16.273080599874195,16.273080599874195,16.273080599874195,16.242682963613454,-0.005828217180272641,0,16.17616637397287
1.9204801200300075,31.46040617317936,16.204878750354176,16.204878750354176,16.204878750354176,16.27772050562331,-0.0013311372166854329,0,16.39847564714873
1.9304826206551637,31.464333684913495,16.35883414398165,16.35883414398165,16.35883414398165,16.383758957456987,-0.010718164076315215,0,16.278943854603945
1.94048512128032,31.471640883649552,16.392487377257527,16.392487377257527,16.392487377257527,16.34374848581593,-0.012562248635230321,0,16.386146899117094
1.9504876219054763,31.481771820199146,16.314791468333844,16.314791468333844,16.314791468333844,16.214211824244284,-0.007438678978404809,0,16.241628319566953
1.9604901225306326,31.49028273629673,16.271417743183346,16.271417743183346,16.271417743183346,16.224709949378703,-0.004488792864624477,0,16.284098656525476
1.9704926231557889,31.496322790857768,16.32269174784376,16.32269174784376,16.32269174784376,16.32189624644759,-0.007460869908874235,0,16.061817326339288
1.9804951237809452,31.507404470449664,16.197873840925475,16.197873840925475,16.197873840925475,16.19110945135628,0.0005947085774110378,0,16.274218630170765
1.9904976244061015,31.50835870594509,16.448431133769837,16.448431133769837,16.448431133769837,16.453303484161246,-0.014833886539932232,0,16.59715112682146
2.000500125031258,31.518389052898296,16.49258912638134,16.49258912638134,16.49258912638134,15.973269535214332,-0.017234516899812143,0,16.524286286861972
2.010502625656414,31.531192098111834,16.13386603727602,16.13386603727602,16.13386603727602,16.28598298131164,0.005294963829078899,0,16.0362580269423
2.0205051262815705,31.536470376449156,16.311639870935508,16.311639870935508,16.311639870935508,16.117913311577787,-0.0054970493076781585,0,16.41908752516682
2.0305076269067266,31.546302014317646,16.19117426177379,16.19117426177379,16.19117426177379,16.161544373514587,0.0022398583959960324,0,16.275577254117763
2.040510127531883,31.55281340031574,16.18644734862485,16.18644734862485,16.18644734862485,16.356003093641085,0.002736990628802842,0,16.15689532868872
2.050512628157039,31.56231695399169,16.153098744443497,16.153098744443497,16.153098744443497,16.1874971274675,0.0050912927282166145,0,16.05270432823783
2.0605151287821957,31.56642114867471,16.28210746706855,16.28210746706855,16.28210746706855,16.341816242818197,-0.0027242799207904613,0,16.220833565954084
2.0705176294073517,31.573070001437163,16.319968613704862,16.319968613704862,16.319968613704862,16.387877930360567,-0.004844286082985705,0,16.40903728098545
2.0805201300325082,31.582589082265457,16.272278039925375,16.272278039925375,16.272278039925375,16.260057038514304,-0.0016059300020452314,0,16.24609466367213
2.0905226306576643,31.587909476547612,16.361386327419172,16.361386327419172,16.361386327419172,16.351658702620565,-0.006921177994307657,0,16.228340779787878
2.100525131282821,31.59709066303984,16.301048743376843,16.301048743376843,16.301048743376843,16.312448118766497,-0.0029163474279146825,0,16.322839439801168
2.110527631907977,31.594291542853018,16.697470553791536,16.697470553791536,16.697470553791536,16.700002481921405,-0.027397076226371025,0,16.83022446687228
2.1205301325331334,31.607104687277523,16.51747461280108,16.51747461280108,16.51747461280108,16.474956337977204,-0.015909902693814145,0,16.36574732968463
2.1305326331582894,31.619791594042407,16.31361376728796,16.31361376728796,16.31361376728796,16.340443546272688,-0.0029688231589444646,0,16.333150073233824
2.140535133783446,31.631147168148207,16.160257542689447,16.160257542689447,16.160257542689447,16.254125921916064,0.0068162720755517965,0,16.333405147419892
2.150537634408602,31.63733502782825,16.208886816599836,16.208886816599836,16.208886816599836,16.33699868214661,0.004022432870727861,0,16.265055854817373
2.1605401350337585,31.64191726138863,16.40766674475529,16.40766674475529,16.40766674475529,16.21026303177784,-0.008045874348022338,0,16.431400016935232
2.1705426356589146,31.649715335718042,16.407654628484813,16.407654628484813,16.407654628484813,16.197516087299135,-0.007796760869376666,0,16.4120705508402
2.180545136284071,31.65570857940293,16.512938851771022,16.512938851771022,16.512938851771022,16.13960296973939,-0.014071539334607348,0,16.522956666710392
2.190547636909227,31.661795418503022,16.463575980486983,16.463575980486983,16.463575980486983,16.531582975784076,-0.010845761682958548,0,16.432976409255573
2.2005501375343837,31.674205915334333,16.318823618144513,16.318823618144513,16.318823618144513,16.2611821529319,-0.0015655388005983996,0,16.358541126436137
2.2105526381595397,31.680407870879602,16.328066508114468,16.328066508114468,16.328066508114468,16.460072111772956,-0.0019366360794654785,0,16.413271115077638
2.2205551387846962,31.683335068174284,16.5333086670346,16.5333086670346,16.5333086670346,16.56217247707509,-0.014437147464329139,0,16.363909823371177
2.2305576394098523,31.697196811864778,16.288728359766385,16.288728359766385,16.288728359766385,16.373556361860494,0.0010066783087576163,0,16.241497273760185
2.240560140035009,31.702308603542747,16.408274469137137,16.408274469137137,16.408274469137137,16.405050052592323,-0.006162862361323899,0,16.289674837667935
2.250562640660165,31.710589745666564,16.40983455673695,16.40983455673695,16.40983455673695,16.315093063224865,-0.005995745716335981,0,16.429431101799164
2.2605651412853214,31.719199461835938,16.34883541359777,16.34883541359777,16.34883541359777,16.36353106401063,-0.0019841794013071355,0,16.4237581185603
2.2705676419104774,31.724135411214547,16.540319578421535,16.540319578421535,16.540319578421535,16.20557817871365,-0.013562098498823892,0,16.60097606853312
2.280570142535634,31.73393506160306,16.442466689453685,16.442466689453685,16.442466689453685,16.186067537165968,-0.0072547001261582264,0,16.465227781482582
2.29057264316079,31.741123247792615,16.398910087804524,16.398910087804524,16.398910087804524,16.395390667246666,-0.004358949802099514,0,16.102317324290905
2.3005751437859465,31.746476131966233,16.476183052327908,16.476183052327908,16.476183052327908,16.51751313216971,-0.008921422351945272,0,16.466265135263747
2.3105776444111026,31.757137992562605,16.371983779376606,16.371983779376606,16.371983779376606,16.387701724066552,-0.002204180822651945,0,16.412274098695004
2.320580145036259,31.7657012850214,16.325906363852415,16.325906363852415,16.325906363852415,16.398304244173328,0.00088583952357366,0,16.434567806036966
2.330582645661415,31.770837882766987,16.52258329901242,16.52258329901242,16.52258329901242,16.194646454311705,-0.010986932475661968,0,16.63378528246298
2.3405851462865717,31.781709536404918,16.27330003635758,16.27330003635758,16.27330003635758,16.468609696203714,0.0046068719355095225,0,16.45029587837454
2.3505876469117277,31.78932840627219,16.3190629965494,16.3190629965494,16.3190629965494,16.345342142072894,0.002046911471313662,0,16.283784044067417
2.3605901475368842,31.79486438467482,16.43141817808408,16.43141817808408,16.43141817808408,16.334736020701794,-0.0046489442990635815,0,16.389493276906997
2.3705926481620403,31.799659563664427,16.5444460056611,16.5444460056611,16.5444460056611,16.43321984116924,-0.011407149520406923,0,16.57503682275825
2.380595148787197,31.81001471854543,16.455447128138246,16.455447128138246,16.455447128138246,16.303781344763735,-0.005638931642830993,0,16.4083250847849
2.390597649412353,31.815853117310645,16.519497105690338,16.519497105690338,16.519497105690338,16.392712558952823,-0.00936794795514086,0,16.414919440738696
2.4006001500375094,31.82480134779692,16.458341628489073,16.458341628489073,16.458341628489073,16.390779419849792,-0.005348494594692099,0,16.49668422209679
2.4106026506626654,31.836299049989172,16.30862114157435,16.30862114157435,16.30862114157435,16.272115807358247,0.004156876104249193,0,16.228822582698143
2.420605151287822,31.838841073838317,16.512605515156174,16.512605515156174,16.512605515156174,16.43567852771752,-0.00821839108460184,0,16.53242973955463
2.430607651912978,31.848771602467842,16.4088997532631,16.4088997532631,16.4088997532631,16.414041323689208,-0.0015739859138473654,0,16.41881420801873
2.4406101525381345,31.8555597867928,16.427233658761015,16.427233658761015,16.427233658761015,16.497630067989007,-0.0024793928082645364,0,16.457123987794567
2.4506126531632906,31.86571375351856,16.323218681323077,16.323218681323077,16.323218681323077,16.443393342181007,0.004185584483001556,0,16.2119659946449
2.460615153788447,31.869604691420324,16.49065972318946,16.49065972318946,16.49065972318946,16.514237018188854,-0.0059064996972072,0,16.40447929500662
2.470617654413603,31.881297506539077,16.353955091438767,16.353955091438767,16.353955091438767,16.327233704433162,0.0027981548983009104,0,16.248598683055096
2.4806201550387597,31.87987912061208,16.71301330333396,16.71301330333396,16.71301330333396,16.61961513444801,-0.019141187416692552,0,16.811396960030056
2.4906226556639157,31.89496986156864,16.438622883255512,16.438622883255512,16.438622883255512,16.335971266272825,-0.001934882639736705,0,16.232198417552386
2.5006251562890722,31.897005211179547,16.736517505737112,16.736517505737112,16.736517505737112,16.293775171237066,-0.0200264826037498,0,16.87832360449065
2.5106276569142283,31.911342017060168,16.376922442170013,16.376922442170013,16.376922442170013,16.37883756988869,0.002337876904135615,0,16.621817206770302
2.520630157539385,31.919589349668204,16.3359049187041,16.3359049187041,16.3359049187041,16.421566383279202,0.005093743090686773,0,16.45866256658489
2.530632658164541,31.921478265349315,16.57057766370402,16.57057766370402,16.57057766370402,16.590994442149505,-0.009138822158119479,0,16.5457985623031
2.5406351587896974,31.93361484209313,16.416012311668272,16.416012311668272,16.416012311668272,16.390981557187345,0.0006540727792105397,0,16.529209560940664
2.5506376594148534,31.939410287219125,16.527070871449624,16.527070871449624,16.527070871449624,16.34526185955002,-0.005924201016155333,0,16.406981999579724
2.56064016004001,31.943044816191758,16.640179015501257,16.640179015501257,16.640179015501257,16.617514858841613,-0.012693316879333895,0,16.56743694157333
2.5706426606651664,31.954911435593782,16.473074834266317,16.473074834266317,16.473074834266317,16.495594252154774,-0.002151345102567488,0,16.37083709473341
2.5806451612903225,31.963255051082143,16.41086078906498,16.41086078906498,16.41086078906498,16.587448408925084,0.0018941023698325382,0,16.4545882270605
2.590647661915479,31.96926343443841,16.53313726292245,16.53313726292245,16.53313726292245,16.476115955240573,-0.0053537487666498245,0,16.336747451272117
2.600650162540635,31.97310973380639,16.70359472655978,16.70359472655978,16.70359472655978,16.544549884848205,-0.015596806778495828,0,16.805913225552363
2.6106526631657916,31.974184973272116,16.90970842909933,16.90970842909933,16.90970842909933,16.921658689640566,-0.02809417077082272,0,16.892896013920414
2.6206551637909477,31.990869582789788,16.673680403216725,16.673680403216725,16.673680403216725,16.283791469848314,-0.013215180661764846,0,16.57212583261335
2.630657664416104,31.994404181288715,16.7198273890344,16.7198273890344,16.7198273890344,16.77189775617636,-0.01590716489390988,0,16.86094476631687
2.64066016504126,32.010417695916004,16.387733050611715,16.387733050611715,16.387733050611715,16.522881451884917,0.0047692175396481535,0,16.456127021302706
2.6506626656664167,32.014933012752024,16.565470345652137,16.565470345652137,16.565470345652137,16.469100839424577,-0.0058829215454150475,0,16.43057893597601
2.660665166291573,32.0229119529394,16.526554460375568,16.526554460375568,16.526554460375568,16.545734990284455,-0.0032698437351539483,0,16.55174485229111
2.6706676669167293,32.02981608744699,16.53112229654033,16.53112229654033,16.53112229654033,16.65312156278791,-0.0033308232784149978,0,16.50396110884673
2.6806701675418854,32.04086928127234,16.40204583828755,16.40204583828755,16.40204583828755,16.539091456148803,0.00484669034033075,0,16.439050295774447
2.690672668167042,32.04498241755133,16.547117239568937,16.547117239568937,16.547117239568937,16.64361410140068,-0.0038262931329783195,0,16.565986480024087
2.700675168792198,32.05009003004533,16.66109173883314,16.66109173883314,16.66109173883314,16.692255552840066,-0.01057944954065444,0,16.61448390723604
2.7106776694173544,32.05974490506316,16.619867197415086,16.619867197415086,16.619867197415086,16.52440307674416,-0.007775387092128711,0,16.460076729172588
2.7206801700425105,32.067518772748855,16.637826934884487,16.637826934884487,16.637826934884487,16.461143210990503,-0.008619837120091995,0,16.591237894870634
2.730682670667667,32.077391482552116,16.542346534735444,16.542346534735444,16.542346534735444,16.42338021700446,-0.0025229664019784568,0,16.614262646474128
2.740685171292823,32.077544034603555,16.798081807094153,16.798081807094153,16.798081807094153,16.78997903967284,-0.01801656005098298,0,16.745536180102924
2.7506876719179796,32.09035406539052,16.638440731404614,16.638440731404614,16.638440731404614,16.504077824579266,-0.007939292783772289,0,16.676688746085883
2.7606901725431356,32.087941546723755,16.99204705833122,16.99204705833122,16.99204705833122,16.961815449914706,-0.029437785321837957,0,17.016520550612736
2.770692673168292,32.1054094385058,16.701135607790533,16.701135607790533,16.701135607790533,16.371041034549776,-0.011262842909124002,0,16.606692563927506
2.780695173793448,32.11494278974963,16.553146635688574,16.553146635688574,16.553146635688574,16.541678344896688,-0.0020044958650685747,0,16.563893433846104
2.7906976744186047,32.12560989078948,16.42458962991894,16.42458962991894,16.42458962991894,16.483943370940587,0.006107515184740682,0,16.476436628022924
2.800700175043761,32.12287375518289,16.827520502178928,16.827520502178928,16.827520502178928,16.842243411704825,-0.018361560847518475,0,16.886649489514543
2.8107026756689173,32.135492392359915,16.642591500818373,16.642591500818373,16.642591500818373,16.660878367994002,-0.006774611777312148,0,16.661488507593777
2.8207051762940734,32.14196519128691,16.7197934706571,16.7197934706571,16.7197934706571,16.615007981476765,-0.011241170647787228,0,16.912294600962323
2.83070767691923,32.146386091734094,16.83318453703098,16.83318453703098,16.83318453703098,16.76833977630504,-0.0179592395427174,0,16.818969141359446
2.840710177544386,32.16311920671731,16.480037537579435,16.480037537579435,16.480037537579435,16.474464617252757,0.00391523697852608,0,16.38975559675997
2.8507126781695424,32.16677535415096,16.633816455936856,16.633816455936856,16.633816455936856,16.621351493649794,-0.005265179189571252,0,16.58175188188899
2.8607151787946985,32.17317673865222,16.663762399880518,16.663762399880518,16.663762399880518,16.72794870510045,-0.0068745889941851076,0,16.724138795020366
2.870717679419855,32.18603034942015,16.470897163128495,16.470897163128495,16.470897163128495,16.535141136370758,0.005176353296434129,0,16.656138755050996
2.880720180045011,32.185573722453604,16.828630516626284,16.828630516626284,16.828630516626284,16.687066336434846,-0.016444758960398733,0,16.8223982230605
2.8907226806701676,32.19840280429024,16.639964002305042,16.639964002305042,16.639964002305042,16.48533184691712,-0.004648901906737565,0,16.50626419371375
2.9007251812953236,32.20827580257176,16.512124523218343,16.512124523218343,16.512124523218343,16.544521907114028,0.003375086890761648,0,16.399230076854614
2.91072768192048,32.21266520635071,16.64257537184165,16.64257537184165,16.64257537184165,16.651380848978842,-0.004361679345978796,0,16.655507621832168
2.920730182545636,32.21763770479132,16.790830989372154,16.790830989372154,16.790830989372154,16.61734890184827,-0.013152352833278222,0,16.814207901879342
2.9307326831707927,32.230898148194846,16.483674527119433,16.483674527119433,16.483674527119433,16.706358275998067,0.005790557452557926,0,16.39636436373301
2.940735183795949,32.23448240331925,16.76168673736388,16.76168673736388,16.76168673736388,16.491293520886735,-0.010865278050193687,0,16.71460174553092
2.9507376844211053,32.242339224008006,16.660116135039505,16.660116135039505,16.660116135039505,16.774078247721516,-0.004494914016687699,0,16.55930701254359
2.9607401850462614,32.24995896327219,16.682696859914692,16.682696859914692,16.682696859914692,16.719975776080837,-0.005618727534144504,0,16.493160865478576
2.970742685671418,32.26149145923518,16.56805010702258,16.56805010702258,16.56805010702258,16.490633299376054,0.0016490883953863937,0,16.46791223102288
2.980745186296574,32.26581160254204,16.671832672911236,16.671832672911236,16.671832672911236,16.68785608098654,-0.004470090985904323,0,16.736689012539845
2.9907476869217304,32.273149654329416,16.663746213990432,16.663746213990432,16.663746213990432,16.767989300568406,-0.003754606754092483,0,16.574113621913845
3.0007501875468865,32.280279257635435,16.71930175576494,16.71930175576494,16.71930175576494,16.68846479548583,-0.006878607021935349,0,16.68168868861825
3.010752688172043,32.28813797382674,16.713688257918342,16.713688257918342,16.713688257918342,16.68307960367735,-0.00629556277699546,0,16.689779776013584
3.020755188797199,32.2965663248227,16.65613485893907,16.65613485893907,16.65613485893907,16.748051942388198,-0.0025686891950209923,0,16.708231577552464
3.0307576894223556,32.30457502590034,16.676528609913017,16.676528609913017,16.676528609913017,16.642140107878173,-0.003547379641387982,0,16.66018894858253
3.0407601900475116,32.3144401805558,16.608676292689164,16.608676292689164,16.608676292689164,16.522485163303458,0.0008409078856458891,0,16.534450945778527
3.050762690672668,32.31516762962761,16.864496864495994,16.864496864495994,16.864496864495994,16.802464664557814,-0.014526128421572354,0,17.095716670756545
3.060765191297824,32.32965389899201,16.556715356193184,16.556715356193184,16.556715356193184,16.70943058359031,0.004435532993965269,0,16.407250146454633
3.0707676919229807,32.334987037434765,16.66138844873978,16.66138844873978,16.66138844873978,16.75198669355041,-0.0016932775278981807,0,16.60740309534329
3.0807701925481368,32.339146839079554,16.981302059752075,16.981302059752075,16.981302059752075,16.324820899783155,-0.02079536508569261,0,16.766732981078892
3.0907726931732933,32.35260300639406,16.564492842909047,16.564492842909047,16.564492842909047,16.713361259266367,0.004674397288805052,0,16.57072895719886
3.1007751937984493,32.36069395448772,16.574418181443722,16.574418181443722,16.574418181443722,16.626478080075533,0.004327008869403678,0,16.537697550898145
3.110777694423606,32.36424010244283,16.75092654738417,16.75092654738417,16.75092654738417,16.72156181151506,-0.006166098911648688,0,16.810918352012965
3.120780195048762,32.36656034209821,17.00748871838086,17.00748871838086,17.00748871838086,16.760371696746017,-0.02150360492674654,0,16.92538332806067
3.1307826956739184,32.37834085986712,16.790600607383563,16.790600607383563,16.790600607383563,16.800471629351417,-0.008109949858857546,0,16.846761255066042
3.1407851962990745,32.3923774908503,16.563661963154104,16.563661963154104,16.563661963154104,16.532302764809124,0.005946418552732928,0,16.667941919127436
3.150787696924231,32.398611198766666,16.61196444322278,16.61196444322278,16.61196444322278,16.608855172649182,0.003239408025785081,0,16.62637859324043
3.160790197549387,32.39952764849012,16.868510388464053,16.868510388464053,16.868510388464053,16.85824789178044,-0.012125378831018522,0,16.98081988773313
3.1707926981745436,32.41183687888143,16.69668413109789,16.69668413109789,16.69668413109789,16.683850268010563,-0.00143518777250102,0,16.65383411086327
3.1807951987996996,32.417143118822295,16.78289111341711,16.78289111341711,16.78289111341711,16.785791935977304,-0.00644095023720137,0,16.621232004527723
3.190797699424856,32.42634539555249,16.725199856779096,16.725199856779096,16.725199856779096,16.73502235370437,-0.0026966691731491925,0,16.904348139762053
3.200800200050012,32.43038895914897,16.862604978097867,16.862604978097867,16.862604978097867,16.87275101880226,-0.01080823047527462,0,16.719024234318542
3.2108027006751687,32.443630751504465,16.673289940583782,16.673289940583782,16.673289940583782,16.6109134156958,0.0009479551547466813,0,16.41179313304967
3.220805201300325,32.44643268436793,16.926801446755718,16.926801446755718,16.926801446755718,16.58657473863347,-0.014154694064301782,0,17.05784979396744
3.2308077019254813,32.457088692342055,16.72079304697763,16.72079304697763,16.72079304697763,16.76267491565983,-0.0014829731476752829,0,16.552778693432675
3.240810202550638,32.46257550798703,16.83146489457473,16.83146489457473,16.83146489457473,16.76411295221723,-0.007941213629301194,0,16.867716772493978
3.250812703175794,32.47541671336465,16.602527613048007,16.602527613048007,16.602527613048007,16.68122626342423,0.006161677165391704,0,16.48788002467504
3.2608152038009504,32.481680775655406,16.648431516041917,16.648431516041917,16.648431516041917,16.760379717113086,0.003606029788880267,0,16.61631905649594
3.2708177044261064,32.48652058907256,16.78504164024419,16.78504164024419,16.78504164024419,16.781038297793195,-0.004420305928682603,0,16.845095222777992
3.280820205051263,32.49532114299214,16.772897731893263,16.772897731893263,16.772897731893263,16.65385409535624,-0.0034217863956190597,0,16.728178737363976
3.290822705676419,32.503150951657325,16.790293531535337,16.790293531535337,16.790293531535337,16.583652816256322,-0.0042205038475008685,0,16.87665892036214
3.3008252063015755,32.50985228534586,16.77974614914035,16.77974614914035,16.77974614914035,16.766541357194935,-0.003382796932379815,0,16.785430306707713
3.3108277069267316,32.5199893212597,16.619162080031785,16.619162080031785,16.619162080031785,16.884178109056588,0.006529468247367985,0,16.524120646230955
3.320830207551888,32.52466789947422,16.857826506486155,16.857826506486155,16.857826506486155,16.622847027641487,-0.007592601095824337,0,16.866976675570154
3.330832708177044,32.531601840555865,16.899086388697224,16.899086388697224,16.899086388697224,16.61542111168074,-0.009843416276917885,0,16.898780266581365
3.3408352088022006,32.53984661924683,16.80189185969365,16.80189185969365,16.80189185969365,16.826721808717085,-0.003780938411825775,0,16.799274808093816
3.3508377094273567,32.547915616907616,16.79650682758797,16.79650682758797,16.79650682758797,16.7889644071912,-0.003210456151886946,0,16.794753453700807
3.360840210052513,32.55465448293384,16.826359175202096,16.826359175202096,16.826359175202096,16.845009656619467,-0.004785421812438527,0,16.739801969918943
3.3708427106776693,32.56510512734529,16.730563650178535,16.730563650178535,16.730563650178535,16.721230408511897,0.0012556198187698318,0,16.909498661837404
3.380845211302826,32.57489993041911,16.641836516547528,16.641836516547528,16.641836516547528,16.674615923580674,0.006850972458162889,0,16.57639741440854
3.390847711927982,32.58080246201507,16.712639500223887,16.712639500223887,16.712639500223887,16.7332405461349,0.0028062928679068377,0,16.870378379886454
3.4008502125531384,32.582179635446785,17.036516463570052,17.036516463570052,17.036516463570052,16.711443163770134,-0.016475520537287666,0,16.982918907944402
3.4108527131782944,32.58971793306781,16.93363116128741,16.93363116128741,16.93363116128741,17.045760999907866,-0.010103218602601733,0,16.884244016795346
3.420855213803451,32.59851108219178,17.03060207398576,17.03060207398576,17.03060207398576,16.5922807321673,-0.01561357659413451,0,17.050956142149765
3.430857714428607,32.607257252370076,16.976138211699563,16.976138211699563,16.976138211699563,16.600151340921688,-0.012094100037966835,0,16.831368711373592
3.4408602150537635,32.60385848906887,17.302164310990975,17.302164310990975,17.302164310990975,17.28827278089528,-0.0316388605306773,0,17.295783441017804
3.4508627156789196,32.62339727704154,16.893325853184344,16.893325853184344,16.893325853184344,16.740346364572837,-0.006658662177458073,0,16.681426402477083
3.460865216304076,32.63153038103883,16.843271268813627,16.843271268813627,16.843271268813627,16.826934039701097,-0.003425795977985216,0,16.866327424849164
3.470867716929232,32.63759208680445,16.928021997538362,16.928021997538362,16.928021997538362,16.819805560040987,-0.008287458084859213,0,16.75576638834057
3.4808702175543886,32.649558693505654,16.687036538450748,16.687036538450748,16.687036538450748,16.904150229975848,0.006430704461532629,0,16.54281339768172
3.4908727181795447,32.65696511932954,16.713790710042186,16.713790710042186,16.713790710042186,16.869291407471604,0.0050634214907388925,0,16.983802895822684
3.500875218804701,32.66204307088562,16.889717938401542,16.889717938401542,16.889717938401542,16.73618779540676,-0.005252843522207916,0,16.73261251414764
3.5108777194298573,32.66861778633703,16.871365228506185,16.871365228506185,16.871365228506185,16.96140214780198,-0.0039584233016765015,0,16.78257008035912
3.5208802200550138,32.67948845938061,16.64550868206695,16.64550868206695,16.64550868206695,17.16473417505606,0.009811034277386844,0,16.64118276649146
3.53088272068017,32.67587553755022,17.198921498106007,17.198921498106007,17.198921498106007,17.20277722166679,-0.02322287749859491,0,17.175952172639004
3.5408852213053263,32.694898818641555,16.64774202279417,16.64774202279417,16.64774202279417,17.159167291145117,0.01014495650130496,0,16.71834514949686
3.5508877219304824,32.70125733600584,16.804733092588034,16.804733092588034,16.804733092588034,16.890762488437375,0.001004738248352344,0,16.64939791984725
3.560890222555639,32.7034307081375,17.03386442246913,17.03386442246913,17.03386442246913,17.033700362258404,-0.0125491950005224,0,17.033299331900256
3.570892723180795,32.725270196587466,16.19445636879545,16.19445636879545,16.19445636879545,17.432357773248967,0.03799042783086805,0,16.00881615110854
3.5808952238059515,32.72381587670944,16.83886122963748,16.83886122963748,16.83886122963748,16.87362933818361,-0.00033401831091485506,0,16.866722522841034
3.5908977244311076,32.72823648668704,16.973772729268973,16.973772729268973,16.973772729268973,16.96213184521494,-0.00821241007352098,0,17.019600133332084
3.600900225056264,32.73962030187389,16.7842507458647,16.7842507458647,16.7842507458647,16.97944977071709,0.003391513123521349,0,16.87417560953557
3.61090272568142,32.74183665195805,17.13323076793502,17.13323076793502,17.13323076793502,16.756367920814444,-0.017261217411694285,0,17.23975444476325
3.6209052263065766,32.75484183483952,16.843950057982976,16.843950057982976,16.843950057982976,16.829750838738036,0.00031149355481719184,0,16.98269982772914
3.6309077269317327,32.761955449377886,16.86541228138685,16.86541228138685,16.86541228138685,16.854633941949167,-0.0007449502114080744,0,16.73432328179291
3.640910227556889,32.77136899622648,16.748374427336998,16.748374427336998,16.748374427336998,16.95003147961201,0.00648520693498723,0,16.665014520666762
3.6509127281820453,32.778272383866316,16.82749195972007,16.82749195972007,16.82749195972007,16.833469913993337,0.002002180389555905,0,16.84253749838913
3.6609152288072018,32.7723132398828,17.34383525204725,17.34383525204725,17.34383525204725,17.334601535365305,-0.028807929522293017,0,17.137688625438386
3.670917729432358,32.78870584134138,17.085844476634872,17.085844476634872,17.085844476634872,16.805973195670056,-0.012997640812632041,0,17.05224393025432
3.6809202300575143,32.80317088068927,16.70206005471448,16.70206005471448,16.70206005471448,16.943878587326072,0.010193104061204127,0,16.730051521656453
3.6909227306826704,32.80745150690199,16.816339767930437,16.816339767930437,16.816339767930437,17.11524091457433,0.0035506262356498576,0,16.930630442324123
3.700925231307827,32.81227372695108,17.01689252333242,17.01689252333242,17.01689252333242,16.946533170383248,-0.008184904851216049,0,16.770214691146855
3.710927731932983,32.81795549242958,17.07601073049393,17.07601073049393,17.07601073049393,17.073195198109296,-0.011512276190933748,0,17.01923239679402
3.7209302325581395,32.83069324593908,16.822851050814243,16.822851050814243,16.822851050814243,17.078280041542005,0.003870487966985255,0,16.7174551971459
3.7309327331832955,32.834977943308914,17.04323357781538,17.04323357781538,17.04323357781538,16.930698194873976,-0.009047307187995847,0,17.10826632777913
3.740935233808452,32.844316390239264,16.94928072224024,16.94928072224024,16.94928072224024,16.968051154864646,-0.003199498279921323,0,16.932767230944087
3.750937734433608,32.8543491983309,16.82501075212079,16.82501075212079,16.82501075212079,16.992197636981103,0.004459936044495558,0,16.921525383017933
3.7609402350587646,32.86038366372773,16.908523072506885,16.908523072506885,16.908523072506885,16.99274238903399,-0.00029778073578769627,0,17.031185134638186
3.7709427356839207,32.871915933088026,16.768006502628392,16.768006502628392,16.768006502628392,16.84070907898706,0.008363105227514517,0,16.825901251499005
3.780945236309077,32.876007020455376,16.876327246671657,16.876327246671657,16.876327246671657,17.058353283979077,0.002081361428201868,0,16.901308113049716
3.7909477369342333,32.88584331659931,16.843882818722637,16.843882818722637,16.843882818722637,16.836478894732352,0.004297749510080679,0,16.78284647189919
3.8009502375593898,32.890364886072256,16.98439442103537,16.98439442103537,16.98439442103537,16.8929435697651,-0.0038703696009892807,0,16.930188778798225
3.810952738184546,32.89871208498481,16.972279362974817,16.972279362974817,16.972279362974817,16.83344400218114,-0.002899779067089289,0,17.009290432728832
3.8209552388097023,32.90956148488697,16.756586284183754,16.756586284183754,16.756586284183754,17.009349509807564,0.010172051322758604,0,16.855195990290273
3.8309577394348584,32.910571925240426,17.102116771056465,17.102116771056465,17.102116771056465,16.977429986361532,-0.010207755685816448,0,17.272593456082674
3.840960240060015,32.915816717551984,17.155030752414433,17.155030752414433,17.155030752414433,17.188185239548655,-0.013171876270367247,0,17.096667802501575
3.8509627406851714,32.92379041874282,17.122097809539845,17.122097809539845,17.122097809539845,17.24714867340981,-0.01098195919740783,0,17.129990651912696
3.8609652413103275,32.93213206774038,17.167919626497984,17.167919626497984,17.167919626497984,17.014644777610265,-0.01343076376779647,0,17.22516071708377
3.870967741935484,32.940142534584766,17.134657575693655,17.134657575693655,17.134657575693655,17.06907458053981,-0.011221317338733994,0,17.21119127165175
3.88097024256064,32.9530344810259,16.906040708395405,16.906040708395405,16.906040708395405,16.97734081124247,0.0026611007236897752,0,16.996144368689645
3.8909727431857966,32.957354756802665,17.05127967096662,17.05127967096662,17.05127967096662,17.04978762410536,-0.005775127432433113,0,16.916172924026473
3.9009752438109526,32.959469987549575,17.277512619814072,17.277512619814072,17.277512619814072,17.210001737794347,-0.019054145761634292,0,17.15744307634342
3.910977744436109,32.972064014270885,17.088303277807398,17.088303277807398,17.088303277807398,17.04470883397907,-0.007509313268333463,0,17.08255251528622
3.920980245061265,32.974265140082565,17.370505954045516,17.370505954045516,17.370505954045516,17.02411591779264,-0.02407933675576473,0,17.23699186176432
3.9309827456864217,32.98600093637568,17.17160013848095,17.17160013848095,17.17160013848095,17.016642436594957,-0.011992655114341158,0,17.306535338238625
3.9409852463115778,32.99584435675776,17.102007524813693,17.102007524813693,17.102007524813693,16.90508927335784,-0.007590600463866465,0,17.10847548502542
3.9509877469367343,33.00392254482479,17.012201972658023,17.012201972658023,17.012201972658023,17.11894159673856,-0.0020542433988058662,0,17.096580331682155
3.9609902475618903,33.009750914875134,17.148575335108372,17.148575335108372,17.148575335108372,16.991736184759446,-0.009908573300628864,0,17.13050356010032
3.970992748187047,33.02019797227771,16.975089252041574,16.975089252041574,16.975089252041574,17.101294386267973,0.0006246015340732936,0,16.915679121970328
3.980995248812203,33.028676216746,16.963093799828993,16.963093799828993,16.963093799828993,17.021698939822468,0.0015871623050959125,0,16.867533657040667
3.9909977494373594,33.03418722455388,17.076298352501382,17.076298352501382,17.076298352501382,17.01159057150465,-0.004908150807727353,0,17.054988576627995
4.001000250062516,33.03871253933525,17.169538167149984,17.169538167149984,17.169538167149984,17.20922891309934,-0.010256745240931257,0,17.187365255072212
4.0110027506876715,33.05316293850285,16.91768207693166,16.91768207693166,16.91768207693166,16.95338730732372,0.004997675449549314,0,16.9037002853557
4.021005251312828,33.05185408936347,17.264346473255678,17.264346473255678,17.264346473255678,17.26586716094684,-0.015431371966806207,0,17.237426953694072
4.0310077519379846,33.0636634976487,17.119174272998734,17.119174272998734,17.119174272998734,17.08610762042221,-0.0065331928228764356,0,17.038097355269603
4.041010252563141,33.060115876479145,17.53243170611209,17.53243170611209,17.53243170611209,17.53460471716342,-0.030941553986824626,0,17.40672752728241
4.051012753188297,33.078123196931024,17.145058491746667,17.145058491746667,17.145058491746667,17.15173952922276,-0.007614413596714305,0,17.145199110121105
4.061015253813453,33.08920335019389,16.99888138938291,16.99888138938291,16.99888138938291,17.084359629891335,0.0013109390629453012,0,17.163513788968974
4.07101775443861,33.09798363167362,16.966251712010468,16.966251712010468,16.966251712010468,17.0213310248254,0.003492366931218439,0,16.980693394469977
4.081020255063766,33.102943676671515,17.094716647520116,17.094716647520116,17.094716647520116,17.04805148101879,-0.003902537712941645,0,17.009996513274633
4.091022755688922,33.11500133556858,16.917286409515583,16.917286409515583,16.917286409515583,16.92781207318865,0.00687895353413765,0,16.834298497038958
4.101025256314078,33.122023025951265,16.934405271900268,16.934405271900268,16.934405271900268,16.979304631927775,0.006084748423102952,0,16.95576375798247
4.111027756939235,33.12551259644096,17.08914597996366,17.08914597996366,17.08914597996366,17.14775936628636,-0.0028916439656451174,0,16.929878193978293
4.121030257564391,33.132410334207364,17.13771210221089,17.13771210221089,17.13771210221089,17.123507344932687,-0.005532407411403032,0,17.113594936183556
4.131032758189547,33.14116263975853,17.07994350461833,17.07994350461833,17.07994350461833,17.140063807830792,-0.0018782543598767367,0,17.035095222245214
4.1410352588147035,33.14754018639662,17.12970337721613,17.12970337721613,17.12970337721613,17.190250675687228,-0.004603755755432149,0,17.160731475430662
4.15103775943986,33.15181793638829,17.249681591627834,17.249681591627834,17.249681591627834,17.344741342312325,-0.011509567242085078,0,17.332984760617972
4.1610402600650165,33.16588403084424,17.024249571263415,17.024249571263415,17.024249571263415,17.067197697244072,0.0021330010152110375,0,17.079849327056923
4.171042760690172,33.172636162098556,17.10240236286792,17.10240236286792,17.10240236286792,16.975993802247057,-0.002243838293494651,0,17.087312215380997
4.181045261315329,33.181726696713234,16.98224966644325,16.98224966644325,16.98224966644325,17.12894071877459,0.005070059996733615,0,16.940440640609594
4.191047761940485,33.18658248107834,17.15565280471874,17.15565280471874,17.15565280471874,17.036429986328493,-0.004941954218648664,0,17.280600260921563
4.201050262565642,33.18804762523432,17.376308317247307,17.376308317247307,17.376308317247307,17.310760837151747,-0.01782255317256768,0,17.268742713868555
4.211052763190797,33.203745783100956,17.087552615807393,17.087552615807393,17.087552615807393,16.97835156128386,-0.00043538768556594415,0,17.180106945999462
4.221055263815954,33.20091863692086,17.450652186196727,17.450652186196727,17.450652186196727,17.469184294167814,-0.02178100012694849,0,17.538964124039552
4.23105776444111,33.21404072791752,17.353879327250556,17.353879327250556,17.353879327250556,16.947237598448787,-0.01571325478079781,0,17.35287554596281
4.241060265066267,33.220203403408995,17.414408818610866,17.414408818610866,17.414408818610866,16.997301497345827,-0.01906693141757014,0,17.40834173631651
4.251062765691422,33.23145220458961,17.171405640892353,17.171405640892353,17.171405640892353,17.195034814259195,-0.004506584917900237,0,17.297031438752587
4.261065266316579,33.23705286369472,17.27634980158885,17.27634980158885,17.27634980158885,17.196147500277114,-0.010475391787047423,0,17.33950747043381
4.271067766941735,33.253013698010655,16.944701789756262,16.944701789756262,16.944701789756262,16.953005500999414,0.00939804799536627,0,17.04070497485848
4.281070267566892,33.25103774724894,17.28578210092126,17.28578210092126,17.28578210092126,17.382169796557413,-0.010601854282612925,0,17.399992956292234
4.2910727681920475,33.25464125831032,17.46200324032524,17.46200324032524,17.46200324032524,17.468996217745076,-0.020793880634906812,0,17.375918519039534
4.301075268817204,33.27256798427874,16.948732019741207,16.948732019741207,16.948732019741207,17.475817728547337,0.009744752435550633,0,16.93838812673631
4.3110777694423605,33.27643067617856,17.30915206654018,17.30915206654018,17.30915206654018,16.971172004575763,-0.011195940598348116,0,17.326635424188424
4.321080270067517,33.2834393154198,17.246206154045467,17.246206154045467,17.246206154045467,17.26472724777562,-0.007306499960535276,0,17.334384162735418
4.331082770692673,33.29290864838848,17.168805593596197,17.168805593596197,17.168805593596197,17.232542295636925,-0.00250051524310284,0,17.190067347757758
4.341085271317829,33.2974864080286,17.29851402061099,17.29851402061099,17.29851402061099,17.31275920323296,-0.009935430079773436,0,17.387762612108162
4.351087771942986,33.310854112974766,17.002342329603696,17.002342329603696,17.002342329603696,17.352112445777944,0.007754248010247531,0,17.17928221747317
4.361090272568142,33.31331232299993,17.364140849939428,17.364140849939428,17.364140849939428,17.053978000303164,-0.013285304234870747,0,17.297278993074038
4.371092773193298,33.318727681512506,17.371321535268166,17.371321535268166,17.371321535268166,17.376120600370193,-0.013539574120626587,0,17.46243152762633
4.381095273818454,33.325603920842084,17.384143833301778,17.384143833301778,17.384143833301778,17.462206494142,-0.014078415269262288,0,17.31058634410442
4.391097774443611,33.33947365918134,17.14141241131881,17.14141241131881,17.14141241131881,17.265920085182717,0.0004969464049414551,0,17.27972526460954
4.401100275068767,33.35183157442711,16.939945256205384,16.939945256205384,16.939945256205384,17.17261036868934,0.012610341816619278,0,17.01137567980763
4.411102775693923,33.35052119934331,17.348492278498473,17.348492278498473,17.348492278498473,17.29951575181873,-0.011242636593790416,0,17.47390170429665
4.4211052763190795,33.3652566389663,17.070528448576624,17.070528448576624,17.070528448576624,17.079059335396607,0.005399309134129523,0,17.093923813072667
4.431107776944236,33.3682856717997,17.330194119600993,17.330194119600993,17.330194119600993,17.00166932003285,-0.00963824452559256,0,17.391294997809215
4.4411102775693925,33.37253191892757,17.369768874704967,17.369768874704967,17.369768874704967,17.401960008300655,-0.011815069184944047,0,17.477976885406484
4.451112778194548,33.383471970486184,17.24630143977965,17.24630143977965,17.24630143977965,17.287310742603392,-0.004293682471738771,0,17.360350253941913
4.461115278819705,33.390381426689125,17.372852525902182,17.372852525902182,17.372852525902182,17.02719945723631,-0.011453714133347153,0,17.281830551797675
4.471117779444861,33.39523492330819,17.43193560353205,17.43193560353205,17.43193560353205,17.277868752902048,-0.014746052575734879,0,17.43272711929173
4.481120280070018,33.40860906246145,17.124432075202193,17.124432075202193,17.124432075202193,17.35021741078361,0.003553368775288881,0,17.13929723318255
4.491122780695174,33.41509022530052,17.18911795741311,17.18911795741311,17.18911795741311,17.33992323661644,-1.661177350787335e-05,0,17.23913754610792
4.50112528132033,33.42375857487936,17.182129534496305,17.182129534496305,17.182129534496305,17.216575282349314,0.0006492016680268024,0,17.0332849171547
4.511127781945486,33.43159230907648,17.192161965469744,17.192161965469744,17.192161965469744,17.16735583009222,0.00029999911791730825,0,17.20538646651395
4.521130282570643,33.43885148184296,17.18359684661032,17.18359684661032,17.18359684661032,17.260109548701944,0.001014963449056231,0,16.899177742248323
4.531132783195799,33.440218262386885,17.439730998714968,17.439730998714968,17.439730998714968,17.44260778913669,-0.01383420393626318,0,17.397585561645702
4.541135283820955,33.45158419865403,17.300402081543393,17.300402081543393,17.300402081543393,17.311610873906062,-0.005392792365079972,0,17.219623151375092
4.551137784446111,33.46041015352584,17.303643436219705,17.303643436219705,17.303643436219705,17.133894999680834,-0.0053159147084311485,0,17.14129276427452
4.561140285071268,33.470310759278306,17.182374320873166,17.182374320873166,17.182374320873166,17.16851995588856,0.0020249312887565094,0,17.144199440322396
4.571142785696424,33.476369597810496,17.24144184782407,17.24144184782407,17.24144184782407,17.238394322499875,-0.0012245459962355067,0,17.241628798611433
4.58114528632158,33.48438774998124,17.213913272595263,17.213913272595263,17.213913272595263,17.274162817053863,0.000613430599639987,0,17.207943144622384
4.5911477869467365,33.49121140527784,17.291700470385475,17.291700470385475,17.291700470385475,17.173156727147948,-0.0036981137425209382,0,17.227908546051108
4.601150287571893,33.501750915609755,17.13556153703116,17.13556153703116,17.13556153703116,17.216543378817196,0.005677890928755953,0,17.167613104096983
4.6111527881970495,33.50895389233601,17.14503894837384,17.14503894837384,17.14503894837384,17.263559633815895,0.005341801396497776,0,17.126397958040286
4.621155288822205,33.51515265327328,17.22791912409809,17.22791912409809,17.22791912409809,17.240995074707353,0.0007184176147334683,0,17.200660036608348
4.631157789447362,33.52306137170243,17.212470781293536,17.212470781293536,17.212470781293536,17.256909652385026,0.0018500151934258756,0,17.174468582493038
4.641160290072518,33.52135057670578,17.608787689402437,17.608787689402437,17.608787689402437,17.48045949376599,-0.02118448926655248,0,17.614572505036556
4.651162790697675,33.53897038569931,17.173440709397948,17.173440709397948,17.173440709397948,17.299402682854023,0.004585759337897739,0,17.164959061003493
4.66116529132283,33.549177280702274,17.086969616807256,17.086969616807256,17.086969616807256,17.1836532922979,0.009899150219102282,0,17.12007517923302
4.671167791947987,33.55049875875947,17.351288955968442,17.351288955968442,17.351288955968442,17.34833499062936,-0.005377177041103961,0,17.104245552878147
4.681170292573143,33.55943360726308,17.302811714977533,17.302811714977533,17.302811714977533,17.30937971213093,-0.0023013608500392435,0,17.474410917265093
4.6911727931983,33.56891252924948,17.231453637133587,17.231453637133587,17.231453637133587,17.257457375291057,0.0021140589109029423,0,17.158711269675276
4.7011752938234554,33.570951894241816,17.445319865328894,17.445319865328894,17.445319865328894,17.46580666384535,-0.010209717169692496,0,17.467134602217605
4.711177794448612,33.581634268832055,17.365086258382938,17.365086258382938,17.365086258382938,17.259993354772355,-0.005243741744511073,0,17.20560525103625
4.7211802950737685,33.58667943914779,17.43656222235276,17.43656222235276,17.43656222235276,17.44463395240729,-0.009229775800481626,0,17.42300253601544
4.731182795698925,33.59175168456022,17.53278768656702,17.53278768656702,17.53278768656702,17.55095930150711,-0.01464608284634938,0,17.61394920543796
4.741185296324081,33.606637780526235,17.279954019798616,17.279954019798616,17.279954019798616,17.232361781828217,0.0004287000125334133,0,17.338529509036853
4.751187796949237,33.61057621136268,17.410016418182114,17.410016418182114,17.410016418182114,17.407229619843754,-0.006976842768440157,0,17.405188918549637
4.761190297574394,33.6193262771947,17.427727182910843,17.427727182910843,17.427727182910843,17.197397237959265,-0.007738863183598818,0,17.314143429318374
4.77119279819955,33.625779458248644,17.43186993736144,17.43186993736144,17.43186993736144,17.372812165499496,-0.007784970466098276,0,17.41097879915442
4.781195298824706,33.633466687358634,17.43478791917278,17.43478791917278,17.43478791917278,17.366787981256145,-0.0077232903146105935,0,17.51975777147368
4.791197799449862,33.64857860054619,16.94772157489879,16.94772157489879,16.94772157489879,17.717023801784602,0.02086887138024714,0,17.025111704171692
4.801200300075019,33.648993856659516,17.47076727568405,17.47076727568405,17.47076727568405,17.24141157526185,-0.00933691297304871,0,17.406264437761376
4.811202800700175,33.654639162229756,17.488562742489716,17.488562742489716,17.488562742489716,17.497017102880875,-0.01019552779978509,0,17.72900308164886
4.821205301325331,33.659156754199756,17.726673533674465,17.726673533674465,17.726673533674465,17.260841443724654,-0.02381214125821505,0,17.63717555550544
4.831207801950487,33.67115197359946,17.41732492964523,17.41732492964523,17.41732492964523,17.545391193326036,-0.005587206810695925,0,17.449687864260788
4.841210302575644,33.683886581894676,17.2449018863652,17.2449018863652,17.2449018863652,17.308250411565137,0.0047440284069421804,0,17.389960957124387
4.8512128032008,33.686901532357965,17.451997396155264,17.451997396155264,17.451997396155264,17.390505540356497,-0.007117941836756514,0,17.474817823778864
4.861215303825956,33.694904550958505,17.431847160507367,17.431847160507367,17.431847160507367,17.40628245137663,-0.005716185626124304,0,17.481443813681697
4.8712178044511125,33.69946588393909,17.630934344452122,17.630934344452122,17.630934344452122,17.280596097187892,-0.017064676444914044,0,17.699370360011763
4.881220305076269,33.7106547754083,17.450559364300986,17.450559364300986,17.450559364300986,17.299157410896584,-0.0063253778431018376,0,17.42804309822314
4.8912228057014255,33.71909489063938,17.38045595623682,17.38045595623682,17.38045595623682,17.39921942732136,-0.002031830584634589,0,17.297648789520697
4.901225306326581,33.728536161805664,17.276979070342183,17.276979070342183,17.276979070342183,17.449247992729568,0.004212719116501638,0,17.216768772979247
4.911227806951738,33.73305611118163,17.406521847047134,17.406521847047134,17.406521847047134,17.538376444489725,-0.0031192655397480062,0,17.3190634973395
4.921230307576894,33.74259867271772,17.382671208241653,17.382671208241653,17.382671208241653,17.33429762031567,-0.0014614806815082169,0,17.461973766647642
4.931232808202051,33.75003606317827,17.35676799214586,17.35676799214586,17.35676799214586,17.452151422260993,0.000251231922562731,0,17.31740728138819
4.941235308827206,33.75948194403757,17.17617571283934,17.17617571283934,17.17617571283934,17.732791252983333,0.010930154641874133,0,17.101729336088532
4.951237809452363,33.76504386901414,17.377500906537083,17.377500906537083,17.377500906537083,17.450259211965108,-0.000498085930502358,0,17.380485156628527
4.961240310077519,33.76800462049661,17.610375353131086,17.610375353131086,17.610375353131086,17.463256819196666,-0.013816779262907045,0,17.601764673315916
4.971242810702676,33.77862268196363,17.462523654453836,17.462523654453836,17.462523654453836,17.46983566141997,-0.004989051918467111,0,17.332905708136632
4.981245311327831,33.78306625130012,17.580708975789566,17.580708975789566,17.580708975789566,17.604465002701204,-0.01165767472689483,0,17.643649500786374
4.991247811952988,33.799405356882396,17.2164037973337,17.2164037973337,17.2164037973337,17.402230743127333,0.00978468027391889,0,17.140378413558395
5.0012503125781445,33.801812394292654,17.514445815717707,17.514445815717707,17.514445815717707,17.3027855206668,-0.007285712037859664,0,17.610390232299768
5.011252813203301,33.80864954077023,17.531963880636766,17.531963880636766,17.531963880636766,17.380371127216062,-0.008089298061368638,0,17.6386708690056
5.021255313828457,33.816558672777695,17.481179005067325,17.481179005067325,17.481179005067325,17.50207288511978,-0.004934071343205722,0,17.390344600759406
5.031257814453613,33.81296329693158,17.90770980988008,17.90770980988008,17.90770980988008,17.91748844351998,-0.029563353105050708,0,17.976256450151205
5.04126031507877,33.831763450486214,17.513482745737416,17.513482745737416,17.513482745737416,17.43583522147817,-0.006338629304416242,0,17.459484126618563
5.051262815703926,33.84179582818334,17.425051194741943,17.425051194741943,17.425051194741943,17.351971617772534,-0.0009604600937850897,0,17.43323265176037
5.061265316329082,33.848294358110714,17.46763356180558,17.46763356180558,17.46763356180558,17.40513818594573,-0.0032139074686718177,0,17.521823345539328
5.071267816954238,33.85657774825728,17.45811097721913,17.45811097721913,17.45811097721913,17.346885147254763,-0.0024216857375943305,0,17.610312419403815
5.081270317579395,33.863890012981216,17.362898355674048,17.362898355674048,17.362898355674048,17.691364395577622,0.003260570758661786,0,17.25858330572673
5.091272818204551,33.87289550485884,17.373017751970593,17.373017751970593,17.373017751970593,17.465855383224056,0.002944802726229698,0,17.49769164420416
5.101275318829707,33.87443803995772,17.74909183770878,17.74909183770878,17.74909183770878,17.26193118266265,-0.018592086806141543,0,17.815514152181247
5.111277819454863,33.88567845549288,17.504975415198185,17.504975415198185,17.504975415198185,17.46388735723227,-0.004249398513343214,0,17.50988159567671
5.12128032008002,33.8938974243028,17.466736360492245,17.466736360492245,17.466736360492245,17.50142545589215,-0.0018126584772772008,0,17.370796653280713
5.131282820705176,33.89035989522633,17.90356269263545,17.90356269263545,17.90356269263545,17.877233442670764,-0.02697421868882978,0,17.969387076022308
5.141285321330333,33.909512350846185,17.417498483020772,17.417498483020772,17.417498483020772,17.618202028767108,0.0014714248715098196,0,17.523606899025594
5.1512878219554885,33.91715188342509,17.44139454646869,17.44139454646869,17.44139454646869,17.55623899883245,0.00032670446881977915,0,17.352313872538673
5.161290322580645,33.9170766187571,17.762344564985188,17.762344564985188,17.762344564985188,17.760324995036985,-0.018071168764443014,0,17.771681586742623
5.1712928232058015,33.924722384328554,17.76580686064812,17.76580686064812,17.76580686064812,17.758706459667085,-0.018040122652679545,0,17.7182922348367
5.181295323830958,33.94376606261153,17.34105490525188,17.34105490525188,17.34105490525188,17.332039971786966,0.006857086110378524,0,17.41609584441964
5.191297824456114,33.949077025540156,17.44176355630634,17.44176355630634,17.44176355630634,17.388894224088315,0.0012456501261820232,0,17.278727204975873
5.20130032508127,33.95408288029017,17.566173919791275,17.566173919791275,17.566173919791275,17.420417464288413,-0.005730068471294483,0,17.43554777141887
5.211302825706427,33.95862557452087,17.646774916294042,17.646774916294042,17.646774916294042,17.652829709492764,-0.010209625887064245,0,17.683060564561412
5.221305326331583,33.968245308647745,17.568161862712167,17.568161862712167,17.568161862712167,17.601320545562302,-0.00542451783394883,0,17.57178529001032
5.231307826956739,33.97619756249676,17.61089556155887,17.61089556155887,17.61089556155887,17.43590063705738,-0.007634268334370561,0,17.517888307291518
5.241310327581895,33.986353616932604,17.424035454196726,17.424035454196726,17.424035454196726,17.62868108257758,0.003355131746683046,0,17.285529191070747
5.251312828207052,33.98657390075877,17.718231466494277,17.718231466494277,17.718231466494277,17.86866174543047,-0.013466143172963083,0,17.684761146219273
5.261315328832208,33.99860777386907,17.592081218048165,17.592081218048165,17.592081218048165,17.59763248574067,-0.005894303535881581,0,17.582247269364657
5.271317829457364,34.00590516880684,17.639652097530973,17.639652097530973,17.639652097530973,17.51589404496529,-0.00839790934473742,0,17.619536601355794
5.28132033008252,34.01800850380393,17.4829631318096,17.4829631318096,17.4829631318096,17.326049744703766,0.0009150499084206266,0,17.56964722995913
5.291322830707677,34.02137605813429,17.616934443396442,17.616934443396442,17.616934443396442,17.574595246786036,-0.00664125106057773,0,17.638165712855546
5.3013253313328335,34.033584902034164,17.454968814018617,17.454968814018617,17.454968814018617,17.38475602189875,0.002971345154295699,0,17.40536882402327
5.311327831957989,34.02637565082674,18.01589749626801,18.01589749626801,18.01589749626801,17.938933563605115,-0.029286959391281956,0,18.003190022048365
5.321330332583146,34.047004059997796,17.516999333377413,17.516999333377413,17.516999333377413,17.496936727808663,-0.00017747946566023785,0,17.560949528963025
5.331332833208302,34.05440707492785,17.49888751964483,17.49888751964483,17.49888751964483,17.596393217495574,0.001073862089503941,0,17.61530041408722
5.341335333833459,34.05968772331848,17.643787924164727,17.643787924164727,17.643787924164727,17.525164482950938,-0.007041638291168286,0,17.546105969243875
5.351337834458614,34.06655445480034,17.664112538009846,17.664112538009846,17.664112538009846,17.589743875001357,-0.007998470155011768,0,17.737169704212352
5.361340335083771,34.075183020559585,17.613665289217227,17.613665289217227,17.613665289217227,17.602364147051773,-0.0048651918194740264,0,17.592638989894862
5.371342835708927,34.07923227103116,17.739624115817637,17.739624115817637,17.739624115817637,17.77265566582284,-0.011930932213632988,0,17.7063836550308
5.381345336334084,34.09179948144378,17.492336048935368,17.492336048935368,17.492336048935368,17.784989241806798,0.002543080847363705,0,17.585618239047633
5.391347836959239,34.10177638473889,17.442823509491554,17.442823509491554,17.442823509491554,17.59253980927769,0.00565740271447116,0,17.590871584195412
5.401350337584396,34.10286986023281,17.733391340326573,17.733391340326573,17.733391340326573,17.712353952375363,-0.010874243337347165,0,17.8542270430872
5.411352838209552,34.11289196015931,17.674431912784822,17.674431912784822,17.674431912784822,17.54145264865425,-0.0072173206124515115,0,17.430007450326862
5.421355338834709,34.1204449855384,17.64817725271365,17.64817725271365,17.64817725271365,17.64278618577974,-0.005498509583226716,0,17.76328621161894
5.4313578394598645,34.12854542151977,17.699285411487345,17.699285411487345,17.699285411487345,17.42992972126662,-0.00817103146258895,0,17.648845975245976
5.441360340085021,34.125086164358386,18.04496931177226,18.04496931177226,18.04496931177226,18.06728002713488,-0.02796576609742413,0,18.092897847731766
5.4513628407101775,34.142229192653645,17.70380898529077,17.70380898529077,17.70380898529077,17.674823947456556,-0.008024533875795294,0,17.67378758477448
5.461365341335334,34.14808845184698,17.85980482711995,17.85980482711995,17.85980482711995,17.483464469431837,-0.016732184961975767,0,17.93078476350722
5.47136784196049,34.15675622972542,17.732070070120617,17.732070070120617,17.732070070120617,17.722008299772305,-0.009204269412312163,0,17.66485606659535
5.481370342585646,34.168832935163095,17.546738672373287,17.546738672373287,17.546738672373287,17.622002971048552,0.0016966618725150102,0,17.435278515434955
5.491372843210803,34.17294238600181,17.760027899345932,17.760027899345932,17.760027899345932,17.521212225963488,-0.01031669577481587,0,17.869404361514345
5.501375343835959,34.18243610892763,17.638957200933643,17.638957200933643,17.638957200933643,17.615867516711326,-0.00315064407183216,0,17.634266173802864
5.511377844461115,34.19242257729992,17.584306393644173,17.584306393644173,17.584306393644173,17.43734342176175,0.0002494982049417466,0,17.55619480984708
5.521380345086271,34.197233502317694,17.66441855083764,17.66441855083764,17.66441855083764,17.630865218696222,-0.004163967254866634,0,17.71033621814566
5.531382845711428,34.209744357377915,17.474793180483196,17.474793180483196,17.474793180483196,17.478598964232226,0.0069789008659191226,0,17.600950500058886
5.541385346336584,34.215873534835616,17.548910562453422,17.548910562453422,17.548910562453422,17.492336399180584,0.0029457497650481434,0,17.454963873244647
5.55138784696174,34.21787601750264,17.85144818008598,17.85144818008598,17.85144818008598,17.43983141277257,-0.014183792247544982,0,17.86382548308979
5.561390347586896,34.224557525208105,17.787957640177126,17.787957640177126,17.787957640177126,17.783543141156546,-0.010379451276604088,0,17.678578699001744
5.571392848212053,34.23171230474622,17.82434996252454,17.82434996252454,17.82434996252454,17.75659978476102,-0.012234971440310336,0,17.791555199378646
5.5813953488372094,34.24274678120732,17.67280573554523,17.67280573554523,17.67280573554523,17.711525077540262,-0.0033054465348767905,0,17.813239488270476
5.591397849462365,34.253644652960396,17.552789515491448,17.552789515491448,17.552789515491448,17.59234140465881,0.003825047996277758,0,17.41566351434311
5.601400350087522,34.25635442129008,17.746417834975695,17.746417834975695,17.746417834975695,17.760441045336048,-0.007084287105339282,0,17.7375051239857
5.611402850712678,34.26312572200448,17.805783937122225,17.805783937122225,17.805783937122225,17.722084633657786,-0.010253537713154494,0,17.80722667018218
5.621405351337835,34.27278350841684,17.718434632592732,17.718434632592732,17.718434632592732,17.690910279354192,-0.005014282464137193,0,17.57557486883765
5.63140785196299,34.276518335914524,17.93332840658584,17.93332840658584,17.93332840658584,17.641448678673637,-0.017092520329711647,0,17.805894223097525
5.641410352588147,34.2857183287102,17.88766614004042,17.88766614004042,17.88766614004042,17.553864112481733,-0.014230550541500908,0,18.084237338121135
5.651412853213303,34.29704156977186,17.661384485120283,17.661384485120283,17.661384485120283,17.689656519843165,-0.0010697677590453501,0,17.435001681238504
5.66141535383846,34.29779010988512,17.94090721162601,17.94090721162601,17.94090721162601,17.89423156941067,-0.016891278057849898,0,17.950153510050068
5.671417854463615,34.31272388952133,17.651472381341417,17.651472381341417,17.651472381341417,17.677883657966113,-5.066399892898978e-05,0,17.58355510311277
5.681420355088772,34.31808065645133,17.792306030846287,17.792306030846287,17.792306030846287,17.607284700930922,-0.00787230119942822,0,17.654689406684753
5.691422855713928,34.31735679747671,18.06545246263074,18.06545246263074,18.06545246263074,18.05182776823553,-0.023366682772503308,0,18.27183860885718
5.701425356339085,34.33549794990709,17.667376078737156,17.667376078737156,17.667376078737156,17.680288338677574,-0.00028778225882631947,0,17.69125195210009
5.7114278569642405,34.3383284851742,17.850788783567758,17.850788783567758,17.850788783567758,17.860862255569224,-0.010588893697563514,0,17.94800098737322
5.721430357589397,34.347491561187056,17.786866637812135,17.786866637812135,17.786866637812135,17.833551912606904,-0.006701426283479642,0,17.72705353702092
5.7314328582145535,34.35697533463483,17.69585696327735,17.69585696327735,17.69585696327735,17.83940612308666,-0.0012739946270011297,0,17.737714251322263
5.74143535883971,34.36395280808945,17.773519349590803,17.773519349590803,17.773519349590803,17.715189386762184,-0.005464121329804391,0,17.86010829786584
5.751437859464866,34.37180329539586,17.76156473936846,17.76156473936846,17.76156473936846,17.728870314590647,-0.004558345588967726,0,17.83609910568781
5.761440360090022,34.38068508105801,17.71534964133902,17.71534964133902,17.71534964133902,17.690630692566717,-0.001685673847638883,0,17.72916637688315
5.771442860715179,34.38724763833274,17.751627927562662,17.751627927562662,17.751627927562662,17.75279322771717,-0.0035454146877743806,0,17.73561607827167
5.781445361340335,34.396191919953424,17.73814064888414,17.73814064888414,17.73814064888414,17.606981288923333,-0.0025221833184102867,0,17.753081568194123
5.791447861965492,34.401621353095635,17.79379768954935,17.79379768954935,17.79379768954935,17.78095778195509,-0.005509082070379027,0,17.9318328707468
5.801450362590647,34.411932144343695,17.63390220503142,17.63390220503142,17.63390220503142,17.869393167946782,0.0038250179388504197,0,17.667576418510993
5.811452863215804,34.4170630142281,17.78110028068063,17.78110028068063,17.78110028068063,17.813518470810322,-0.004340751892550649,0,17.67011974187139
5.82145536384096,34.429774983836424,17.573960322173296,17.573960322173296,17.573960322173296,17.683501846052117,0.007725758232704349,0,17.621385782726612
5.831457864466117,34.43534583411461,17.659887811378425,17.659887811378425,17.659887811378425,17.74544102612714,0.003035367476733717,0,17.778717513937053
5.841460365091272,34.44182335268261,17.75516700068559,17.75516700068559,17.75516700068559,17.643311885006025,-0.002154975823728926,0,17.695409688561814
5.851462865716429,34.444913997669296,17.907649102727664,17.907649102727664,17.907649102727664,17.877608592300597,-0.0106708310567464,0,17.827738406780487
5.861465366341585,34.455664193470795,17.85534556517841,17.85534556517841,17.85534556517841,17.577324798979156,-0.007404517985881193,0,17.868590820738422
5.871467866966742,34.457339841153086,18.094575455243078,18.094575455243078,18.094575455243078,17.763620298940737,-0.020852301633027395,0,18.222747921629452
5.881470367591898,34.474044186750504,17.63640159283686,17.63640159283686,17.63640159283686,17.78780893488007,0.0054788898352760495,0,17.635044120630106
5.891472868217054,34.47745790504785,17.842600303228842,17.842600303228842,17.842600303228842,17.812476989046136,-0.006049085318395466,0,17.87191265536666
5.901475368842211,34.48670461850747,17.71596579997544,17.71596579997544,17.71596579997544,17.960703343909913,0.0013589904826701014,0,17.70815244764982
5.911477869467367,34.49162295151152,17.878636325046088,17.878636325046088,17.878636325046088,17.89025571744756,-0.007666964954065194,0,17.94825133667445
5.921480370092523,34.5028834095859,17.747781222909392,17.747781222909392,17.747781222909392,17.74906477798101,3.468441277290189e-05,0,17.72029424004294
5.931482870717679,34.50162552890593,18.091776625483604,18.091776625483604,18.091776625483604,18.061066855817558,-0.019384252793361197,0,18.129252490391423
5.941485371342836,34.51879142142659,17.699493986800565,17.699493986800565,17.699493986800565,17.81832941965017,0.003214918788188126,0,17.622562127115852
5.951487871967992,34.52539741563806,17.748701924648024,17.748701924648024,17.748701924648024,17.83509723499764,0.0006349202547446466,0,17.576403648318177
5.961490372593148,34.52993129543232,17.960716063124863,17.960716063124863,17.960716063124863,17.674266437286384,-0.011170040507246464,0,18.031790660345738
5.971492873218304,34.5366655008949,17.991572102951036,17.991572102951036,17.991572102951036,17.726842369662435,-0.012709700281590392,0,17.847614465626858
5.981495373843461,34.54871734872447,17.779111154193192,17.779111154193192,17.779111154193192,17.711732591372897,-0.0004015991357088814,0,17.77223668030311
5.991497874468617,34.553206837100916,17.896394344470764,17.896394344470764,17.896394344470764,17.841740327818496,-0.006870093698376206,0,17.896309609447645
6.001500375093773,34.562446765438295,17.83470628778343,17.83470628778343,17.83470628778343,17.796094412623784,-0.003131209394611347,0,17.853991513431286
6.0115028757189295,34.57293115067742,17.684814370501886,17.684814370501886,17.684814370501886,17.828383090654373,0.005601261101575846,0,17.734553505590423
6.021505376344086,34.57663937508057,17.92634727486798,17.92634727486798,17.92634727486798,17.70281882899739,-0.00787178083764109,0,17.83632652288543
6.0315078769692425,34.5869100884944,17.78529424221597,17.78529424221597,17.78529424221597,17.74062885709123,0.0003555704049621029,0,17.861041008177587
6.041510377594398,34.59191284620207,17.903905793718035,17.903905793718035,17.903905793718035,17.789638923476833,-0.00616560343841195,0,17.806656798361384
6.051512878219555,34.59879913448771,17.92048911420638,17.92048911420638,17.92048911420638,17.862199497829668,-0.006897109422841831,0,17.912725467415076
6.061515378844711,34.6105634583161,17.702474027180862,17.702474027180862,17.702474027180862,17.906850008600127,0.00569057333359239,0,17.593400489143246
6.071517879469868,34.61344783360112,17.92851922626395,17.92851922626395,17.92851922626395,17.951298495036877,-0.006921978515628188,0,17.84550299922767
6.081520380095023,34.62471342767275,17.799152926597177,17.799152926597177,17.799152926597177,17.804796632548964,0.0006688903986515822,0,17.828051074239827
6.09152288072018,34.631637716333856,17.861145585920102,17.861145585920102,17.861145585920102,17.735399813363546,-0.002611176041847315,0,17.854316610081238
6.101525381345336,34.640659319621896,17.76448477425013,17.76448477425013,17.76448477425013,17.827366082210588,0.0030744483670760605,0,17.74152604624266
6.111527881970493,34.649435759067,17.742938666488968,17.742938666488968,17.742938666488968,17.730766099022443,0.004535802328940508,0,17.752796683567333
6.121530382595648,34.64991637623317,17.997575123751623,17.997575123751623,17.997575123751623,18.049968821129603,-0.009736521747319198,0,17.955983232513198
6.131532883220805,34.66196528641849,17.8378321383769,17.8378321383769,17.8378321383769,17.87707465227059,-0.0004264152498010644,0,17.778031074191535
6.141535383845961,34.6670673767687,17.963366015330067,17.963366015330067,17.963366015330067,17.890375300055815,-0.007318650703144664,0,18.00964108987645
6.151537884471118,34.677161240021285,17.875649972023492,17.875649972023492,17.875649972023492,17.794646799392133,-0.0021080821779615923,0,17.92151660741758
6.1615403850962736,34.685566355126234,17.74779908866058,17.74779908866058,17.74779908866058,18.072627103471532,0.005300329390264957,0,17.746323800851133
6.17154288572143,34.687368614812094,18.046138062202125,18.046138062202125,18.046138062202125,18.062463969840408,-0.011367935760352275,0,17.97153049132119
6.181545386346587,34.70125978815044,17.795652937716405,17.795652937716405,17.795652937716405,17.885431226857943,0.0030693547692500563,0,18.023091638330325
6.191547886971743,34.70888173342882,17.746664700840313,17.746664700840313,17.746664700840313,18.044297497072996,0.0060320455324149175,0,17.655201172606702
6.201550387596899,34.71288450714749,17.939222968142936,17.939222968142936,17.939222968142936,18.021380408385387,-0.004637037376978535,0,17.728418513063936
6.211552888222055,34.72416004162264,17.753395119293927,17.753395119293927,17.753395119293927,18.042720660160274,0.006092585953458818,0,17.780855460444855
6.221555388847212,34.730130182932825,17.85586807456137,17.85586807456137,17.85586807456137,17.994948651666938,0.0005275720502344048,0,17.81554513793292
6.231557889472368,34.73705934484143,17.922937961832478,17.922937961832478,17.922937961832478,17.909540542628555,-0.0030265098699703338,0,17.958452022993605
6.241560390097524,34.74706584257451,17.77575117112128,17.77575117112128,17.77575117112128,18.0052910675551,0.005497027195910862,0,17.67294393916292
6.25156289072268,34.75449726901712,17.713000175755376,17.713000175755376,17.713000175755376,18.23399247786982,0.009219668029389743,0,17.749312545437284
6.261565391347837,34.75710935385847,18.05085938785441,18.05085938785441,18.05085938785441,17.983750768566086,-0.009602677044644795,0,18.049956072229
6.271567891972993,34.767071392607576,17.94478288263957,17.94478288263957,17.94478288263957,17.96282639477517,-0.003382123559269621,0,18.073070381517773
6.281570392598149,34.778644543508946,17.776207676825624,17.776207676825624,17.776207676825624,17.887719446380668,0.006374510067020748,0,17.654800394931026
6.2915728932233055,34.782862116433854,17.906700204688224,17.906700204688224,17.906700204688224,18.01874195909173,-0.000798182777113668,0,17.770249771382566
6.301575393848462,34.78713159958245,18.06283486802166,18.06283486802166,18.06283486802166,18.065050672798986,-0.009400584894892072,0,18.20979679010935
6.3115778944736185,34.80089301594823,17.8343724882001,17.8343724882001,17.8343724882001,17.84134326591631,0.0037606189826009146,0,17.861957503067767
6.321580395098774,34.79979713851033,18.165171054491115,18.165171054491115,18.165171054491115,18.168452176223575,-0.014749953552239986,0,18.080338410655937
6.331582895723931,34.814884970054244,17.86993096581348,17.86993096581348,17.86993096581348,17.946112575513993,0.0021754824862405165,0,17.671647231911244
6.341585396349087,34.819776561776166,17.97922016479657,17.97922016479657,17.97922016479657,18.03962583498524,-0.003785993237333964,0,17.94791898340591
6.351587896974244,34.836356971338354,17.660270251236906,17.660270251236906,17.660270251236906,17.664537670034196,0.014490367157195217,0,17.594338256324043
6.361590397599399,34.829886860978476,18.189427871864243,18.189427871864243,18.189427871864243,18.202669615722712,-0.01522717900412699,0,18.09181707441739
6.371592898224556,34.84189273787223,17.98191176932009,17.98191176932009,17.98191176932009,18.179440303787615,-0.00329900968787162,0,18.007485704112277
6.381595398849712,34.85025729724139,18.014625100403432,18.014625100403432,18.014625100403432,17.98172341077614,-0.0048830026272532225,0,18.00665396078001
6.391597899474869,34.85784903565448,17.994959689376998,17.994959689376998,17.994959689376998,18.057046264452747,-0.0035674203639819114,0,17.987541263714345
6.401600400100024,34.86813626513433,17.825912947673213,17.825912947673213,17.825912947673213,18.176201997709974,0.006153511998063225,0,17.74263354275478
6.411602900725181,34.87554424019078,17.90202407094329,17.90202407094329,17.90202407094329,17.991756692141255,0.0021221015439159795,0,17.98082192070913
6.421605401350337,34.87969555942378,18.084048681430907,18.084048681430907,18.084048681430907,17.97807468470438,-0.007904170975581267,0,18.02792989650358
6.431607901975494,34.88688896614673,18.102127835933445,18.102127835933445,18.102127835933445,17.999908145249897,-0.008703772560589846,0,18.241003165554297
6.44161040260065,34.898702738976056,17.905471352994613,17.905471352994613,17.905471352994613,17.972886027868068,0.0025922576386624326,0,17.825366647759925
6.451612903225806,34.90387197443536,17.997228468817088,17.997228468817088,17.997228468817088,18.077305279356832,-0.0023705154833727616,0,17.968363678328494
6.461615403850963,34.91427834971235,17.87177514309769,17.87177514309769,17.87177514309769,18.04777899638479,0.0049133901555164184,0,17.750385489192723
6.471617904476119,34.92117752764792,17.945894200118733,17.945894200118733,17.945894200118733,17.945600823423675,0.000983907332159526,0,17.88781069096704
6.481620405101276,34.92743057052074,18.017381514101864,18.017381514101864,18.017381514101864,17.948244958427736,-0.0028160987306149513,0,17.984718282395573
6.491622905726431,34.93557685933012,18.000726308371622,18.000726308371622,18.000726308371622,17.931323284633393,-0.001655478149887026,0,18.06257059277713
6.501625406351588,34.94370181806527,17.961179994225287,17.961179994225287,17.961179994225287,17.986283664419542,0.0007774765659565066,0,18.024692679211224
6.511627906976744,34.95245644613238,17.886550001676135,17.886550001676135,17.886550001676135,18.05202738364077,0.005178555709036571,0,17.853136716691356
6.521630407601901,34.95874472948668,17.98521414237265,17.98521414237265,17.98521414237265,17.96783687946663,-0.00012905392686899742,0,17.871523044776044
6.531632908227056,34.964248091235504,18.04833165991806,18.04833165991806,18.04833165991806,18.108015852644943,-0.00348094588871523,0,18.012491404214952
6.541635408852213,34.977917575693944,17.806031163667054,17.806031163667054,17.806031163667054,17.93954093847083,0.010377775999376058,0,17.84576099671776
6.551637909477369,34.97846664677224,18.133446011286953,18.133446011286953,18.133446011286953,18.029962577868897,-0.007803440954859333,0,18.187447501440705
6.561640410102526,34.98876869578863,18.011788246334007,18.011788246334007,18.011788246334007,18.00464571023823,-0.0007473156689799995,0,18.004611094184256
6.5716429107276815,34.99671477245176,17.96717071945051,17.96717071945051,17.96717071945051,18.101597900496316,0.001958323639392253,0,17.88694764037283
6.581645411352838,34.99630841434194,18.334406971950038,18.334406971950038,18.334406971950038,18.215856546990487,-0.018452767402869587,0,18.471055304887148
6.5916479119779945,35.00680501040986,18.245876504737417,18.245876504737417,18.245876504737417,18.06195667576551,-0.013231110770090178,0,18.17078416583186
6.601650412603151,35.02116863667201,17.952153546715664,17.952153546715664,17.952153546715664,17.943584259276765,0.003488808244074892,0,18.043882615959525
6.611652913228307,35.0258168207159,18.074878187005925,18.074878187005925,18.074878187005925,18.033176720904372,-0.0031904002523511256,0,18.084636426962614
6.621655413853463,35.034077207947455,18.075276168660345,18.075276168660345,18.075276168660345,17.94791514143327,-0.0029759500531272775,0,18.2438117237273
6.63165791447862,35.03859476979427,18.23635828846819,18.23635828846819,18.23635828846819,17.942021533002414,-0.011783741491363344,0,18.355680666421357
6.641660415103776,35.051528726327916,17.85794737709142,17.85794737709142,17.85794737709142,18.292160515952407,0.009576729959000625,0,17.81989329221559
6.651662915728932,35.05506476679418,18.16883062918513,18.16883062918513,18.16883062918513,17.98408989310833,-0.007563585407860018,0,18.24254978384275
6.661665416354088,35.06288419618278,18.153668798084055,18.153668798084055,18.153668798084055,18.011639119949283,-0.006498265973151975,0,18.07926535957794
6.671667916979245,35.069602829968474,18.17982479663031,18.17982479663031,18.17982479663031,18.080342804906902,-0.007755336608729326,0,18.131251474687176
6.681670417604401,35.07878903140115,18.10109326026549,18.10109326026549,18.10109326026549,18.09357578322241,-0.003128279783453597,0,18.207995810475683
6.691672918229557,35.078022381754046,18.41682552216193,18.41682552216193,18.41682552216193,18.416331115304484,-0.0206478696388964,0,18.48523297364918
6.701675418854713,35.097734467469465,17.987561947115402,17.987561947115402,17.987561947115402,17.902248991879183,0.003701493678959049,0,18.08527496796412
6.71167791947987,35.099263711503916,18.19602224130651,18.19602224130651,18.19602224130651,18.20244259089997,-0.007800833882056678,0,18.29078212287401
6.721680420105026,35.097061124987924,18.561525331611787,18.561525331611787,18.561525331611787,18.591241515538048,-0.02810902360605375,0,18.59668489988271
6.731682920730182,35.11405410000075,18.244210297156084,18.244210297156084,18.244210297156084,18.1491712802593,-0.010044146901017384,0,18.192684990524466
6.7416854213553385,35.125624746154855,18.02512247204862,18.02512247204862,18.02512247204862,18.225774079391915,0.0024138121700345324,0,17.955997617129572
6.751687921980495,35.13348465626187,17.99981268312239,17.99981268312239,17.99981268312239,18.277647516606127,0.004037424743368367,0,17.960266266087775
6.761690422605652,35.13995403861731,18.15055565405394,18.15055565405394,18.15055565405394,18.009944642142056,-0.0041185640910201765,0,18.147973122611045
6.771692923230807,35.147281914609444,18.15716745039921,18.15716745039921,18.15716745039921,18.04586055287788,-0.00427491404119576,0,18.109372703229422
6.781695423855964,35.14621479187667,18.456633402534923,18.456633402534923,18.456633402534923,18.46244299349168,-0.02086940363264241,0,18.570817716302997
6.79169792448112,35.163330518623575,18.086201518735777,18.086201518735777,18.086201518735777,18.16129615344237,0.0001067807328214509,0,18.12477871633014
6.801700425106277,35.16497013431432,18.375156511112543,18.375156511112543,18.375156511112543,18.20339638734602,-0.01582069090812574,0,18.488536559446214
6.811702925731432,35.176212231558495,18.265013669688805,18.265013669688805,18.265013669688805,18.00242137672532,-0.00940903870313849,0,18.114177481203317
6.821705426356589,35.183989698068935,18.249453180735678,18.249453180735678,18.249453180735678,18.037378753293492,-0.008326153110978904,0,18.266962811144015
6.831707926981745,35.19398836551894,18.090542825267683,18.090542825267683,18.090542825267683,18.16920959858609,0.0007379985731884159,0,18.131865228172735
6.841710427606902,35.19945327469554,18.297124486437937,18.297124486437937,18.297124486437937,17.884623785405342,-0.010515979440109957,0,18.300560059445697
6.8517129282320575,35.20216780820121,18.408547068439898,18.408547068439898,18.408547068439898,18.298060923322932,-0.01659124222201707,0,18.453525469045125
6.861715428857214,35.213854721956274,18.25171743528166,18.25171743528166,18.25171743528166,18.170394445079285,-0.007595986703054587,0,18.248017701205423
6.8717179294823705,35.22415379011666,18.154645012304893,18.154645012304893,18.154645012304893,18.071632285969617,-0.001944010187216199,0,18.246577743420218
6.881720430107527,35.23299516111066,18.1075824047625,18.1075824047625,18.1075824047625,18.041493021003838,0.0009041231410129328,0,18.05119315184418
6.891722930732683,35.23612211342321,18.307494274144148,18.307494274144148,18.307494274144148,18.12758837580389,-0.010036483423875267,0,18.109646676443436
6.901725431357839,35.24176935807068,18.45203333188365,18.45203333188365,18.45203333188365,18.00174836222041,-0.017847669131490388,0,18.54978202957691
6.911727931982996,35.25206673960582,18.376888118531966,18.376888118531966,18.376888118531966,17.83743229193594,-0.01340641291505756,0,18.17392070481953
6.921730432608152,35.25438354633733,18.447650387182406,18.447650387182406,18.447650387182406,18.43248087753289,-0.017241793649471496,0,18.481364873234135
6.931732933233308,35.2681802280235,18.244582939524538,18.244582939524538,18.244582939524538,18.127032401422763,-0.00565067449252326,0,18.144147323150634
6.941735433858464,35.275415337388175,18.256027006019643,18.256027006019643,18.256027006019643,18.162282658143805,-0.006075085445893401,0,18.255261194321537
6.951737934483621,35.287373485910976,18.07025040331271,18.07025040331271,18.07025040331271,18.080728253536748,0.004500383173444986,0,18.046362182844774
6.961740435108777,35.29328839225828,18.121965906899234,18.121965906899234,18.121965906899234,18.193186335111573,0.0018186650258480098,0,18.12773360722828
6.971742935733933,35.30190416183951,18.03549822064703,18.03549822064703,18.03549822064703,18.315068843949867,0.006823870457449319,0,18.044030561213724
6.981745436359089,35.30650203508029,18.25718632750532,18.25718632750532,18.25718632750532,18.1151442342795,-0.0052530886635490485,0,18.289147953662
6.991747936984246,35.31443962753416,18.208542526580136,18.208542526580136,18.208542526580136,18.22526809191051,-0.002349380168924943,0,18.13449899578923
7.001750437609402,35.32235958550867,18.17866008180879,18.17866008180879,18.17866008180879,18.281730101350924,-0.00048002493962996044,0,18.108557103634173
7.011752938234558,35.33097151027908,18.102890427731577,18.102890427731577,18.102890427731577,18.372070006690972,0.0039328813454353765,0,18.204416511363366
7.0217554388597145,35.33642263106194,18.280780534515774,18.280780534515774,18.280780534515774,18.17554718499571,-0.005699918470515274,0,18.26872955483592
7.031757939484871,35.34620998138809,18.157166118512226,18.157166118512226,18.157166118512226,18.233097140986143,0.001377206977097523,0,18.12969552218722
7.0417604401100276,35.35304563381545,18.22837706784133,18.22837706784133,18.22837706784133,18.14891872623729,-0.0023454665526408216,0,18.09248714546274
7.051762940735184,35.35890028284029,18.290771667980167,18.290771667980167,18.290771667980167,18.238339291727577,-0.005609898444987198,0,18.332122239048495
7.06176544136034,35.365072841165556,18.325886125616254,18.325886125616254,18.325886125616254,18.36190206840363,-0.007364604851860491,0,18.200143043279343
7.071767941985496,35.375155008227196,18.232582010179026,18.232582010179026,18.232582010179026,18.2842799648426,-0.0019500810539144525,0,18.335004505615405
7.081770442610653,35.381401476193304,18.34152401021542,18.34152401021542,18.34152401021542,18.17527337686137,-0.007758912541951936,0,18.277025167034456
7.091772943235809,35.38466336362247,18.498147891747088,18.498147891747088,18.498147891747088,18.37088798680158,-0.016270781836115,0,18.658900569944752
7.101775443860965,35.39637684898002,18.360412970068335,18.360412970068335,18.360412970068335,18.1818471426578,-0.008369951707115651,0,18.289093943513663
7.111777944486121,35.40749965963495,18.1942311809717,18.1942311809717,18.1942311809717,18.16673828224728,0.0010707969834195575,0,18.35951707777298
7.121780445111278,35.4134384511392,18.25357280098326,18.25357280098326,18.25357280098326,18.252665798632822,-0.0020192073150684282,0,18.155428380480796
7.131782945736434,35.41947433760769,18.29237684372016,18.29237684372016,18.29237684372016,18.385631182225517,-0.003978213940761067,0,18.376252994563643
7.14178544636159,35.42927527375086,18.239441557379035,18.239441557379035,18.239441557379035,18.22905704925243,-0.0007959269156960237,0,18.137711370270086
7.1517879469867465,35.43667181919535,18.30943804793302,18.30943804793302,18.30943804793302,18.06433210094362,-0.004426932269115407,0,18.31884352305737
7.161790447611903,35.44353112278208,18.296770412339384,18.296770412339384,18.296770412339384,18.22818016736544,-0.00353775582831487,0,18.33353712454275
7.1717929482370595,35.45737217797482,18.047512135019872,18.047512135019872,18.047512135019872,18.054545191353085,0.010519916299039266,0,17.992063822740633
7.181795448862215,35.45227644555519,18.523968748282453,18.523968748282453,18.523968748282453,18.544259158628154,-0.015748461229656605,0,18.43638888304648
7.191797949487372,35.45388143718487,18.756618221892673,18.756618221892673,18.756618221892673,18.76028521979128,-0.028459066970203287,0,18.77743488047719
7.201800450112528,35.47386687916743,18.271905576019694,18.271905576019694,18.271905576019694,18.371323756710666,-0.001316957093344021,0,18.323046423107236
7.211802950737685,35.474897578537345,18.57192765040979,18.57192765040979,18.57192765040979,18.471369802755774,-0.017728867926028832,0,18.584672905707336
7.22180545136284,35.4843475020421,18.580557436570288,18.580557436570288,18.580557436570288,18.1827161752821,-0.017930614466390583,0,18.637662437158582
7.231807951987997,35.49902829522929,18.218717266973457,18.218717266973457,18.218717266973457,18.220829788335845,0.002305469534327533,0,18.168964653948397
7.241810452613153,35.50588139970736,18.260234956953017,18.260234956953017,18.260234956953017,18.22301877784209,0.0002248822751589409,0,18.306881177437862
7.25181295323831,35.51638506510264,18.040804393666896,18.040804393666896,18.040804393666896,18.460482563343042,0.012531154930277424,0,17.928030635951913
7.261815453863465,35.520235792317735,18.22001680730637,18.22001680730637,18.22001680730637,18.499953786547703,0.002830023975682411,0,18.325001876405
7.271817954488622,35.52544402908536,18.469436688902945,18.469436688902945,18.469436688902945,18.12515849815783,-0.010672375940792093,0,18.41089329834385
7.281820455113778,35.53364546573728,18.357141577391882,18.357141577391882,18.357141577391882,18.38652062340794,-0.004295584050325332,0,18.311956470649942
7.291822955738935,35.53843667721507,18.567120463372323,18.567120463372323,18.567120463372323,18.192594063079675,-0.015646312994325735,0,18.620897835552757
7.3018254563640905,35.551157008976446,18.286814553861312,18.286814553861312,18.286814553861312,18.280149937556423,4.471067621373022e-05,0,18.302844263341637
7.311827956989247,35.55061491009712,18.59318335894024,18.59318335894024,18.59318335894024,18.597043161184523,-0.016723579639514183,0,18.68867675908664
7.3218304576144035,35.562995300577334,18.467895760136333,18.467895760136333,18.467895760136333,18.270497606684774,-0.009520965662928859,0,18.353147785978344
7.33183295823956,35.57548701159151,18.13295143494856,18.13295143494856,18.13295143494856,18.55626107228294,0.00913633092206445,0,18.09984331584307
7.341835458864716,35.57536029326609,18.546162795579562,18.546162795579562,18.546162795579562,18.490286742697354,-0.013446952536729102,0,18.56322108089376
7.351837959489872,35.590773177356056,18.234519507042076,18.234519507042076,18.234519507042076,18.26794020783791,0.004014165552243385,0,18.046820424313882
7.361840460115029,35.59211984078703,18.484110338664728,18.484110338664728,18.484110338664728,18.471828157308437,-0.009580509930359532,0,18.418395804352325
7.371842960740185,35.60435878364724,18.306876521251073,18.306876521251073,18.306876521251073,18.32233672924909,0.0004435082353570466,0,18.20368702649089
7.381845461365341,35.611512586066276,18.318251327436354,18.318251327436354,18.318251327436354,18.369781875996967,2.3363386432847635e-05,0,18.336605853002133
7.391847961990497,35.615346004226886,18.48047166417463,18.48047166417463,18.48047166417463,18.462739310417422,-0.008723512355930139,0,18.591782241137594
7.401850462615654,35.63160185629315,18.16583980513605,18.16583980513605,18.16583980513605,18.12289482116344,0.008902470239424459,0,18.206102434807324
7.41185296324081,35.63548749781802,18.251726593876775,18.251726593876775,18.251726593876775,18.437016522445564,0.004325210910360312,0,18.293090954960086
7.421855463865966,35.640100102011026,18.550052332572037,18.550052332572037,18.550052332572037,18.004798219152526,-0.011818194429965926,0,18.61224468808769
7.4318579644911225,35.644559281890956,18.560718533506755,18.560718533506755,18.560718533506755,18.458537491370418,-0.012273333043240506,0,18.560452650110157
7.441860465116279,35.65522143171202,18.435449198495867,18.435449198495867,18.435449198495867,18.3896411010679,-0.005140672328034537,0,18.625152689283286
7.4518629657414355,35.666035842211905,18.218493549780177,18.218493549780177,18.218493549780177,18.572967186287823,0.006989405341880014,0,18.008357101881213
7.461865466366591,35.67386156239527,18.296277986280014,18.296277986280014,18.296277986280014,18.3203646777051,0.0029684803502895533,0,18.19291170551138
7.471867966991748,35.67477923777048,18.55091442223681,18.55091442223681,18.55091442223681,18.57341110743602,-0.010881592187875024,0,18.462514975591652
7.481870467616904,35.687522068518135,18.36422061671172,18.36422061671172,18.36422061671172,18.376668901024672,-0.0003509016497531808,0,18.500932054778545
7.491872968242061,35.69217291954058,18.487163408289785,18.487163408289785,18.487163408289785,18.46480867587338,-0.006916719436815422,0,18.476626174258698
7.501875468867216,35.70371272649147,18.360262917941967,18.360262917941967,18.360262917941967,18.26913414946465,0.00031821939917890907,0,18.460163907941784
7.511877969492373,35.707735559837865,18.558992205084632,18.558992205084632,18.558992205084632,18.224118653526784,-0.01038837330429535,0,18.454311529688454
7.521880470117529,35.71522967869129,18.47641308846673,18.47641308846673,18.47641308846673,18.502316250292356,-0.005681536059366525,0,18.300746407965136
7.531882970742686,35.719899472766805,18.59665186634889,18.59665186634889,18.59665186634889,18.59570946949134,-0.012093868174091327,0,18.69299464081858
7.541885471367841,35.736398035903285,18.26710754001158,18.26710754001158,18.26710754001158,18.264113362516387,0.006300046744906545,0,18.146833812609927
7.551887971992998,35.73052932657498,18.777773435492623,18.777773435492623,18.777773435492623,18.766976232141225,-0.02164709693923886,0,18.601654240932206
7.561890472618154,35.744178370436465,18.561432838271976,18.561432838271976,18.561432838271976,18.523195322887386,-0.009490973988783605,0,18.499453503432633
7.571892973243311,35.75472706957473,18.439249955218713,18.439249955218713,18.439249955218713,18.462014628058764,-0.0025500080924414996,0,18.47914728333486
7.5818954738684665,35.76259912296375,18.421395281897638,18.421395281897638,18.421395281897638,18.48932967087405,-0.0013587744245932227,0,18.440663384468838
7.591897974493623,35.774074210940334,18.296895730876003,18.296895730876003,18.296895730876003,18.296113218192172,0.005727860598408447,0,18.360261111197104
7.6019004751187795,35.76917697081495,18.76954410169718,18.76954410169718,18.76954410169718,18.767284571396104,-0.020095982735942437,0,18.656257275314392
7.611902975743936,35.78026747107717,18.691178768471936,18.691178768471936,18.691178768471936,18.49333540787352,-0.015522076666453676,0,18.590275322523606
7.621905476369092,35.7934861543346,18.460231949094855,18.460231949094855,18.460231949094855,18.35791405933369,-0.002603958561172631,0,18.38530292995525
7.631907976994248,35.801459770681205,18.433035757330604,18.433035757330604,18.433035757330604,18.397991493059482,-0.0009039224036331564,0,18.57434723966557
7.641910477619405,35.81546778818906,18.180942745469228,18.180942745469228,18.180942745469228,18.20760190339923,0.013170708638697225,0,18.11867982791531
7.651912978244561,35.81468320197187,18.491321931256312,18.491321931256312,18.491321931256312,18.548656742887367,-0.003698109840689917,0,18.45910016607941
7.661915478869717,35.820908733934914,18.666672752245226,18.666672752245226,18.666672752245226,18.24329450057136,-0.01303995663257142,0,18.747290440103633
7.671917979494873,35.83045859284917,18.496504585887433,18.496504585887433,18.496504585887433,18.475831245760855,-0.0035373904519687112,0,18.66897724270586
7.68192048012003,35.83546852347084,18.743437250415973,18.743437250415973,18.743437250415973,18.138058636123844,-0.01679267820772803,0,18.75055293286225
7.691922980745186,35.84584843543694,18.465694879025502,18.465694879025502,18.465694879025502,18.568800001495703,-0.0014356588457190849,0,18.468250342717585
7.701925481370343,35.84887467001715,18.710544307764874,18.710544307764874,18.710544307764874,18.534811224655197,-0.014628728770567926,0,18.70602863040136
7.7119279819954984,35.85962398061166,18.52390723262153,18.52390723262153,18.52390723262153,18.636819939776494,-0.004206727869934101,0,18.545738311337924
7.721930482620655,35.86806319351655,18.556014172780433,18.556014172780433,18.556014172780433,18.429108940968458,-0.005710605483867929,0,18.689273049285333
7.7319329832458115,35.87363745175974,18.57191301836258,18.57191301836258,18.57191301836258,18.699759391100937,-0.006415894018180387,0,18.43792883789578
7.741935483870968,35.88250704532592,18.61280024120168,18.61280024120168,18.61280024120168,18.401135832800925,-0.00838226334604238,0,18.643421206548243
7.751937984496124,35.89007813611621,18.578129653277706,18.578129653277706,18.578129653277706,18.52396031337076,-0.0062915970536275454,0,18.52847672647268
7.76194048512128,35.89898011293492,18.427388130626394,18.427388130626394,18.427388130626394,18.795365580743592,0.0021208844027794916,0,18.542512335470576
7.771942985746437,35.90572010909481,18.54866061449844,18.54866061449844,18.54866061449844,18.575015855669236,-0.004257709496583605,0,18.400510621376633
7.781945486371593,35.920867778712136,18.275434172080253,18.275434172080253,18.275434172080253,18.2770133787892,0.01095251235609835,0,18.452645772820947
7.791947986996749,35.92340691008329,18.471065924612105,18.471065924612105,18.471065924612105,18.463707560562458,0.00043578140226315827,0,18.354200122795124
7.801950487621905,35.931805637407344,18.395569082167874,18.395569082167874,18.395569082167874,18.584844634104563,0.004753987133203199,0,18.362544557069697
7.811952988247062,35.93412704821741,18.629818696872878,18.629818696872878,18.629818696872878,18.688331540878163,-0.007854385835635884,0,18.5081653761071
7.821955488872218,35.94315818646013,18.641696959119127,18.641696959119127,18.641696959119127,18.45246903669587,-0.008243591187239474,0,18.584122069905415
7.831957989497374,35.953819860929315,18.477228059811964,18.477228059811964,18.477228059811964,18.5010651822205,0.000948119359409133,0,18.40881572533309
7.84196049012253,35.9597086037479,18.54358216257028,18.54358216257028,18.54358216257028,18.573130455879312,-0.002475412725659711,0,18.507244100332866
7.851962990747687,35.970277775973784,18.427274172409017,18.427274172409017,18.427274172409017,18.49111639706679,0.004104966487339065,0,18.36611446572079
7.861965491372843,35.97406131742783,18.617057176850494,18.617057176850494,18.617057176850494,18.508654801876258,-0.006045962741053197,0,18.739229023106535
7.871967991997999,35.97890947269053,18.680918813893165,18.680918813893165,18.680918813893165,18.744270345908536,-0.009360948023547599,0,18.591166290082377
7.8819704926231555,35.992340003169645,18.39712923594121,18.39712923594121,18.39712923594121,18.735479385833344,0.006343593344578785,0,18.474433847627097
7.891972993248312,36.00177025940746,18.36043851647987,18.36043851647987,18.36043851647987,18.585415614504278,0.00858507182128981,0,18.39346710052816
7.9019754938734685,36.00504327689855,18.581613807492978,18.581613807492978,18.581613807492978,18.585332424637908,-0.00326659695874509,0,18.576278221646852
7.911977994498624,36.015124050389296,18.490404892178457,18.490404892178457,18.490404892178457,18.501224887949263,0.0019374343927496618,0,18.46804531410965
7.921980495123781,36.02074058423821,18.57884576881396,18.57884576881396,18.57884576881396,18.547816755901096,-0.002680000154643387,0,18.481081284176266
7.931982995748937,36.03012573149821,18.494876798919186,18.494876798919186,18.494876798919186,18.546349639467994,0.0021117115984081443,0,18.606383726886747
7.941985496374094,36.03426702610916,18.63338205154991,18.63338205154991,18.63338205154991,18.664028037726755,-0.005245775693644662,0,18.67117569312459
7.951987996999249,36.0359477294414,18.892017750151066,18.892017750151066,18.892017750151066,18.79039590501727,-0.019151286988032465,0,18.922441381203928
7.961990497624406,36.051642589876785,18.57554957627561,18.57554957627561,18.57554957627561,18.539951562621376,-0.0016428041040114224,0,18.554817315717926
7.971992998249562,36.05759104879653,18.63004994372734,18.63004994372734,18.63004994372734,18.638560481636397,-0.004415881293732039,0,18.52475987794635
7.981995498874719,36.06275032216059,18.769026303607692,18.769026303607692,18.769026303607692,18.6021038000225,-0.011763850739694569,0,18.898097225001006
7.991997999499874,36.06978318442064,18.777455511218175,18.777455511218175,18.777455511218175,18.676238955477256,-0.012020874291663711,0,18.719491905565327
8.002000500125032,36.08125750094783,18.659524184066413,18.659524184066413,18.659524184066413,18.463241146673976,-0.0053450884540878,0,18.71152252502335
8.012003000750187,36.09377590898519,18.42292943739233,18.42292943739233,18.42292943739233,18.449612788736967,0.007746517942582159,0,18.312790527612965
8.022005501375343,36.094999463815164,18.682408422401693,18.682408422401693,18.682408422401693,18.64198572057026,-0.006194833429984955,0,18.763041327144638
8.0320080020005,36.10587408073572,18.571742148636517,18.571742148636517,18.571742148636517,18.497140149349185,6.667457436259053e-05,0,18.623245985516316
8.042010502625656,36.1089319923779,18.729662258890603,18.729662258890603,18.729662258890603,18.719024188103393,-0.00835060530090134,0,18.67750983266986
8.052013003250812,36.121039452195994,18.46909072809241,18.46909072809241,18.46909072809241,18.838975315785856,0.006011097135554609,0,18.48436762551771
8.062015503875969,36.12441000067014,18.72840825086774,18.72840825086774,18.72840825086774,18.709775285076553,-0.007851080170208717,0,18.91692587003762
8.072018004501125,36.134093107898146,18.657340647828804,18.657340647828804,18.657340647828804,18.62483717494723,-0.003757590126189575,0,18.717070649816854
8.082020505126282,36.13821617410122,18.7833222240341,18.7833222240341,18.7833222240341,18.78275369480455,-0.010420055810362521,0,18.65771177467041
8.092023005751438,36.14534219689177,18.92422071667272,18.92422071667272,18.92422071667272,18.445461366122938,-0.017798776750143155,0,18.91075385308883
8.102025506376593,36.15626041500704,18.73006871516899,18.73006871516899,18.73006871516899,18.54449951048837,-0.007052531549298215,0,18.69555995646528
8.11202800700175,36.16548868625139,18.617710378221727,18.617710378221727,18.617710378221727,18.65164793197657,-0.0007559773144180204,0,18.647405658815263
8.122030507626906,36.17405709198972,18.592653999734463,18.592653999734463,18.592653999734463,18.59585918408879,0.0008276018481916161,0,18.63098938171135
8.132033008252062,36.17720727678624,18.871517386464436,18.871517386464436,18.871517386464436,18.44104762356064,-0.0140702547492451,0,18.7443873094628
8.14203550887722,36.18962426608849,18.59108576836404,18.59108576836404,18.59108576836404,18.574084579486115,0.0013416423456569073,0,18.521539169912177
8.152038009502375,36.19298609606537,18.742126851000034,18.742126851000034,18.742126851000034,18.770977514804045,-0.006678324403439492,0,18.77627351710155
8.162040510127532,36.19603886874883,19.09533851744308,19.09533851744308,19.09533851744308,18.407711931047153,-0.025563548887649414,0,19.159480881761855
8.172043010752688,36.2086998924618,18.769223443897435,18.769223443897435,18.769223443897435,18.641182398013395,-0.007696230002801897,0,18.6829916768737
8.182045511377844,36.220320541767876,18.576392755547648,18.576392755547648,18.576392755547648,18.63085806862932,0.0029765894771395596,0,18.452866324605285
8.192048012003001,36.22786430794452,18.602468790364927,18.602468790364927,18.602468790364927,18.575338701698062,0.0017849514651329327,0,18.721299616319456
8.202050512628157,36.235835985525746,18.623402497502237,18.623402497502237,18.623402497502237,18.47106046998448,0.0008814900915810071,0,18.47870260361901
8.212053013253312,36.23389180086017,18.946814100177313,18.946814100177313,18.946814100177313,18.94670549304908,-0.01652361311821094,0,18.87717074429898
8.22205551387847,36.24341728567893,18.850662346722636,18.850662346722636,18.850662346722636,18.960595501006978,-0.011099127689287374,0,18.895324944244717
8.232058014503625,36.258260255832475,18.61452872167861,18.61452872167861,18.61452872167861,18.596794337198922,0.0019751753223663467,0,18.692210192458973
8.242060515128783,36.26330441038267,18.722788513679003,18.722788513679003,18.722788513679003,18.669641009338118,-0.0036895826892984402,0,18.829724480555036
8.252063015753938,36.26988370355831,18.75687029845313,18.75687029845313,18.75687029845313,18.73473066043176,-0.005334237027498454,0,18.793171365330853
8.262065516379094,36.281447124912454,18.53284957027583,18.53284957027583,18.53284957027583,18.826512670348148,0.006989455503887936,0,18.542329035544153
8.272068017004251,36.28705809795936,18.667378850615926,18.667378850615926,18.667378850615926,18.73551325921062,-6.41106708545313e-05,0,18.57147475069156
8.282070517629407,36.293406081673915,18.722958904021397,18.722958904021397,18.722958904021397,18.770796593433584,-0.0028662514482544086,0,18.709446887287665
8.292073018254563,36.29935000630465,18.808099198050943,18.808099198050943,18.808099198050943,18.778011539772933,-0.007261695723493837,0,18.876533923755495
8.30207551887972,36.308719252092274,18.72250478276995,18.72250478276995,18.72250478276995,18.783628572784032,-0.002418979446856821,0,18.808635610373553
8.312078019504876,36.313677644236975,18.83772143293681,18.83772143293681,18.83772143293681,18.848428173439576,-0.008450061830652613,0,18.678146126808127
8.322080520130033,36.31899773574367,19.06989729341663,19.06989729341663,19.06989729341663,18.508098531160876,-0.02072971859345404,0,19.07333488273741
8.332083020755189,36.33399851383611,18.55469940626894,18.55469940626894,18.55469940626894,18.95779216127189,0.007256643332246394,0,18.562009728117374
8.342085521380344,36.33866671146069,18.78846956908227,18.78846956908227,18.78846956908227,18.71045287513353,-0.005121765537328993,0,18.78005080688001
8.352088022005502,36.349297414519576,18.646317560435026,18.646317560435026,18.646317560435026,18.69650509698136,0.002774636216038524,0,18.722130651765468
8.362090522630657,36.35409380760046,18.761963244541622,18.761963244541622,18.761963244541622,18.784308923741868,-0.0032778355147322193,0,18.611819708538004
8.372093023255815,36.36190625344714,18.76049774762543,18.76049774762543,18.76049774762543,18.77101357538169,-0.002983929587751277,0,18.821995004962606
8.38209552388097,36.36853108009369,18.801487096629543,18.801487096629543,18.801487096629543,18.808506455627068,-0.004992223506478673,0,18.872749483183185
8.392098024506126,36.382792286126765,18.49076351700087,18.49076351700087,18.49076351700087,18.75567502394033,0.01200424655816209,0,18.373062487861773
8.402100525131283,36.38757642093239,18.63572315917,18.63572315917,18.63572315917,18.757352475641483,0.004389701519500463,0,18.491015836189963
8.412103025756439,36.39344908717107,18.73243377256636,18.73243377256636,18.73243377256636,18.74049150968091,-0.000615554921554059,0,18.695435057548632
8.422105526381594,36.400482970275235,18.753639520346955,18.753639520346955,18.753639520346955,18.775953757172918,-0.0015547117142775,0,18.75707851301043
8.432108027006752,36.409226980290285,18.652789808185318,18.652789808185318,18.652789808185318,18.921051056047943,0.004070495461445942,0,18.622768649031137
8.442110527631908,36.417525492206096,18.68349069876557,18.68349069876557,18.68349069876557,18.738316738595966,0.0026585983670566857,0,18.619038304482842
8.452113028257065,36.423264967480186,18.756707084015044,18.756707084015044,18.756707084015044,18.811900104181806,-0.0010919834858454812,0,18.80342982487095
8.46211552888222,36.43390803017443,18.67593751920447,18.67593751920447,18.67593751920447,18.611897271095046,0.0035100679492032524,0,18.648739729047282
8.472118029507376,36.440593287723345,18.643845222931084,18.643845222931084,18.643845222931084,18.859526747093533,0.005404911297414748,0,18.775230518320424
8.482120530132534,36.445485235877314,18.78699197600133,18.78699197600133,18.78699197600133,18.850439246120725,-0.002097026969860313,0,18.902122335503645
8.49212303075769,36.453472561062,18.786783654708056,18.786783654708056,18.786783654708056,18.807095041602736,-0.0018663479474145073,0,18.85116278732613
8.502125531382845,36.45925741717276,18.848647856357154,18.848647856357154,18.848647856357154,18.907896290483098,-0.005005971830341912,0,18.789833615543262
8.512128032008002,36.46546709480286,18.921720280866417,18.921720280866417,18.921720280866417,18.911351704784195,-0.008730373050584793,0,18.816818013666545
8.522130532633158,36.47852875305822,18.654185235321503,18.654185235321503,18.654185235321503,18.908825903268287,0.005888194040040788,0,18.487693420582175
8.532133033258315,36.48410180687108,18.787002089724158,18.787002089724158,18.787002089724158,18.82853689224678,-0.0010368969956542774,0,18.75259448756908
8.54213553388347,36.48539755870323,19.025922592706827,19.025922592706827,19.025922592706827,19.07151971477492,-0.013731410236458873,0,19.20444186646319
8.552138034508626,36.49386783782838,19.00865595574982,19.00865595574982,19.00865595574982,19.006864297311797,-0.012576341378469347,0,18.966720521161154
8.562140535133784,36.50419615566829,18.905103946292108,18.905103946292108,18.905103946292108,18.92236271649543,-0.006775273584134754,0,18.942503052678628
8.57214303575894,36.51515933065176,18.802052761465823,18.802052761465823,18.802052761465823,18.741135113407086,-0.0009867473755633212,0,18.700853121774145
8.582145536384095,36.52116971097162,18.85046742769792,18.85046742769792,18.85046742769792,18.848425946941536,-0.0033990961805325007,0,18.688166803935292
8.592148037009252,36.52816006654931,18.89279428474214,18.89279428474214,18.89279428474214,18.826977733145405,-0.005459678851222505,0,18.79766712136746
8.602150537634408,36.534815469740046,18.966489326661456,18.966489326661456,18.966489326661456,18.761662233055315,-0.009197796046572415,0,18.942547069299376
8.612153038259565,36.537784629682186,19.097686593341084,19.097686593341084,19.097686593341084,19.076781762871814,-0.01609616219849078,0,19.256744573084568
8.622155538884721,36.55265013110604,18.871321059478593,18.871321059478593,18.871321059478593,18.680108115400774,-0.00364400414313581,0,18.932567012358668
8.632158039509877,36.55856625528343,18.89316722994461,18.89316722994461,18.89316722994461,18.8812084225572,-0.004643257575900166,0,18.819806424973414
8.642160540135034,36.56693554052228,18.84918066055542,18.84918066055542,18.84918066055542,18.911831103571988,-0.002074870712460365,0,18.88021445598305
8.65216304076019,36.57130531774162,18.98932827764763,18.98932827764763,18.98932827764763,18.989976569430556,-0.00940488317321599,0,18.92390188701697
8.662165541385345,36.579853832205565,18.96371523276119,18.96371523276119,18.96371523276119,18.9385704909566,-0.007807810867487247,0,18.97969095496082
8.672168042010503,36.58899719879938,18.927650760856178,18.927650760856178,18.927650760856178,18.82930867098852,-0.005639834269953689,0,18.98375430643006
8.682170542635658,36.59061717813286,19.181179604338382,19.181179604338382,19.181179604338382,18.979762916617904,-0.01906488675238449,0,19.11379299086093
8.692173043260816,36.602177960174984,19.01622302145257,19.01622302145257,19.01622302145257,18.894552211209685,-0.009981908560915277,0,18.85530375803586
8.702175543885971,36.611886317892136,18.955124979432036,18.955124979432036,18.955124979432036,18.775629663268727,-0.006469938207144034,0,19.077938340668165
8.712178044511127,36.61995986797797,18.92371123268869,18.92371123268869,18.92371123268869,18.812865339436566,-0.004580419229664855,0,18.75251884676197
8.722180545136284,36.6283093156449,18.884332329180733,18.884332329180733,18.884332329180733,18.8326107886815,-0.002261440231069294,0,19.020594750210616
8.73218304576144,36.63682217110844,18.795565317645764,18.795565317645764,18.795565317645764,18.976007378787184,0.0026815424423614087,0,18.7086299925539
8.742185546386596,36.64014107098026,18.99823442825065,18.99823442825065,18.99823442825065,19.02416888271726,-0.007981046169350383,0,18.80148009096729
8.752188047011753,36.647401679583425,18.999429557694597,18.999429557694597,18.999429557694597,19.085498373887802,-0.007844741165784713,0,18.903625450667324
8.762190547636909,36.6601486331418,18.809763416282813,18.809763416282813,18.809763416282813,18.89646506188231,0.0025632343400555546,0,18.957578620317246
8.772193048262066,36.66216901028524,19.046923466794848,19.046923466794848,19.046923466794848,19.03591532009817,-0.009957136171117927,0,18.996708531382026
8.782195548887222,36.67219820462566,18.95651603026402,18.95651603026402,18.95651603026402,18.956754237976526,-0.004888415938616692,0,18.940600396517357
8.792198049512377,36.67941611552461,18.943550242838366,18.943550242838366,18.943550242838366,19.06694887896449,-0.004003486753733356,0,19.01357158763384
8.802200550137535,36.68695383130389,18.989342130757798,18.989342130757798,18.989342130757798,18.952902792330015,-0.006223663919854966,0,18.96864909177896
8.81220305076269,36.69891238881794,18.754503616278637,18.754503616278637,18.754503616278637,19.017630254483535,0.006543991174121009,0,18.840153209134964
8.822205551387846,36.699095651417856,19.295166337084726,19.295166337084726,19.295166337084726,18.522131713711268,-0.022090672630608443,0,19.318046283516004
8.832208052013003,36.70971401439624,19.028137899939995,19.028137899939995,19.028137899939995,18.884432228949084,-0.007654270010845673,0,18.855399919420968
8.842210552638159,36.71901835219123,18.94711017098232,18.94711017098232,18.94711017098232,18.885835349710366,-0.00310911961489276,0,19.01059718534803
8.852213053263316,36.729810726616826,18.74962767840642,18.74962767840642,18.74962767840642,19.01339116566852,0.007637788331739201,0,18.772579010482016
8.862215553888472,36.73600430538971,18.86244646527675,18.86244646527675,18.86244646527675,18.89985546725605,0.0018349403580023406,0,18.583960145213435
8.872218054513628,36.74054732166271,18.98823383023527,18.98823383023527,18.98823383023527,18.9949952199102,-0.004697242063481818,0,19.050275590876254
8.882220555138785,36.75114550811919,18.87725223075012,18.87725223075012,18.87725223075012,18.8921571487723,0.0014630066844875053,0,19.00903875959971
8.89222305576394,36.754793118710694,19.0444601867508,19.0444601867508,19.0444601867508,18.99732700447561,-0.007281702918812586,0,18.938904947921067
8.902225556389096,36.76111620871676,19.078532415840453,19.078532415840453,19.078532415840453,19.100582083030446,-0.00891025195800284,0,19.286566488624914
8.912228057014254,36.758235975203895,19.482103448051376,19.482103448051376,19.482103448051376,19.47583414387803,-0.03033260705329048,0,19.391065759005276
8.92223055763941,36.775414373976886,19.133424783291705,19.133424783291705,19.133424783291705,19.0990283105788,-0.011419678388161448,0,19.15952182565423
8.932233058264567,36.7873806771884,18.945297716425618,18.945297716425618,18.945297716425618,19.022389355288897,-0.0011492550642297204,0,18.91596251053122
8.942235558889722,36.795409893191696,18.99238429699648,18.99238429699648,18.99238429699648,18.830668889891356,-0.003418501941807159,0,18.925361238961433
8.952238059514878,36.80135735760389,19.01893516044767,19.01893516044767,19.01893516044767,19.012817375589044,-0.004658866047802152,0,18.974887910772182
8.962240560140035,36.80730963645251,19.15557170287457,19.15557170287457,19.15557170287457,18.86396901361597,-0.011712938494931388,0,19.08742627253838
8.97224306076519,36.81721408201882,19.020200841184234,19.020200841184234,19.020200841184234,18.93831724714075,-0.004293001444683572,0,19.15824861015385
8.982245561390348,36.82969205357412,18.75176878946086,18.75176878946086,18.75176878946086,19.025817443528585,0.010216037818477722,0,18.942331880979303
8.992248062015504,36.83454888435197,18.900487749320547,18.900487749320547,18.900487749320547,19.005036132265662,0.0024976741254977074,0,19.105252337127244
9.00225056264066,36.84059229205962,19.003137742922974,19.003137742922974,19.003137742922974,18.944468454162664,-0.0027553161843307233,0,19.042156696307735
9.012253063265817,36.84585554725978,19.101846617749118,19.101846617749118,19.101846617749118,19.012738073029453,-0.007819991512340923,0,19.087836937731183
9.022255563890972,36.8544698095029,19.051029624218508,19.051029624218508,19.051029624218508,19.026934860152828,-0.004903931081143338,0,18.874445700626183
9.032258064516128,36.86461704569654,18.94981995396752,18.94981995396752,18.94981995396752,18.962357236398415,0.0007098149195812487,0,19.203728755196636
9.042260565141286,36.87105491733507,18.934445548160312,18.934445548160312,18.934445548160312,19.196676439810677,0.0016949005622847752,0,18.933563286971253
9.052263065766441,36.875865462545384,19.107435448813316,19.107435448813316,19.107435448813316,19.109982927063985,-0.007294447101747654,0,19.05624973806525
9.062265566391599,36.88450987898817,19.070598026256125,19.070598026256125,19.070598026256125,19.077689868806697,-0.005116854871406427,0,18.99916608451108
9.072268067016754,36.89166483972876,19.080711110161747,19.080711110161747,19.080711110161747,19.12793994240217,-0.005454824532856571,0,19.198371973377494
9.08227056764191,36.9013002135397,19.01349728237469,19.01349728237469,19.01349728237469,19.038133375174116,-0.0016513917678799294,0,18.897429449799876
9.092273068267067,36.90892193469537,19.037519931669575,19.037519931669575,19.037519931669575,18.976657882637745,-0.0027098275221164344,0,18.88786089635842
9.102275568892223,36.91805346060362,18.967828099490045,18.967828099490045,18.967828099490045,18.969854020600618,0.001207962799082996,0,19.035621957623725
9.112278069517378,36.9243336116988,19.035794458446944,19.035794458446944,19.035794458446944,18.97777343862481,-0.002200468026762669,0,19.017233486050014
9.122280570142536,36.93129460560604,19.04025780422877,19.04025780422877,19.04025780422877,19.074070802725483,-0.00224651116893399,0,19.022336432481453
9.132283070767691,36.94059789831524,19.027645253832027,19.027645253832027,19.027645253832027,18.870239929511325,-0.0013303649082643232,0,18.95850080788126
9.142285571392849,36.942488171556064,19.204388328203077,19.204388328203077,19.204388328203077,19.210282529375508,-0.010579762160461425,0,19.24789103662796
9.152288072018004,36.95652820273501,18.939407797277273,18.939407797277273,18.939407797277273,19.053032095496793,0.0037427607936869945,0,18.930263837401142
9.16229057264316,36.96344168141356,18.96080437408612,18.96080437408612,18.96080437408612,19.105637882743164,0.00280379676447315,0,18.90656969362177
9.172293073268317,36.97145985942566,18.86859082683653,18.86859082683653,18.86859082683653,19.33335878490828,0.007868753172354647,0,18.94848923174807
9.182295573893473,36.97189315840878,19.221372734071664,19.221372734071664,19.221372734071664,19.36382478903138,-0.01066906243985021,0,19.374468843040958
9.192298074518629,36.98324772647856,19.18484965860034,19.18484965860034,19.18484965860034,18.924013868065625,-0.0084389562579451,0,19.219909037881916
9.202300575143786,36.99429013002031,18.972880512776698,18.972880512776698,18.972880512776698,19.057367583603323,0.0030007445146873453,0,18.903926499953588
9.212303075768942,37.00130746161923,19.019494074912554,19.019494074912554,19.019494074912554,19.0187246324847,0.0007408111191109995,0,19.11160897456654
9.222305576394099,37.00797366822103,19.002601876877712,19.002601876877712,19.002601876877712,19.223234841535163,0.001808140596149772,0,19.050311377629548
9.232308077019255,37.01771784927715,18.988168579232195,18.988168579232195,18.988168579232195,18.958681320866663,0.0028288651309119894,0,19.058064301230658
9.24231057764441,37.02201486996398,19.104141457258823,19.104141457258823,19.104141457258823,19.11998231682941,-0.0031450509475549468,0,19.006065301216672
9.252313078269568,37.02974634788385,19.107016285545775,19.107016285545775,19.107016285545775,19.105412161810282,-0.0030865269813998273,0,19.196278520817284
9.262315578894723,37.036748387434855,19.126953054675628,19.126953054675628,19.126953054675628,19.149060169996435,-0.003943336205618881,0,19.237079483964624
9.272318079519879,37.04639686132144,19.05617853923115,19.05617853923115,19.05617853923115,19.067880764696287,3.200799960439543e-05,0,19.260275660785275
9.282320580145036,37.05253440338314,19.101994573906552,19.101994573906552,19.101994573906552,19.163555994073636,-0.0022061391914862554,0,18.922370963129758
9.292323080770192,37.064000201119306,18.972537605407588,18.972537605407588,18.972537605407588,18.985803881161104,0.0048938888199518285,0,19.031838785193592
9.30232558139535,37.06673281226938,19.178221338929692,19.178221338929692,19.178221338929692,19.112604008335385,-0.005820029288865161,0,19.228142579906375
9.312328082020505,37.07275365514762,19.227926167138005,19.227926167138005,19.227926167138005,19.214111702400686,-0.008263071489595859,0,19.276957073212298
9.32233058264566,37.080266513534816,19.227069722049432,19.227069722049432,19.227069722049432,19.243485349729266,-0.00801388593096597,0,19.018519211631887
9.332333083270818,37.09163416066935,19.053952265252054,19.053952265252054,19.053952265252054,19.211417388365177,0.0013682588585748083,0,19.087955247105505
9.342335583895974,37.10105648550325,18.991459036297304,18.991459036297304,18.991459036297304,19.13928223625067,0.004896359730679649,0,18.999623219332893
9.35233808452113,37.10468406860072,19.1596112926848,19.1596112926848,19.1596112926848,19.2444097315963,-0.0038162374355955454,0,19.196371612848964
9.362340585146287,37.11269988135809,19.211542792058896,19.211542792058896,19.211542792058896,19.039972916636334,-0.006319650878383443,0,19.054606754781453
9.372343085771442,37.12292246177335,19.030622333360917,19.030622333360917,19.030622333360917,19.203054774646137,0.0034316437734908385,0,18.943271456028075
9.3823455863966,37.12831333561884,19.15061094307143,19.15061094307143,19.15061094307143,19.188172002077895,-0.0027061379493269954,0,18.99447794104563
9.392348087021755,37.140264295816266,18.988465085633134,18.988465085633134,18.988465085633134,19.035674065359263,0.006103569095252412,0,18.930913278758414
9.402350587646911,37.14267748047689,19.204522291611596,19.204522291611596,19.204522291611596,19.17921850177386,-0.0051400132506980445,0,19.261015884188943
9.412353088272068,37.14692529830625,19.324450498949634,19.324450498949634,19.324450498949634,19.335949790066152,-0.011301244134759738,0,19.305074997070736
9.422355588897224,37.1559008087148,19.328315155901574,19.328315155901574,19.328315155901574,19.131720261967843,-0.011259149832258975,0,19.59339145430258
9.43235808952238,37.1665865853173,19.188949450979763,19.188949450979763,19.188949450979763,19.100630812919867,-0.003678872878828897,0,19.29121414969178
9.442360590147537,37.172855591948164,19.223171611715916,19.223171611715916,19.223171611715916,19.211295668724393,-0.0052992975140238536,0,19.326548212803832
9.452363090772693,37.18323904211207,19.13378330409458,19.13378330409458,19.13378330409458,19.075618936258174,-0.00034520126214009734,0,19.14758906171868
9.46236559139785,37.18949929183313,19.16624872973949,19.16624872973949,19.16624872973949,19.192860186431023,-0.001873868702387927,0,19.18580644548164
9.472368092023006,37.19798921196539,19.07794036065654,19.07794036065654,19.07794036065654,19.33796692134977,0.0029698688877928757,0,19.09973847739578
9.482370592648161,37.20310163901712,19.25083857795767,19.25083857795767,19.25083857795767,19.20607512756371,-0.0059276927679952525,0,19.333934847511387
9.492373093273319,37.21119594270788,19.29071974193818,19.29071974193818,19.29071974193818,19.025953288935025,-0.007792365396327966,0,19.125889249936133
9.502375593898474,37.21911209560044,19.217973391975292,19.217973391975292,19.217973391975292,19.21042309334427,-0.003778386169941886,0,19.174239523259413
9.51237809452363,37.225286741400524,19.24498732310118,19.24498732310118,19.24498732310118,19.35683143433581,-0.005022623895606855,0,19.162165963754372
9.522380595148787,37.237753951243675,19.068941807406922,19.068941807406922,19.068941807406922,19.16852729891075,0.004504328533461708,0,19.251850186049605
9.532383095773943,37.24063370005579,19.26785525170325,19.26785525170325,19.26785525170325,19.29346286858657,-0.005802181321501328,0,19.17740900259188
9.5423855963991,37.25146237816629,19.179021155714345,19.179021155714345,19.179021155714345,19.089302096290595,-0.0008739186722903797,0,19.083197025850648
9.552388097024256,37.254441391957386,19.342503756525527,19.342503756525527,19.342503756525527,19.30562034283833,-0.009324684460393983,0,19.31053384664832
9.562390597649411,37.26525780634079,19.240361677730665,19.240361677730665,19.240361677730665,19.143208571948225,-0.0037033232370162344,0,19.08876731666111
9.572393098274569,37.266799223392816,19.45246276997895,19.45246276997895,19.45246276997895,19.429319334159427,-0.014725933347712427,0,19.288164248588664
9.582395598899724,37.276236083657395,19.404416623565826,19.404416623565826,19.404416623565826,19.311524646992492,-0.011963381483950083,0,19.523559537692943
9.59239809952488,37.28786240135886,19.263193166434828,19.263193166434828,19.263193166434828,19.14486285340455,-0.004285177639591061,0,19.292242518892532
9.602400600150037,37.2882297340896,19.495761732737247,19.495761732737247,19.495761732737247,19.54566249616612,-0.01640011013428551,0,19.406893671192716
9.612403100775193,37.30108684284689,19.315697849253958,19.315697849253958,19.315697849253958,19.31087943977852,-0.006665483425464434,0,19.4171993956709
9.62240560140035,37.30870542683662,19.31799884976664,19.31799884976664,19.31799884976664,19.314789237362636,-0.006579813861167908,0,19.51302809436267
9.632408102025506,37.319268602049405,19.20235778582802,19.20235778582802,19.20235778582802,19.230816743708257,-0.00027103783056749847,0,19.253949681074857
9.642410602650662,37.324433369658806,19.339528946417715,19.339528946417715,19.339528946417715,19.198171758252418,-0.007277026806735914,0,19.273430505000942
9.65241310327582,37.332865948790435,19.26856939477118,19.26856939477118,19.26856939477118,19.299752367062183,-0.003354496137974806,0,19.226462148230766
9.662415603900975,37.33780821202208,19.41438860241938,19.41438860241938,19.41438860241938,19.27452883544751,-0.010813790375386474,0,19.371727459426644
9.672418104526132,37.34463815209481,19.405279594724746,19.405279594724746,19.405279594724746,19.43093943117933,-0.010154747744659178,0,19.508789350927547
9.682420605151288,37.3575762879691,19.216433010751956,19.216433010751956,19.216433010751956,19.210330334587702,2.2231502945873724e-05,0,19.284665371747202
9.692423105776443,37.35866496593793,19.46885686085345,19.46885686085345,19.46885686085345,19.443321121857245,-0.013083785836748778,0,19.39167628276186
9.7024256064016,37.3666360093239,19.568502331339676,19.568502331339676,19.568502331339676,19.10227979707673,-0.018051732637428822,0,19.670640635132095
9.712428107026756,37.380302077821064,19.225758452335672,19.225758452335672,19.225758452335672,19.234153420883814,0.00014520071210819647,0,19.37529636813099
9.722430607651912,37.39017302833301,19.11059929314875,19.11059929314875,19.11059929314875,19.25253640086886,0.006396547089274122,0,19.024444324169696
9.73243310827707,37.393651178535485,19.381379643403367,19.381379643403367,19.381379643403367,19.072014368911805,-0.007588209209255802,0,19.2652321294858
9.742435608902225,37.399749350280736,19.373600873782145,19.373600873782145,19.373600873782145,19.33416654262531,-0.007019585770292941,0,19.522963037716462
9.752438109527382,37.40973702646367,19.286173980417814,19.286173980417814,19.286173980417814,19.25183044935806,-0.0022075854585703937,0,19.20218669305098
9.762440610152538,37.41292332917249,19.453207034349603,19.453207034349603,19.453207034349603,19.426312905040163,-0.010801378498216416,0,19.44561760369452
9.772443110777694,37.41110745626411,19.793664732123705,19.793664732123705,19.793664732123705,19.830834068249953,-0.028541704739232034,0,19.883249572597983
9.782445611402851,37.438954163346,19.04407161620224,19.04407161620224,19.04407161620224,19.056127652639805,0.01114558220906117,0,18.767290429307472
9.792448112028007,37.434916233233245,19.488664005899288,19.488664005899288,19.488664005899288,19.481537028344253,-0.01204882071659478,0,19.45191461916391
9.802450612653162,37.44472252751581,19.416646797031984,19.416646797031984,19.416646797031984,19.380149885514825,-0.008044894596107905,0,19.453752477151234
9.81245311327832,37.44786994066275,19.534172545553325,19.534172545553325,19.534172545553325,19.708969680703202,-0.014061186623625573,0,19.554957573545046
9.822455613903475,37.46288957915816,19.29177376805737,19.29177376805737,19.29177376805737,19.336712719488435,-0.0010762284062520845,0,19.37012826405482
9.832458114528633,37.471294842483026,19.241230716834973,19.241230716834973,19.241230716834973,19.381052838640112,0.0017704840260983035,0,19.019885794396007
9.842460615153788,37.47607909764828,19.365622526740225,19.365622526740225,19.365622526740225,19.443731113240524,-0.004554667896018925,0,19.582126380683892
9.852463115778944,37.483977453799035,19.421520554914665,19.421520554914665,19.421520554914665,19.24476142507883,-0.007241987734350329,0,19.462300722337762
9.862465616404101,37.498179749752794,18.944306490424445,18.944306490424445,18.944306490424445,19.69954053777291,0.017879479399852457,0,18.94789683634743
9.872468117029257,37.495254465166134,19.63652530825957,19.63652530825957,19.63652530825957,19.215160242447677,-0.018086308354580926,0,19.534040079242708
9.882470617654413,37.5108086589442,19.239208343958474,19.239208343958474,19.239208343958474,19.227457493568735,0.002926826752446983,0,19.304633531316313
9.89247311827957,37.51378126270848,19.498398481200937,19.498398481200937,19.498398481200937,19.15745383578432,-0.010425645498310125,0,19.525459284754977
9.902475618904726,37.51781379486967,19.592523119287016,19.592523119287016,19.592523119287016,19.423668564816758,-0.01519414622987038,0,19.563733764908285
9.912478119529883,37.528747320544404,19.450501953122952,19.450501953122952,19.450501953122952,19.363159095850325,-0.007541644646680656,0,19.550338277862828
9.922480620155039,37.53678159136323,19.419884558988965,19.419884558988965,19.419884558988965,19.40332550873955,-0.005740342729886587,0,19.448972929276195
9.932483120780194,37.545680847515136,19.382216557973763,19.382216557973763,19.382216557973763,19.334889836249904,-0.0035516239997732905,0,19.227054278050822
9.942485621405352,37.55223867173645,19.417854005118805,19.417854005118805,19.417854005118805,19.397748663469333,-0.005221247018811861,0,19.35607618083254
9.952488122030507,37.55363566220945,19.713377412267455,19.713377412267455,19.713377412267455,19.455070169932686,-0.020481905777567814,0,19.852748435189337
9.962490622655663,37.56917002488963,19.38506495621721,19.38506495621721,19.38506495621721,19.263283915586488,-0.003071567722155686,0,19.361330547126073
9.97249312328082,37.57426993603133,19.523017231888417,19.523017231888417,19.523017231888417,19.237873824203604,-0.010072732308680823,0,19.563020111400487
9.982495623905976,37.58434401939492,19.374547332908154,19.374547332908154,19.374547332908154,19.32559194927384,-0.0021225858228991487,0,19.5734588061025
9.992498124531133,37.595085217866014,19.247323361683126,19.247323361683126,19.247323361683126,19.24950528951091,0.004742338040220421,0,19.226707805076853
10.002500625156289,37.60275859308639,19.24684908097259,19.24684908097259,19.24684908097259,19.253315277564155,0.004969953978590007,0,19.200664676669035
10.012503125781445,37.60887848295706,19.31415340077787,19.31415340077787,19.31415340077787,19.286822818173064,0.001652914799707523,0,19.40275447664715
10.022505626406602,37.60866778085973,19.683327946113447,19.683327946113447,19.683327946113447,19.364308531045566,-0.017435388836573706,0,19.598767260912407
10.032508127031758,37.61991765012905,19.45389362042549,19.45389362042549,19.45389362042549,19.5185301232974,-0.0052751723122772065,0,19.62028272741912
10.042510627656913,37.638138485488525,19.007128506025314,19.007128506025314,19.007128506025314,19.279098283235268,0.018286788281005932,0,18.748890241925135
10.05251312828207,37.63737941227782,19.410157736078556,19.410157736078556,19.410157736078556,19.337257398886084,-0.002549785031728086,0,19.30550271756441
10.062515628907226,37.64421237446049,19.407371628395612,19.407371628395612,19.407371628395612,19.474058854081473,-0.0022239294133136103,0,19.492546412172377
10.072518129532384,37.65809009953621,19.189094059238368,19.189094059238368,19.189094059238368,19.200618904531098,0.009413415482299924,0,19.218851120419025
10.08252063015754,37.656914486599725,19.520981946566256,19.520981946566256,19.520981946566256,19.534655404821653,-0.007750885103158039,0,19.619349351973586
10.092523130782695,37.6712546018667,19.23794956639341,19.23794956639341,19.23794956639341,19.386102222636847,0.007238427487477331,0,19.06287231403087
10.102525631407852,37.677671167771685,19.284738349376486,19.284738349376486,19.284738349376486,19.436621374864572,0.004993403539885559,0,19.143130412245128
10.112528132033008,37.681756136288335,19.443684875307824,19.443684875307824,19.443684875307824,19.50040387357951,-0.0030987744012712756,0,19.573449320819652
10.122530632658163,37.68165801468038,19.756918786573223,19.756918786573223,19.756918786573223,19.728771216709553,-0.019261151038927362,0,19.734447482558515
10.13253313328332,37.69995349311081,19.320130267645073,19.320130267645073,19.320130267645073,19.44816465793703,0.003756510013591032,0,19.438936560009644
10.142535633908476,37.709488697365,19.23497040644336,19.23497040644336,19.23497040644336,19.426713417263105,0.008398581847153029,0,19.2653226244956
10.152538134533634,37.71268435849173,19.455405040418533,19.455405040418533,19.455405040418533,19.439418165805876,-0.0028802786629917813,0,19.38368850839309
10.16254063515879,37.72143712728456,19.414814865418155,19.414814865418155,19.414814865418155,19.401602871320186,-0.000555730976462973,0,19.49326905878686
10.172543135783945,37.72628858898308,19.551543242429517,19.551543242429517,19.551543242429517,19.417023667464985,-0.007472547256668822,0,19.52016871173357
10.182545636409102,37.73662467848707,19.394526350102332,19.394526350102332,19.394526350102332,19.490990899998124,0.0008921161914971446,0,19.475856233253584
10.192548137034258,37.74156143447707,19.56861406581656,19.56861406581656,19.56861406581656,19.381532050365436,-0.007944141632583173,0,19.521646657297865
10.202550637659414,37.751647768434914,19.429082649296685,19.429082649296685,19.429082649296685,19.440494604119138,-0.0004897508556779635,0,19.498901743158203
10.212553138284571,37.755314924715215,19.616193949162778,19.616193949162778,19.616193949162778,19.482401406764914,-0.010026829685094527,0,19.71405196014167
10.222555638909727,37.76572206231914,19.504283777099747,19.504283777099747,19.504283777099747,19.410371838766242,-0.003987891456550157,0,19.649641554632286
10.232558139534884,37.76917394814033,19.638272420477524,19.638272420477524,19.638272420477524,19.643929430779508,-0.01079260133747395,0,19.790532132533333
10.24256064016004,37.77913695176262,19.534628530601488,19.534628530601488,19.534628530601488,19.613708744474796,-0.0051928373053404305,0,19.56118618907315
10.252563140785195,37.79049337613924,19.385290050060945,19.385290050060945,19.385290050060945,19.51155328083184,0.0027914300501661613,0,19.582078675415406
10.262565641410353,37.79844356776797,19.394451045694666,19.394451045694666,19.394451045694666,19.44483535334493,0.00253001779732234,0,19.228659761580417
10.272568142035508,37.804942647570606,19.429217864796016,19.429217864796016,19.429217864796016,19.518966074098966,0.0009137196352649858,0,19.595319912135793
10.282570642660666,37.81080413687821,19.516581996086355,19.516581996086355,19.516581996086355,19.53093317240786,-0.003423129088847433,0,19.357095716185675
10.292573143285821,37.813618744761996,19.68337097770968,19.68337097770968,19.68337097770968,19.761655232444106,-0.011923070334760536,0,19.558649098886544
10.302575643910977,37.82483326527793,19.624151013882155,19.624151013882155,19.624151013882155,19.41039886493179,-0.008579451056215926,0,19.637894522856644
10.312578144536134,37.83417423278413,19.5039723325464,19.5039723325464,19.5039723325464,19.52306485383277,-0.002155405353486376,0,19.505801605873742
10.32258064516129,37.84153932468292,19.510334872162097,19.510334872162097,19.510334872162097,19.5524455180898,-0.002287213161641783,0,19.65748966734889
10.332583145786446,37.852840650807266,19.377972044882778,19.377972044882778,19.377972044882778,19.407593315697092,0.004809757799544627,0,19.304338438087033
10.342585646411603,37.86057860806258,19.384625844793,19.384625844793,19.384625844793,19.380194005001883,0.004671507205843938,0,19.57983784173584
10.352588147036759,37.86451134408873,19.52073758990075,19.52073758990075,19.52073758990075,19.535186612567937,-0.002213220974035195,0,19.489010193014522
10.362590647661916,37.8770005599764,19.33252598042331,19.33252598042331,19.33252598042331,19.379653310210887,0.0077770163866868625,0,19.48286558701022
10.372593148287072,37.87587935106095,19.688757888918534,19.688757888918534,19.688757888918534,19.63237585949752,-0.010536151023659415,0,19.73747140887297
10.382595648912227,37.886830572938464,19.543801662378016,19.543801662378016,19.543801662378016,19.577796773489688,-0.002806248427661817,0,19.65160767316009
10.392598149537385,37.89775981243742,19.40664253631084,19.40664253631084,19.40664253631084,19.50310629713319,0.00451865024995336,0,19.36790477604957
10.40260065016254,37.903235848686776,19.539194047407822,19.539194047407822,19.539194047407822,19.437272259884253,-0.0021358962542728627,0,19.641740235391836
10.412603150787696,37.91208610795647,19.41976587702724,19.41976587702724,19.41976587702724,19.621224826121377,0.004221905451463037,0,19.383506477385353
10.422605651412853,37.91772585105515,19.557556597787265,19.557556597787265,19.557556597787265,19.51510489145938,-0.002694364515546253,0,19.48550774604927
10.432608152038009,37.921560365544,19.690482683238535,19.690482683238535,19.690482683238535,19.69435662238008,-0.009407259807690933,0,19.704109119091022
10.442610652663166,37.93175619229099,19.65947954655632,19.65947954655632,19.65947954655632,19.41119315906994,-0.007547028531009,0,19.595329860120533
10.452613153288322,37.937246366865025,19.688505533315965,19.688505533315965,19.688505533315965,19.653774779395214,-0.008888583705846742,0,19.959150420363297
10.462615653913478,37.95020248270397,19.45891548020449,19.45891548020449,19.45891548020449,19.552320765034835,0.003216604423706978,0,19.334122934209304
10.472618154538635,37.957929300212705,19.4806553784381,19.4806553784381,19.4806553784381,19.481258602035805,0.0023061122179954753,0,19.66939310565962
10.48262065516379,37.96568618978596,19.371369639901808,19.371369639901808,19.371369639901808,19.798754456670224,0.00810583557685419,0,19.4792954447281
10.492623155788946,37.97182090552943,19.53341197385053,19.53341197385053,19.53341197385053,19.54558847070699,-2.981083363964411e-05,0,19.665330264249093
10.502625656414104,37.97453371860376,19.753403911749793,19.753403911749793,19.753403911749793,19.631872067709697,-0.011220242728855514,0,19.658804343618012
10.51262815703926,37.97588149415714,19.956719984647624,19.956719984647624,19.956719984647624,19.97291255958406,-0.021592182294017288,0,19.875159709134135
10.522630657664417,37.989012786615525,19.744322877130077,19.744322877130077,19.744322877130077,19.793562601939925,-0.010370126982192775,0,19.86063141935808
10.532633158289572,37.99659812728591,19.756423976753194,19.756423976753194,19.756423976753194,19.772600875112197,-0.010787546878517918,0,19.866588939918557
10.542635658914728,38.012015681989546,19.361174545723593,19.361174545723593,19.361174545723593,19.79886778727586,0.009836162550044204,0,19.180030447456957
10.552638159539885,38.01740366034124,19.551733176558674,19.551733176558674,19.551733176558674,19.572144043992513,0.00023237686587163534,0,19.56620985332853
10.56264066016504,38.02346269936609,19.607825314993526,19.607825314993526,19.607825314993526,19.64815701807553,-0.0024760951869566327,0,19.565274057626603
10.572643160790197,38.03105862337988,19.61733879754362,19.61733879754362,19.61733879754362,19.633374291583397,-0.0027621634224070553,0,19.568058579232424
10.582645661415354,38.03912084595425,19.60363599956362,19.60363599956362,19.60363599956362,19.618285186821744,-0.0018493470835540548,0,19.56251669612934
10.59264816204051,38.04348658886823,19.729853745215376,19.729853745215376,19.729853745215376,19.73790034728209,-0.00818403147942721,0,19.679976879019815
10.602650662665667,38.05375450802128,19.645594128563673,19.645594128563673,19.645594128563673,19.60361224400123,-0.003607540955717573,0,19.529466489469765
10.612653163290823,38.06050338540721,19.75656634751148,19.75656634751148,19.75656634751148,19.411476411657254,-0.009097661968597971,0,19.595138653224172
10.622655663915978,38.071794132052645,19.45130069556985,19.45130069556985,19.45130069556985,19.786781709853784,0.006788899387519285,0,19.45048547648822
10.632658164541136,38.08028406783476,19.50200643972146,19.50200643972146,19.50200643972146,19.514275238005414,0.004421803910818655,0,19.615869904278544
10.642660665166291,38.07278983686595,20.0728652352581,20.0728652352581,20.0728652352581,20.078920332739166,-0.02492226560074717,0,20.22042782307398
10.652663165791447,38.09417322299745,19.55629261280011,19.55629261280011,19.55629261280011,19.57421477269426,0.0020144913833620064,0,19.638876942384186
10.662665666416604,38.1023053663971,19.501944190646885,19.501944190646885,19.501944190646885,19.670534574554424,0.0050003761700880625,0,19.533845616664518
10.67266816704176,38.108535026748534,19.588136610266353,19.588136610266353,19.588136610266353,19.630593541374218,0.0007661658043335558,0,19.531466793766317
10.682670667666917,38.11681972392707,19.57554090199146,19.57554090199146,19.57554090199146,19.578766227519967,0.0016257445113337006,0,19.565322243276498
10.692673168292073,38.12419247350365,19.588801045386685,19.588801045386685,19.588801045386685,19.586159947135705,0.0011426665968652823,0,19.64646597095941
10.702675668917228,38.12500074247371,19.94122130322516,19.94122130322516,19.94122130322516,19.560728776266433,-0.016806123502108843,0,19.851513041653714
10.712678169542386,38.139926054698535,19.56509707186567,19.56509707186567,19.56509707186567,19.60336848080954,0.0027629142972260636,0,19.429627252548773
10.722680670167541,38.14641974260266,19.644182486496568,19.644182486496568,19.644182486496568,19.54512477132923,-0.0010976393441166107,0,19.598509004412335
10.732683170792697,38.15320822891117,19.62184156082398,19.62184156082398,19.62184156082398,19.746933001610614,0.0002188081961355278,0,19.884974348636156
10.742685671417854,38.15838224041378,19.728783502882028,19.728783502882028,19.728783502882028,19.80308512759487,-0.005093845120693505,0,19.82521030295467
10.75268817204301,38.166489517075554,19.76529868704725,19.76529868704725,19.76529868704725,19.63049864595144,-0.006740235578365283,0,19.632723233517932
10.762690672668167,38.180222014674,19.505572245661217,19.505572245661217,19.505572245661217,19.502850082344377,0.006846203487453077,0,19.583056777765393
10.772693173293323,38.180997211635386,19.757004159891206,19.757004159891206,19.757004159891206,19.785316471190388,-0.005935383875308003,0,19.60011713275245
10.782695673918479,38.19047569592906,19.703457432265843,19.703457432265843,19.703457432265843,19.677225555141572,-0.0029600456746286096,0,19.73415326934631
10.792698174543636,38.19817368424461,19.676669312851118,19.676669312851118,19.676669312851118,19.755925887232223,-0.001394607511299306,0,19.708572548570423
10.802700675168792,38.20614573885334,19.688769474036718,19.688769474036718,19.688769474036718,19.67684853674748,-0.0018013363385162345,0,19.548838732796494
10.812703175793947,38.20245160611641,20.25110981252328,20.25110981252328,20.25110981252328,19.69696895143024,-0.030513902129836235,0,20.290348984346252
10.822705676419105,38.22161401329746,19.73713049311912,19.73713049311912,19.73713049311912,19.517555933910277,-0.003855610735717344,0,19.67157777605081
10.83270817704426,38.228516016892634,19.687265357288,19.687265357288,19.687265357288,19.784858956687973,-0.0011386222174044483,0,19.730226626369085
10.842710677669418,38.23637413906631,19.705635476142422,19.705635476142422,19.705635476142422,19.70403987459755,-0.0018668408854602646,0,19.707296759317124
10.852713178294573,38.24177462723719,19.78632425519537,19.78632425519537,19.78632425519537,19.804903318092013,-0.005827128239595378,0,19.862179774198086
10.862715678919729,38.24102142290064,20.06927120118556,20.06927120118556,20.06927120118556,20.22203884514025,-0.020230678036774374,0,20.022041134273593
10.872718179544886,38.260666786574895,19.621315547704523,19.621315547704523,19.621315547704523,19.772081627011094,0.0030535108676751307,0,19.539912742030296
10.882720680170042,38.26878786555967,19.654990208701477,19.654990208701477,19.654990208701477,19.605885523514505,0.001554449543920264,0,19.681515297175597
10.8927231807952,38.275964331134226,19.67643840469205,19.67643840469205,19.67643840469205,19.618057441120907,0.0006523172661796775,0,19.69638886872377
10.902725681420355,38.28314029360855,19.664544996542105,19.664544996542105,19.664544996542105,19.730324969249747,0.0014435811667184346,0,19.713529327197826
10.91272818204551,38.290265959230844,19.683616411877495,19.683616411877495,19.683616411877495,19.757235099846056,0.0006611511805100601,0,19.62507460315473
10.922730682670668,38.290259927888485,19.988041631338923,19.988041631338923,19.988041631338923,19.997825144427967,-0.014794702477895275,0,19.96565187616898
10.932733183295824,38.3069428656256,19.60266459375828,19.60266459375828,19.60266459375828,19.804473455961435,0.00520435410517705,0,19.7063286700783
10.94273568392098,38.31339848882776,19.680682803323815,19.680682803323815,19.680682803323815,19.75503084636308,0.0014133729009199662,0,19.697670136394752
10.952738184546137,38.32120850921468,19.67332135306103,19.67332135306103,19.67332135306103,19.75857066168943,0.001990328641271623,0,19.897046655202196
10.962740685171292,38.330864091184296,19.598985021457132,19.598985021457132,19.598985021457132,19.686195338070068,0.0060117927141805005,0,19.500720798615113
10.97274318579645,38.33044676396931,19.918721458506504,19.918721458506504,19.918721458506504,19.94253287072198,-0.010215058378484243,0,19.981907917075127
10.982745686421605,38.34093661949119,19.865527785514853,19.865527785514853,19.865527785514853,19.68155522663405,-0.007241591364999146,0,19.973198284302534
10.992748187046761,38.349522332766675,19.754691593842715,19.754691593842715,19.754691593842715,19.87912987105193,-0.0013976217278140008,0,19.554456848678495
11.002750687671918,38.35535655065391,19.874111912994145,19.874111912994145,19.874111912994145,19.79866696125145,-0.007297989990968836,0,19.966400225450666
11.012753188297074,38.362605335235855,19.838607645152408,19.838607645152408,19.838607645152408,19.970777443469487,-0.005308500951925049,0,19.85975059276669
11.02275568892223,38.374783833526784,19.70194473215639,19.70194473215639,19.70194473215639,19.706912546509468,0.0019336467023932532,0,19.47230454774684
11.032758189547387,38.38075659356675,19.75327333271913,19.75327333271913,19.75327333271913,19.809920067807393,-0.0005108488466463484,0,19.835494155602348
11.042760690172543,38.38980560071819,19.63906188407041,19.63906188407041,19.63906188407041,19.948116675070608,0.005508475356315678,0,19.586928470278295
11.0527631907977,38.39661299423747,19.805202977056222,19.805202977056222,19.805202977056222,19.581490479240223,-0.002726844505153027,0,19.800237298331204
11.062765691422856,38.39732757990085,20.037997944397464,20.037997944397464,20.037997944397464,19.928823638966467,-0.01449424892525978,0,19.836815458668628
11.072768192048011,38.40697417850998,19.96328101536477,19.96328101536477,19.96328101536477,19.858876893209466,-0.010457582872640706,0,20.08604232666883
11.082770692673169,38.413862863480354,19.98981636617028,19.98981636617028,19.98981636617028,19.898846591185535,-0.011619246779240387,0,19.98075576034815
11.092773193298324,38.427602758669394,19.749789296248018,19.749789296248018,19.749789296248018,19.710830424812904,0.0008851024867943641,0,19.7517762254842
11.10277569392348,38.42649473339322,20.08712770142331,20.08712770142331,20.08712770142331,20.017896777894396,-0.01620968871856023,0,20.132961990037305
11.112778194548637,38.43807734747444,20.065058531223443,20.065058531223443,20.065058531223443,19.499592770053532,-0.014787327474413352,0,20.168797196231917
11.122780695173793,38.4530010958423,19.62651076776562,19.62651076776562,19.62651076776562,19.72954778589052,0.00777739460596402,0,19.610115855058908
11.13278319579895,38.45570297033083,19.83326809538265,19.83326809538265,19.83326809538265,19.85686651817385,-0.002604820595018749,0,19.637884249353508
11.142785696424106,38.464828972420975,19.756453663917814,19.756453663917814,19.756453663917814,19.871270267046846,0.0015152296610114451,0,19.791186794390555
11.152788197049261,38.469777635271875,19.903185353069468,19.903185353069468,19.903185353069468,19.84163421351071,-0.005771145682204728,0,19.8941389244695
11.162790697674419,38.47847236515774,19.81998225652414,19.81998225652414,19.81998225652414,19.939886118985275,-0.001340311565276247,0,19.714567455519393
11.172793198299575,38.481535232469426,20.022366008881395,20.022366008881395,20.022366008881395,20.026140045311962,-0.011484580491037925,0,19.84336309659787
11.18279569892473,38.49505832761397,19.732255122111077,19.732255122111077,19.732255122111077,20.020848323599957,0.003521344715895533,0,19.742344251222654
11.192798199549888,38.48647326358812,20.41342878625093,20.41342878625093,20.41342878625093,20.41791517719944,-0.031107872334366,0,20.355663637367186
11.202800700175043,38.50362025093787,20.074219204614614,20.074219204614614,20.074219204614614,20.016303444371815,-0.0135224137221294,0,20.02780387388969
11.2128032008002,38.512347864232986,20.01270581761694,20.01270581761694,20.01270581761694,20.04452240774578,-0.010187699970863927,0,19.998278171382875
11.222805701425356,38.526125585908794,19.82061052547958,19.82061052547958,19.82061052547958,19.706964106602516,-0.0001334490698279018,0,19.697444494566792
11.232808202050512,38.526481512265825,20.226563479984016,20.226563479984016,20.226563479984016,19.58852597706177,-0.02060810802487451,0,20.30840372432244
11.24281070267567,38.538335363112395,19.895350248722334,19.895350248722334,19.895350248722334,19.956895349751647,-0.0035867018931006133,0,19.851970385253004
11.252813203300825,38.545023257757116,19.914323215343888,19.914323215343888,19.914323215343888,20.04960529537834,-0.004369463516603551,0,19.955103120373316
11.26281570392598,38.5525753972064,19.96087048900942,19.96087048900942,19.96087048900942,19.929934468166202,-0.006519845453596622,0,19.866279708309154
11.272818204551138,38.55173700399886,20.305100039344072,20.305100039344072,20.305100039344072,20.175795503119,-0.02389976546038498,0,20.25639907315601
11.282820705176293,38.57454850345135,19.689254987698877,19.689254987698877,19.689254987698877,19.754396329907127,0.007741809533765569,0,19.591159782243246
11.29282320580145,38.574968645630946,19.948199631672686,19.948199631672686,19.948199631672686,20.067317527476288,-0.005296995578087268,0,20.01115117411542
11.302825706426606,38.586800279841825,19.825006074150355,19.825006074150355,19.825006074150355,19.814939233879443,0.0012177343379798583,0,19.929897630084408
11.312828207051762,38.59673988452665,19.671423437437973,19.671423437437973,19.671423437437973,19.937538322816213,0.00921043391775532,0,19.830831043072134
11.32283070767692,38.592183660713914,20.188404279711516,20.188404279711516,20.188404279711516,20.222814470113104,-0.01694836096333949,0,19.95160145277488
11.332833208302075,38.60564950870137,20.0604725593888,20.0604725593888,20.0604725593888,19.73950338534738,-0.010151600911729846,0,19.962047004575098
11.34283570892723,38.61177656803633,20.083512315217824,20.083512315217824,20.083512315217824,19.904084819168908,-0.011151296599585978,0,20.0182062913584
11.352838209552388,38.62463115756424,19.836749297948455,19.836749297948455,19.836749297948455,19.868942824629553,0.0016049479436982728,0,19.78017495380537
11.362840710177544,38.62862328704073,19.992115851397376,19.992115851397376,19.992115851397376,19.95676896365577,-0.006110751768752772,0,19.980668273084344
11.372843210802701,38.63182927864201,20.164751908941604,20.164751908941604,20.164751908941604,20.110707930022325,-0.014714509847317625,0,20.287378931694064
11.382845711427857,38.642131729316496,20.149326274187825,20.149326274187825,20.149326274187825,19.764358159255533,-0.013667945428174854,0,20.159347177903733
11.392848212053012,38.65540236028716,19.786766794032722,19.786766794032722,19.786766794032722,20.01417922088723,0.004913354954045731,0,19.71884158300189
11.40285071267817,38.659878451937416,20.035240833992333,20.035240833992333,20.035240833992333,19.75007577332981,-0.007465872654062007,0,19.95209626606971
11.412853213303325,38.666801147424934,20.022556390471888,20.022556390471888,20.022556390471888,19.90245224913066,-0.006647782284145353,0,20.03576064737788
11.422855713928481,38.67790687091639,19.857812184394756,19.857812184394756,19.857812184394756,19.883545575350915,0.0019215099902126856,0,19.77225260386799
11.432858214553638,38.68155413838948,20.006675060640355,20.006675060640355,20.006675060640355,20.04259160786065,-0.005465710574579686,0,19.917109849071537
11.442860715178794,38.692102982180565,19.866537137407644,19.866537137407644,19.866537137407644,20.033402832686825,0.0018493382769361518,0,19.738045605235932
11.452863215803951,38.69457231280775,20.10679161225523,20.10679161225523,20.10679161225523,20.094943204775117,-0.01015725353517681,0,20.14279681667137
11.462865716429107,38.70693425479823,19.9172026845251,19.9172026845251,19.9172026845251,19.962125344374314,-0.00031280606825816887,0,19.98249608674219
11.472868217054263,38.71532132587864,19.884929758608013,19.884929758608013,19.884929758608013,19.953580888161714,0.0015244061814156525,0,19.812424712951454
11.48287071767942,38.72317346501546,19.902157921649838,19.902157921649838,19.902157921649838,19.876772332322528,0.000861976494729616,0,19.775148532607805
11.492873218304576,38.72666549818689,20.058166021009896,20.058166021009896,20.058166021009896,20.037631788788712,-0.006879219866446262,0,20.166845556268992
11.502875718929731,38.73804179111113,19.896912713881868,19.896912713881868,19.896912713881868,19.96763312374839,0.0015086842964320102,0,19.998667192445343
11.512878219554889,38.74278039219227,20.020272611902893,20.020272611902893,20.020272611902893,20.039447037709092,-0.004559031735950237,0,20.01426198538826
11.522880720180044,38.75388206228609,19.964263517975013,19.964263517975013,19.964263517975013,19.694896100262298,-0.001461691413683303,0,19.914659526465286
11.532883220805202,38.76044277680735,19.83821970150774,19.83821970150774,19.83821970150774,20.24158467718929,0.0050294491783500666,0,19.814131156200848
11.542885721430357,38.765429890322714,20.044066849274756,20.044066849274756,20.044066849274756,20.028633849781617,-0.005165325529316496,0,19.945011775239855
11.552888222055513,38.76571741741385,20.377949327970626,20.377949327970626,20.377949327970626,20.136496813410666,-0.021901208921769146,0,20.3422846964781
11.56289072268067,38.78574941806645,19.835343433816753,19.835343433816753,19.835343433816753,19.91215842670956,0.005822803120093338,0,19.72634231976887
11.572893223305826,38.78302905621317,20.214066093398216,20.214066093398216,20.214066093398216,20.33668616377276,-0.013230411389715023,0,20.088588834199
11.582895723930983,38.7954730980634,20.139773240966885,20.139773240966885,20.139773240966885,19.845600554244513,-0.009182671428590318,0,20.214920058593282
11.592898224556139,38.80504767670185,20.005744912215413,20.005744912215413,20.005744912215413,19.96414021702548,-0.002219310058898037,0,20.05949549959608
11.602900725181295,38.81157567524406,20.02332967922702,20.02332967922702,20.02332967922702,20.08482627373129,-0.002931528009202837,0,19.964521191555892
11.612903225806452,38.8226425688667,19.908822342948987,19.908822342948987,19.908822342948987,19.920938752063144,0.003088196120632206,0,19.951437878673214
11.622905726431608,38.823218765978694,20.210731493153702,20.210731493153702,20.210731493153702,20.081400928111112,-0.012014543655531685,0,20.206587831780336
11.632908227056763,38.83162376087688,20.148238635112822,20.148238635112822,20.148238635112822,20.16075712138462,-0.00866696040976596,0,20.007707314286492
11.64291072768192,38.84176133244861,20.03114498605439,20.03114498605439,20.03114498605439,20.144007286781058,-0.002543255430556395,0,20.03177869056481
11.652913228307076,38.84807724399072,20.118284331702014,20.118284331702014,20.118284331702014,20.087808535743488,-0.006740809723819867,0,20.084070386277755
11.662915728932234,38.861242504427416,19.84290447786148,19.84290447786148,19.84290447786148,20.091762009231946,0.007375888700214225,0,19.86812948236133
11.67291822955739,38.8622184429912,20.230740900884673,20.230740900884673,20.230740900884673,19.934468165796304,-0.011999877696449737,0,20.37031759036965
11.682920730182545,38.87413404170618,19.938048501316864,19.938048501316864,19.938048501316864,20.177799023927598,0.002947146167250417,0,19.711530858683965
11.692923230807702,38.88027903196852,20.048417531951888,20.048417531951888,20.048417531951888,20.07753432722606,-0.0024136825270412994,0,20.048404254215686
11.702925731432858,38.8800289939296,20.361483635331776,20.361483635331776,20.361483635331776,20.32843241552524,-0.018073422560078097,0,20.339176540411668
11.712928232058013,38.89225977080752,20.17424404093547,20.17424404093547,20.17424404093547,20.208091549188705,-0.008394231826459386,0,20.30288266206767
11.72293073268317,38.905620188759265,19.897253442844658,19.897253442844658,19.897253442844658,20.18757054590647,0.005792466352569708,0,19.947491550035203
11.732933233308326,38.91087416371391,20.064926128159033,20.064926128159033,20.064926128159033,20.049023309213727,-0.0024502721019862977,0,20.158187579748866
11.742935733933484,38.92055804165204,19.91672354751584,19.91672354751584,19.91672354751584,20.193617117742154,0.0052015560790416235,0,19.903681621384077
11.75293823455864,38.925688836993004,20.06616545092196,20.06616545092196,20.06616545092196,20.12821104943725,-0.0021306443656425983,0,19.895814361949377
11.762940735183795,38.93634590674726,20.021171576384805,20.021171576384805,20.021171576384805,19.817191313289392,0.0003900818605725105,0,19.86752624364898
11.772943235808953,38.940019964288126,20.103137477061328,20.103137477061328,20.103137477061328,20.17273668385322,-0.0036075813840858763,0,20.016062319945718
11.782945736434108,38.94762315911741,20.144703953022315,20.144703953022315,20.144703953022315,20.060101500414643,-0.005486376528934533,0,20.070601408635728
11.792948237059264,38.95779793425277,20.018493834373217,20.018493834373217,20.018493834373217,20.06505776697561,0.0010741346392794016,0,19.972041761985018
11.802950737684421,38.96561269114973,20.011592445630473,20.011592445630473,20.011592445630473,20.06608814956336,0.0016187857058492022,0,19.963274242196032
11.812953238309577,38.97496594983822,19.932483521094422,19.932483521094422,19.932483521094422,20.052955876504843,0.005804186849625786,0,20.058597962107033
11.822955738934734,38.976526619670906,20.187657639861243,20.187657639861243,20.187657639861243,20.20585942871248,-0.006883112875531585,0,20.391144700692543
11.83295823955989,38.984678882562996,20.18726334212612,20.18726334212612,20.18726334212612,20.13672369106399,-0.0066528970345370465,0,20.252955703016802
11.842960740185045,38.99444132088962,20.138113698562965,20.138113698562965,20.138113698562965,19.97232684402602,-0.003950606904432327,0,20.192541045640233
11.852963240810203,39.00165928404801,20.15117861735154,20.15117861735154,20.15117861735154,20.002950522610483,-0.004416015914323739,0,20.05333669800308
11.862965741435358,39.005054113095945,20.30769327496055,20.30769327496055,20.30769327496055,20.1766883872374,-0.012129238740589915,0,20.29220708061525
11.872968242060514,39.019507541314574,19.972942621362048,19.972942621362048,19.972942621362048,20.165425230076416,0.004923360070173679,0,19.86032251397797
11.882970742685671,39.0270830845178,20.035709807282153,20.035709807282153,20.035709807282153,19.99329087940428,0.0019899826741623973,0,20.05587998291694
11.892973243310827,39.03123297386126,20.14979648920736,20.14979648920736,20.14979648920736,20.181035161210495,-0.003586138343402905,0,20.110227443002973
11.902975743935984,39.04051337060682,20.13816559413529,20.13816559413529,20.13816559413529,19.976353886468168,-0.002768420163080293,0,20.13382252125169
11.91297824456114,39.041938976072444,20.32837526898204,20.32837526898204,20.32837526898204,20.344367890334322,-0.01220284031283962,0,20.238583824023127
11.922980745186296,39.05493888988791,20.166226833392173,20.166226833392173,20.166226833392173,20.033297394021194,-0.0037948100403980955,0,20.143494823683422
11.932983245811453,39.06658873319571,19.99555461502239,19.99555461502239,19.99555461502239,19.950311278269112,0.004997379293224173,0,20.100939827201
11.942985746436609,39.066937743226255,20.267818077565884,20.267818077565884,20.267818077565884,20.233629868649704,-0.008541764951098199,0,20.158299906692704
11.952988247061764,39.079184927048935,20.08652918627046,20.08652918627046,20.08652918627046,20.092866733651167,0.0007925495118942219,0,20.02610309952144
11.962990747686922,39.08761551896976,20.064602046654038,20.064602046654038,20.064602046654038,20.046493522963097,0.0020985966829954873,0,20.145435796006613
11.972993248312077,39.08130139594872,20.59402583090741,20.59402583090741,20.59402583090741,20.557780463398924,-0.024397468489473655,0,20.524127404469652
11.982995748937235,39.099142193486955,20.215126791960113,20.215126791960113,20.215126791960113,20.1708025680066,-0.005091270010436932,0,20.180354697841025
11.99299824956239,39.09961417000035,20.478218395625955,20.478218395625955,20.478218395625955,20.463171024687995,-0.018159831143328708,0,20.509760666027766
12.003000750187546,39.11004501203633,20.396215492892672,20.396215492892672,20.396215492892672,20.296981258961456,-0.013812254779578367,0,20.424476763135058
12.013003250812703,39.12544367184305,20.109736924199822,20.109736924199822,20.109736924199822,19.999051421588607,0.0008208236938590009,0,20.328814234117857
12.023005751437859,39.12237686450697,20.518293989782457,20.518293989782457,20.518293989782457,20.38582789245047,-0.019558797623166112,0,20.710826733418802
12.033008252063015,39.13709505134366,20.267455503584248,20.267455503584248,20.267455503584248,20.083036658980426,-0.006715839468394689,0,20.344503791947847
12.043010752688172,39.146435313406165,20.156548028098005,20.156548028098005,20.156548028098005,20.167140870753556,-0.0009680077614469976,0,20.17283734059943
12.053013253313328,39.14803217019746,20.420310560948597,20.420310560948597,20.420310560948597,20.288729339504474,-0.014025010450067784,0,20.368493477618973
12.063015753938485,39.16157966252885,20.154042632890757,20.154042632890757,20.154042632890757,20.20781852396204,-0.00045654991358522293,0,20.00045376485518
12.07301825456364,39.17230002803098,20.050636253015323,20.050636253015323,20.050636253015323,20.06237413891389,0.0049489856870918204,0,20.156530963968287
12.083020755188796,39.17524686794356,20.211810218785946,20.211810218785946,20.211810218785946,20.289226645908684,-0.00297412796833359,0,20.119152658633197
12.093023255813954,39.180113092821394,20.4241432574054,20.4241432574054,20.4241432574054,20.074687096261748,-0.013384887336397172,0,20.28242998840461
12.10302575643911,39.19116074475058,20.199728071148055,20.199728071148055,20.199728071148055,20.24316760659928,-0.0019675514604799837,0,20.09894595395164
12.113028257064265,39.19737312345803,20.28863164235265,20.28863164235265,20.28863164235265,20.19698362958477,-0.006217936811935658,0,20.34897751090759
12.123030757689422,39.206700566863304,20.14338780540782,20.14338780540782,20.14338780540782,20.385981289843528,0.0012231244266197171,0,20.105131284720766
12.133033258314578,39.21331224550501,20.220528134297364,20.220528134297364,20.220528134297364,20.315174369551407,-0.00243270568351451,0,20.392944562710547
12.143035758939735,39.22391802757872,20.057519114634626,20.057519114634626,20.057519114634626,20.365708290382102,0.005917330047595139,0,20.017241242412428
12.153038259564891,39.2277268921911,20.341721383443367,20.341721383443367,20.341721383443367,20.094128787829263,-0.008070298798930143,0,20.40639572309305
12.163040760190047,39.24249261247232,20.02012433843086,20.02012433843086,20.02012433843086,19.996409546354684,0.008240325143361293,0,19.99211590614327
12.173043260815204,39.24190659400245,20.382654932294326,20.382654932294326,20.382654932294326,20.14907008687022,-0.0097338439319384,0,20.337283358153655
12.18304576144036,39.25097669914921,20.26982676736902,20.26982676736902,20.26982676736902,20.279387025765832,-0.003912425868869927,0,20.218874081464513
12.193048262065517,39.25759249590634,20.310469323385153,20.310469323385153,20.310469323385153,20.31745785180008,-0.0057558259278881,0,20.239490617411537
12.203050762690673,39.266373069766324,20.2755795490324,20.2755795490324,20.2755795490324,20.257378581758022,-0.003803599922185385,0,20.24034614050679
12.213053263315828,39.265911901543824,20.617064394286274,20.617064394286274,20.617064394286274,20.454426270357214,-0.02072182311692874,0,20.72127340866196
12.223055763940986,39.27877854232814,20.377339771330586,20.377339771330586,20.377339771330586,20.395925299948658,-0.008522922187556386,0,20.31415067892542
12.233058264566141,39.284000348477676,20.449021413578965,20.449021413578965,20.449021413578965,20.54993014123839,-0.011936087856643227,0,20.445122919411265
12.243060765191297,39.29929309969887,20.15428276093153,20.15428276093153,20.15428276093153,20.29255116364564,0.0030373933735946533,0,20.148976692047828
12.253063265816454,39.30569892983088,20.234265418411173,20.234265418411173,20.234265418411173,20.24404546212687,-0.000755947467401262,0,20.174826561426187
12.26306576644161,39.308840641982826,20.40312948491121,20.40312948491121,20.40312948491121,20.418505116957114,-0.009027055260072728,0,20.399218617151625
12.273068267066767,39.31736867305731,20.38154258122518,20.38154258122518,20.38154258122518,20.356361938105046,-0.00774085639797661,0,20.328513579732927
12.283070767691923,39.32715814708288,20.29179608321149,20.29179608321149,20.29179608321149,20.30947576315495,-0.003053702437158248,0,20.3603040591156
12.293073268317078,39.33480379383828,20.300034964583265,20.300034964583265,20.300034964583265,20.29020440803307,-0.003265916311287388,0,20.2107650878829
12.303075768942236,39.341810199787034,20.318240905019895,20.318240905019895,20.318240905019895,20.33691353051324,-0.003986855682926725,0,20.14692923321297
12.313078269567391,39.34022216912197,20.677718942142256,20.677718942142256,20.677718942142256,20.648965783860113,-0.021791017110102635,0,20.71343884853309
12.323080770192547,39.36379229130198,20.073915783345427,20.073915783345427,20.073915783345427,20.077132107914288,0.008639919801467432,0,20.107800232272826
12.333083270817705,39.356010354603974,20.65236778969119,20.65236778969119,20.65236778969119,20.661321952756193,-0.020128885560754792,0,20.646917411188618
12.34308577144286,39.36980076221857,20.5042810740762,20.5042810740762,20.5042810740762,20.189273005650506,-0.012459337773847732,0,20.410377875973623
12.353088272068018,39.385843374402576,20.072051359855532,20.072051359855532,20.072051359855532,20.23183340741643,0.009286979775102119,0,20.161127284952126
12.363090772693173,39.39414999097343,20.09481689940119,20.09481689940119,20.09481689940119,20.069791867558795,0.008372459835104762,0,20.047678394914882
12.373093273318329,39.39020489438264,20.580076763416166,20.580076763416166,20.580076763416166,20.358021232356364,-0.01567558065143346,0,20.50337012972058
12.383095773943486,39.40008497246951,20.460910560981713,20.460910560981713,20.460910560981713,20.38574452858843,-0.009541227089779645,0,20.32541348623071
12.393098274568642,39.41007762344051,20.330126959133008,20.330126959133008,20.330126959133008,20.431442771783363,-0.002834026011855073,0,20.32443864808316
12.403100775193797,39.417388226197396,20.434301712419213,20.434301712419213,20.434301712419213,20.174563797808766,-0.007785759446679569,0,20.527750274355014
12.413103275818955,39.42428470446059,20.398612929696966,20.398612929696966,20.398612929696966,20.39939344333267,-0.00584966430206971,0,20.347098263427895
12.42310577644411,39.43451092245855,20.30230414215566,20.30230414215566,20.30230414215566,20.30661403828143,-0.0008410990555271422,0,20.347846495099006
12.433108277069268,39.44207296446235,20.301888490181586,20.301888490181586,20.301888490181586,20.325777312327542,-0.0006287260934029143,0,20.37317533080624
12.443110777694423,39.452689803653726,20.17849269592655,20.17849269592655,20.17849269592655,20.25566049037391,0.0057207760458352335,0,19.950464436538557
12.453113278319579,39.45775349015626,20.300526295095008,20.300526295095008,20.300526295095008,20.282214324152005,-0.00016396340227655038,0,20.43770830563121
12.463115778944736,39.46721234077757,20.193793051488854,20.193793051488854,20.193793051488854,20.335794293608398,0.005333000133525232,0,20.1927710111879
12.473118279569892,39.470354163681016,20.412432385745014,20.412432385745014,20.412432385745014,20.36080868504323,-0.005356283182323937,0,20.52277840503642
12.483120780195048,39.47731324646628,20.445737731571356,20.445737731571356,20.445737731571356,20.369228184196928,-0.006819129306692033,0,20.40593985058023
12.493123280820205,39.48691803859137,20.392968729134125,20.392968729134125,20.392968729134125,20.239013927009033,-0.003976333901063703,0,20.423061641674987
12.50312578144536,39.494910415773525,20.37986720709561,20.37986720709561,20.37986720709561,20.231643231883808,-0.003128287506407367,0,20.416828774308446
12.513128282070518,39.5007582921908,20.464964658689237,20.464964658689237,20.464964658689237,20.251353202344507,-0.007167786557582332,0,20.40818750258363
12.523130782695674,39.50966756601926,20.342998810241536,20.342998810241536,20.342998810241536,20.43303689244555,-0.0009395705754360724,0,20.414399823536026
12.53313328332083,39.51608302351215,20.390723812720918,20.390723812720918,20.390723812720918,20.47971273164386,-0.0031249065942046735,0,20.434057334503674
12.543135783945987,39.524157359129006,20.420078838577197,20.420078838577197,20.420078838577197,20.33266812527686,-0.004363809745465317,0,20.37962040812649
12.553138284571142,39.53466472371987,20.290584562356774,20.290584562356774,20.290584562356774,20.29720672919468,0.0022706233915382925,0,20.32138483134472
12.563140785196298,39.54428962640231,20.225410277211147,20.225410277211147,20.225410277211147,20.201152907424387,0.005717438589486857,0,20.37232870578527
12.573143285821455,39.548808437434204,20.380420030177472,20.380420030177472,20.380420030177472,20.21044271377551,-0.0017883750238062146,0,20.274687366318123
12.583145786446611,39.5553642967653,20.450187522208335,20.450187522208335,20.450187522208335,20.16990457604489,-0.005051154248225411,0,20.407501120017745
12.593148287071768,39.56598820678344,20.26758175677465,20.26758175677465,20.26758175677465,20.276276415809754,0.004190702144148215,0,20.28342681213889
12.603150787696924,39.57073084441744,20.416291053086216,20.416291053086216,20.416291053086216,20.27087885238472,-0.0029956222756721412,0,20.3147615989442
12.61315328832208,39.57541330757208,20.48617393126298,20.48617393126298,20.48617393126298,20.510991335015444,-0.006309695690667149,0,20.499808613733244
12.623155788947237,39.58346782334346,20.47760937953688,20.47760937953688,20.47760937953688,20.480637491437825,-0.005684312740874707,0,20.42206419393413
12.633158289572393,39.58668730972357,20.712708681973403,20.712708681973403,20.712708681973403,20.444540865551332,-0.017147642658798347,0,20.702382808632716
12.643160790197548,39.59911293083829,20.457611573232796,20.457611573232796,20.457611573232796,20.498095566637556,-0.004305247135814096,0,20.308363565598214
12.653163290822706,39.60680699613127,20.464405649554667,20.464405649554667,20.464405649554667,20.475717365306863,-0.004443619669219941,0,20.461083090754983
12.663165791447861,39.613533787612376,20.54716109353708,20.54716109353708,20.54716109353708,20.370538340333244,-0.00833420668789092,0,20.440206180099903
12.673168292073019,39.62122877541557,20.498494755703263,20.498494755703263,20.498494755703263,20.514396867261713,-0.005750579593658424,0,20.43310052047567
12.683170792698174,39.627773226917455,20.543655489839757,20.543655489839757,20.543655489839757,20.549331472362027,-0.007799909511975369,0,20.534073078364226
12.69317329332333,39.640958810842676,20.26399214324814,20.26399214324814,20.26399214324814,20.562575944635874,0.006250052768666212,0,20.31227334010304
12.703175793948487,39.64327638413366,20.61067638168763,20.61067638168763,20.61067638168763,20.32695762383512,-0.010692317601598183,0,20.64928734875523
12.713178294573643,39.654898983982896,20.35927430757713,20.35927430757713,20.35927430757713,20.48986193702,0.0019283804022255445,0,20.457362359300294
12.723180795198799,39.65837392870092,20.52660450152472,20.52660450152472,20.52660450152472,20.6187003354383,-0.006186467017135674,0,20.387860224338024
12.733183295823956,39.66032375480739,20.758395235545372,20.758395235545372,20.758395235545372,20.78292205981981,-0.017498510284064173,0,20.89720948746316
12.743185796449112,39.677737166305846,20.40700686966509,20.40700686966509,20.40700686966509,20.377144628773713,0.00016421832851995407,0,20.53169432543875
12.753188297074269,39.68325338179185,20.479102988087995,20.479102988087995,20.479102988087995,20.48548916201632,-0.0032286371739369693,0,20.21108445230725
12.763190797699425,39.68090898019733,20.864169784558683,20.864169784558683,20.864169784558683,20.83398536140646,-0.022152644774932725,0,20.88217852209838
12.77319329832458,39.69520601757259,20.648287393344894,20.648287393344894,20.648287393344894,20.48911383191195,-0.0112120510192808,0,20.787669759697366
12.783195798949738,39.71004325085045,20.316400709185803,20.316400709185803,20.316400709185803,20.411239986315763,0.005413246992337092,0,20.277193099564112
12.793198299574893,39.716340669421164,20.398161616458424,20.398161616458424,20.398161616458424,20.373383515067694,0.0015689886322775648,0,20.535671385274203
12.803200800200049,39.71822194942303,20.59917164892296,20.59917164892296,20.59917164892296,20.640187910091758,-0.008222113681198004,0,20.41541963665707
12.813203300825206,39.73159417465125,20.3142726956455,20.3142726956455,20.3142726956455,20.641073852810205,0.006056843660955564,0,20.20830417656216
12.823205801450362,39.73194266799773,20.67212701667243,20.67212701667243,20.67212701667243,20.667256220332632,-0.011443494122921324,0,20.517063775560434
12.83320830207552,39.74320727257431,20.56268428269557,20.56268428269557,20.56268428269557,20.457903775123267,-0.005803531944565741,0,20.576070783870083
12.843210802700675,39.74745031178113,20.658705801386372,20.658705801386372,20.658705801386372,20.685402396210083,-0.010392459462778175,0,20.73802332560881
12.85321330332583,39.757793966583684,20.563561897268382,20.563561897268382,20.563561897268382,20.571289561811454,-0.005477425681341719,0,20.549183495811942
12.863215803950988,39.76320010249622,20.748810603327726,20.748810603327726,20.748810603327726,20.356618477169572,-0.014397425481279216,0,20.894706382654768
12.873218304576143,39.76261766874006,20.99912776561803,20.99912776561803,20.99912776561803,20.845031701427263,-0.02665032560103502,0,21.014843514786847
12.8832208052013,39.779554221351184,20.720085921476894,20.720085921476894,20.720085921476894,20.293667638315974,-0.012576631885215395,0,20.76926645198202
12.893223305826456,39.78813425884827,20.649642677353036,20.649642677353036,20.649642677353036,20.3699741273602,-0.008916505197705857,0,20.52567640018999
12.903225806451612,39.79475081819572,20.68092081874338,20.68092081874338,20.68092081874338,20.43564513555404,-0.010276713512034888,0,20.730748727815545
12.91322830707677,39.81250984942018,20.234610251002653,20.234610251002653,20.234610251002653,20.262709208200953,0.011966779368419096,0,20.122664740576166
12.923230807701925,39.80106794144318,20.95905665221965,20.95905665221965,20.95905665221965,20.957616967559236,-0.023701328614088798,0,20.77773502138886
12.93323330832708,39.81593550573609,20.681938698274376,20.681938698274376,20.681938698274376,20.710796060384737,-0.009788877713375478,0,20.44901026876131
12.943235808952238,39.83601950401422,20.02502501224232,20.02502501224232,20.02502501224232,20.820924152558568,0.022777649260958596,0,19.9947371848424
12.953238309577394,39.831969957508825,20.697956600866682,20.697956600866682,20.697956600866682,20.561532430090598,-0.01016413888160433,0,20.65759014447037
12.963240810202551,39.83197749982227,20.952083394759182,20.952083394759182,20.952083394759182,20.949954025276668,-0.02256660793689179,0,20.966102935322066
12.973243310827707,39.850290721590596,20.554289157579134,20.554289157579134,20.554289157579134,20.548289307534283,-0.0026912576746934056,0,20.600446716195464
12.983245811452862,39.85511676891046,20.65995200247884,20.65995200247884,20.65995200247884,20.659326027806358,-0.007723724050120731,0,20.77134805787362
12.99324831207802,39.86094805223572,20.719588843505303,20.719588843505303,20.719588843505303,20.757637744552476,-0.010484764662167936,0,20.640037621783364
13.003250812703175,39.8757110134483,20.438803591023007,20.438803591023007,20.438803591023007,20.53747769054844,0.003578038582220153,0,20.36800254205369
13.013253313328331,39.87661372616955,20.730526511925518,20.730526511925518,20.730526511925518,20.678820690467038,-0.010621007488800613,0,20.633968880787048
13.023255813953488,39.888882595214284,20.543464591986893,20.543464591986893,20.543464591986893,20.55160472316964,-0.0011936301172285144,0,20.6231715948198
13.033258314578644,39.88611951778163,20.92934518508943,20.92934518508943,20.92934518508943,20.960343589606058,-0.02007032851805362,0,21.031406350658834
13.043260815203801,39.901439530981854,20.63599722722152,20.63599722722152,20.63599722722152,20.69429579388077,-0.005386749983540973,0,20.729289123722644
13.053263315828957,39.91029782857876,20.58997944000362,20.58997944000362,20.58997944000362,20.655515478528706,-0.002922108055649876,0,20.64263529694195
13.063265816454113,39.91787868146336,20.639433550589644,20.639433550589644,20.639433550589644,20.52193083813353,-0.005140056226940596,0,20.652927281220997
13.07326831707927,39.92625506523721,20.599428740849447,20.599428740849447,20.599428740849447,20.537388280462682,-0.002981356673187183,0,20.59680174416925
13.083270817704426,39.93313591074334,20.62808741106747,20.62808741106747,20.62808741106747,20.571181396739448,-0.004203677285626386,0,20.5272750965592
13.093273318329581,39.94405347995348,20.500421566150457,20.500421566150457,20.500421566150457,20.46843745078577,0.0022840434910486327,0,20.603339935540756
13.103275818954739,39.94191089238663,20.825480711412165,20.825480711412165,20.825480711412165,20.966552584299773,-0.013590326513449111,0,20.80528324336263
13.113278319579894,39.961461815499774,20.410055244234673,20.410055244234673,20.410055244234673,20.432059739340737,0.0071147152228873385,0,20.375273311839603
13.123280820205052,39.96536834945063,20.533285064830334,20.533285064830334,20.533285064830334,20.628244112969323,0.0012176087805563737,0,20.5101202644196
13.133283320830207,39.973045136092814,20.549947204816156,20.549947204816156,20.549947204816156,20.578605070340597,0.0005990979633568205,0,20.418697858847317
13.143285821455363,39.96457509660825,21.158421006896877,21.158421006896877,21.158421006896877,21.175544695406522,-0.02921075322275502,0,21.034931318122503
13.15328832208052,39.98804865914144,20.584708935736312,20.584708935736312,20.584708935736312,20.527497118028947,-0.0007158516829354097,0,20.702990797268264
13.163290822705676,39.997510067159084,20.486487332192432,20.486487332192432,20.486487332192432,20.554804471036622,0.0042947346744476225,0,20.670132707890875
13.173293323330832,40.003176929040656,20.530453640468593,20.530453640468593,20.530453640468593,20.72472981879031,0.0022991936898626862,0,20.526441625880167
13.183295823955989,40.012240813842574,20.536917013777725,20.536917013777725,20.536917013777725,20.4976045851224,0.0022111768113739173,0,20.66922591380574
13.193298324581145,40.02079315898648,20.495778578969805,20.495778578969805,20.495778578969805,20.49000815643651,0.004422690993804817,0,20.432566729570794
13.203300825206302,40.02531225287948,20.537524552343037,20.537524552343037,20.537524552343037,20.838737011362298,0.002507526299620485,0,20.533583916263442
13.213303325831458,40.030874363349554,20.746041296167817,20.746041296167817,20.746041296167817,20.53069896303894,-0.007479974423811981,0,20.755058964261462
13.223305826456613,40.03698508224184,20.77892328572831,20.77892328572831,20.77892328572831,20.667266689746565,-0.008922794373256836,0,20.745382634906065
13.23330832708177,40.05022133858669,20.536952711354793,20.536952711354793,20.536952711354793,20.55956058939501,0.003155669643982673,0,20.60019212911968
13.243310827706926,40.05503406846324,20.67051263181623,20.67051263181623,20.67051263181623,20.588785837708567,-0.0032066503193574638,0,20.63056811494835
13.253313328332082,40.06405313534349,20.589144650964293,20.589144650964293,20.589144650964293,20.631835545141936,0.00096734930282711,0,20.69698223486565
13.26331582895724,40.07281203251677,20.46626986354594,20.46626986354594,20.46626986354594,20.83844004910483,0.0071465765255274705,0,20.40871368311913
13.273318329582395,40.07613216224526,20.73420498936511,20.73420498936511,20.73420498936511,20.688404794528246,-0.005768080016920556,0,20.632341367652167
13.283320830207552,40.08513351955652,20.664264301534747,20.664264301534747,20.664264301534747,20.69981967461017,-0.0021503304357206347,0,20.590009209372504
13.293323330832708,40.093716186765946,20.61177008098723,20.61177008098723,20.61177008098723,20.721693087288994,0.0006094508479320131,0,20.72513023688574
13.303325831457864,40.10218125039412,20.619919562203645,20.619919562203645,20.619919562203645,20.579271245053935,0.0004253539567767569,0,20.680487258603478
13.313328332083021,40.10908094396395,20.644884294401482,20.644884294401482,20.644884294401482,20.62119163864611,-0.0006126823096959764,0,20.682295672112627
13.323330832708177,40.11627172918422,20.65683315514445,20.65683315514445,20.65683315514445,20.65849882308444,-0.001012355402584696,0,20.764946848064486
13.333333333333332,40.12373435500441,20.663103835554555,20.663103835554555,20.663103835554555,20.67206417925376,-0.0011299920618677885,0,20.610511111302223
13.34333583395849,40.133019524956076,20.565922323921388,20.565922323921388,20.565922323921388,20.7225947996001,0.003808996409000178,0,20.522133797465077
13.353338334583645,40.14360495206852,20.508158958499337,20.508158958499337,20.508158958499337,20.459829304115708,0.006868938080549672,0,20.53279737280216
13.363340835208803,40.14737935953879,20.639310257168592,20.639310257168592,20.639310257168592,20.651964241748225,0.0006117515014640647,0,20.767702514368317
13.373343335833958,40.15662085330634,20.422290396279507,20.422290396279507,20.422290396279507,21.06855133188546,0.011347775615971849,0,20.573659449936684
13.383345836459114,40.15682478113258,20.86222198071898,20.86222198071898,20.86222198071898,20.869898974952296,-0.009944380601843446,0,20.995111001846148
13.393348337084271,40.17252485677198,20.558055588220068,20.558055588220068,20.558055588220068,20.579099539499854,0.005169323910124003,0,20.408141710314432
13.403350837709427,40.16137511646482,21.273163396904117,21.273163396904117,21.273163396904117,21.25795732365206,-0.029721455593970214,0,21.404745073076917
13.413353338334582,40.17752219652945,20.94483452831393,20.94483452831393,20.94483452831393,20.97259547067225,-0.01342133852543569,0,20.928372263471914
13.42335583895974,40.19173541474438,20.714984317042,20.714984317042,20.714984317042,20.681878742389035,-0.0019455267800301296,0,20.657483008802576
13.433358339584895,40.20243304174723,20.54261096291549,20.54261096291549,20.54261096291549,20.746059734703262,0.0066562471371231025,0,20.600016970185035
13.443360840210053,40.19632317102926,21.071168246817972,21.071168246817972,21.071168246817972,21.228580753641655,-0.019057163450635666,0,20.964296789077284
13.453363340835208,40.217446442514984,20.590807971576435,20.590807971576435,20.590807971576435,20.65288560505369,0.004697358049333643,0,20.55791716085418
13.463365841460364,40.21299669176203,21.0757607411647,21.0757607411647,21.0757607411647,21.017186113777235,-0.018856644653331433,0,21.272720869620727
13.473368342085521,40.22707790502822,20.90401836941747,20.90401836941747,20.90401836941747,20.571920800342596,-0.010200437776964548,0,20.83711561207409
13.483370842710677,40.23293960977508,20.943161941285737,20.943161941285737,20.943161941285737,20.726926246218657,-0.011944620719875038,0,21.071623741254918
13.493373343335834,40.24538531929545,20.707555374677074,20.707555374677074,20.707555374677074,20.71856179624555,-0.0002510183216445224,0,20.69597736506278
13.50337584396099,40.25881666509184,20.30871086674142,20.30871086674142,20.30871086674142,21.052081837131876,0.01934191823431578,0,20.258942594740457
13.513378344586146,40.26150797404006,20.622957193249547,20.622957193249547,20.622957193249547,20.85733910650796,0.004234297197036371,0,20.597070346125943
13.523380845211303,40.26964990969113,20.625397764597057,20.625397764597057,20.625397764597057,20.78041648007172,0.00431780896293819,0,20.502988990887665
13.533383345836459,40.270192773902146,20.934886820792144,20.934886820792144,20.934886820792144,20.922192438108866,-0.01060901814194093,0,20.89863773144988
13.543385846461614,40.28194975294071,20.814588989847238,20.814588989847238,20.814588989847238,20.67118465327572,-0.004508501808780107,0,20.89896161401762
13.553388347086772,40.287810572362936,20.825454945304717,20.825454945304717,20.825454945304717,20.911115626354583,-0.00488668504226167,0,20.94594195660472
13.563390847711927,40.2990313078774,20.641033863353748,20.641033863353748,20.641033863353748,20.932918119001606,0.004289469793878759,0,20.405480366879893
13.573393348337085,40.30697391405234,20.67170092805364,20.67170092805364,20.67170092805364,20.801169316069704,0.003006608984700171,0,20.708163935404002
13.58339584896224,40.3149946048532,20.67335977208635,20.67335977208635,20.67335977208635,20.744732144163134,0.003124971469106026,0,20.59712016909201
13.593398349587396,40.32010388923754,20.695400941890092,20.695400941890092,20.695400941890092,21.063843925040498,0.002188596994829442,0,20.775931236092944
13.603400850212553,40.32395776316826,20.97961866694917,20.97961866694917,20.97961866694917,20.784727293899174,-0.011418048994225537,0,21.02289267674063
13.613403350837709,40.33360759209378,20.856348191616473,20.856348191616473,20.856348191616473,20.858690705385605,-0.005234674134381919,0,20.716440489526587
13.623405851462865,40.33562571098147,21.066886819758068,21.066886819758068,21.066886819758068,21.075969897071943,-0.015331416228901069,0,21.07611473285373
13.633408352088022,40.35439137870949,20.664453585693753,20.664453585693753,20.664453585693753,20.620029828243005,0.004527229921678723,0,20.64357443836105
13.643410852713178,40.35850361722547,20.756601062920613,20.756601062920613,20.756601062920613,20.878343799850033,0.00019007520646847285,0,20.660168116909393
13.653413353338335,40.368196789537414,20.747389852376777,20.747389852376777,20.747389852376777,20.603614170323215,0.000873730295679087,0,20.84075846216437
13.66341585396349,40.371267790626824,20.980451920642754,20.980451920642754,20.980451920642754,20.595372567478716,-0.010272918483847636,0,20.96895921845012
13.673418354588646,40.37098639353736,21.179553877764544,21.179553877764544,21.179553877764544,21.19186386711258,-0.019867395287753418,0,21.34515449142467
13.683420855213804,40.38002085832805,21.126675473246596,21.126675473246596,21.126675473246596,21.1469126751145,-0.0170935092897799,0,21.190302826226805
13.69342335583896,40.39409989196436,20.948400066860685,20.948400066860685,20.948400066860685,20.721461374995304,-0.008159355918174108,0,21.051849049277294
13.703425856464115,40.400010137851794,20.9736616934969,20.9736616934969,20.9736616934969,20.91070988949789,-0.009227428236630789,0,20.926030435358328
13.713428357089272,40.406342272688875,21.027892037167078,21.027892037167078,21.027892037167078,20.94975918687203,-0.011678360896400133,0,21.078531109639496
13.723430857714428,40.409871478183,21.154902827040885,21.154902827040885,21.154902827040885,21.19090534429121,-0.017700121069938183,0,21.129421370230315
13.733433358339585,40.42442524478138,20.94020433821813,20.94020433821813,20.94020433821813,20.80349572651757,-0.00700893054134998,0,21.01728157316755
13.743435858964741,40.42584204257819,21.167309960072643,21.167309960072643,21.167309960072643,21.061212680163994,-0.01789470505131615,0,21.30960533243252
13.753438359589897,40.44166354061302,20.833387394652174,20.833387394652174,20.833387394652174,20.841309641442656,-0.0014450828545199495,0,20.796909654888143
13.763440860215054,40.44455064987335,21.010955629569104,21.010955629569104,21.010955629569104,21.027094251734265,-0.009908555975271972,0,21.057701790134537
13.77344336084021,40.461132383198816,20.675334694086366,20.675334694086366,20.675334694086366,20.698224499902857,0.006630603794131922,0,20.744630709084465
13.783445861465365,40.45816704078942,21.087267585812995,21.087267585812995,21.087267585812995,21.058759836014495,-0.01323542773183917,0,20.93080175774279
13.793448362090523,40.47056587195114,20.918551652577683,20.918551652577683,20.918551652577683,20.85660256757054,-0.004820751488308206,0,20.8608927845492
13.803450862715678,40.47942727322108,20.86317127362303,20.86317127362303,20.86317127362303,20.845057449523903,-0.0019411757526044985,0,20.926657385448202
13.813453363340836,40.49021749679556,20.722800012201326,20.722800012201326,20.722800012201326,20.799160866479955,0.005065279609634464,0,20.723299078635737
13.823455863965991,40.49518592139649,20.856206847198155,20.856206847198155,20.856206847198155,20.805194958510103,-0.0012169394567637438,0,20.801257235298316
13.833458364591147,40.500882460893074,20.935144898451746,20.935144898451746,20.935144898451746,20.86541238120698,-0.0048650599622705945,0,20.793453939427
13.843460865216304,40.51028297976974,20.864599231102048,20.864599231102048,20.864599231102048,20.818477268601374,-0.0012465458589331793,0,20.6543557540287
13.85346336584146,40.515500778318966,21.026016943494977,21.026016943494977,21.026016943494977,20.70304423371171,-0.008862685958146335,0,21.03681257921362
13.863465866466615,40.522642769915805,21.053718377639537,21.053718377639537,21.053718377639537,20.7001429941845,-0.010013802863734175,0,21.07552636854618
13.873468367091773,40.53256018283354,20.889263291354997,20.889263291354997,20.889263291354997,20.857370895246916,-0.0018791720833078287,0,20.743867761055487
13.883470867716929,40.54076349804358,20.853361192038406,20.853361192038406,20.853361192038406,20.886068801351016,4.512348962063472e-05,0,20.814485857215903
13.893473368342086,40.54724192188759,20.886624194942556,20.886624194942556,20.886624194942556,20.966004014016114,-0.0013898729089713857,0,20.83201939782067
13.903475868967242,40.55153807236759,21.0595823093322,21.0595823093322,21.0595823093322,20.954187914186058,-0.009575220951700448,0,21.129531899499064
13.913478369592397,40.56581506036046,20.749830775613972,20.749830775613972,20.749830775613972,20.89336770031147,0.005624046558103752,0,20.57297848557842
13.923480870217555,40.570513798020094,20.901245761234687,20.901245761234687,20.901245761234687,20.88577728290698,-0.0015160754957739679,0,20.992375974326183
13.93348337084271,40.58178465447546,20.754687183108487,20.754687183108487,20.754687183108487,20.786285712037014,0.005782711936171104,0,20.85520367777172
13.943485871467866,40.5875732974356,20.784522495919436,20.784522495919436,20.784522495919436,20.979939377188263,0.0044955031933317105,0,20.820339650526194
13.953488372093023,40.59114518455915,21.050791244725502,21.050791244725502,21.050791244725502,20.79680252102616,-0.008169096823446183,0,21.150621206663658
13.963490872718179,40.604721596595866,20.754709880643443,20.754709880643443,20.754709880643443,20.800019443061256,0.006343242324966408,0,20.7925114604409
13.973493373343336,40.60160352016445,21.212182045637945,21.212182045637945,21.212182045637945,21.046745912591657,-0.01563678085375137,0,21.15559904416014
13.983495873968492,40.61456794878677,20.992119235160466,20.992119235160466,20.992119235160466,20.913696256336678,-0.004779364995583395,0,20.980943973715508
13.993498374593647,40.625190170293074,20.631364840042153,20.631364840042153,20.631364840042153,21.55406267544579,0.012746203010509842,0,20.65562329296758
14.003500875218805,40.62410583853122,21.161258580878936,21.161258580878936,21.161258580878936,21.27845760337763,-0.01263734504675557,0,21.169497246396553
14.01350337584396,40.63762620331699,20.9545580211157,20.9545580211157,20.9545580211157,21.021919354379545,-0.002412409357806915,0,20.847144051412506
14.023505876469116,40.642577299955654,21.146208670956472,21.146208670956472,21.146208670956472,20.855712638945814,-0.01145725461618904,0,21.094653249860762
14.033508377094273,40.652769088312255,21.002243468109064,21.002243468109064,21.002243468109064,20.910250533606835,-0.004319317419935699,0,20.90789228867992
14.043510877719429,40.66005876935171,21.00466103860649,21.00466103860649,21.00466103860649,20.9609531019241,-0.004254846031597775,0,21.08111978756987
14.053513378344586,40.66706318621313,21.050099965504206,21.050099965504206,21.050099965504206,20.925379978090746,-0.0062539836123026256,0,20.949779999892915
14.063515878969742,40.67580001967946,20.96857085309058,20.96857085309058,20.96857085309058,21.010837872650402,-0.0021413646120417946,0,21.045137208386667
14.073518379594898,40.67964140519807,21.09579976019939,21.09579976019939,21.09579976019939,21.204331175594238,-0.008126751298926411,0,21.10541098927133
14.083520880220055,40.69423783808735,20.797897823633704,20.797897823633704,20.797897823633704,21.059958812567015,0.006465890084742145,0,20.928450608026584
14.09352338084521,40.688618195323926,21.35722936554269,21.35722936554269,21.35722936554269,21.376268482041503,-0.02039478675111234,0,21.25518690930008
14.103525881470368,40.70630512510599,21.017576849094098,21.017576849094098,21.017576849094098,20.893559937992812,-0.003730730879803619,0,21.095651576206958
14.113528382095524,40.71855004280429,20.780327710931164,20.780327710931164,20.780327710931164,20.91993901410583,0.007897947555009515,0,20.905064874366467
14.12353088272068,40.719320488046534,21.068419907446934,21.068419907446934,21.068419907446934,21.09146169779502,-0.005837224422742711,0,21.06649600275629
14.133533383345837,40.73028722936672,20.893542550810874,20.893542550810874,20.893542550810874,21.12244397866619,0.002780253179966101,0,20.943062542657156
14.143535883970992,40.73711443173357,21.015145800010973,21.015145800010973,21.015145800010973,20.88491181143379,-0.002855602442895142,0,21.148152847320763
14.153538384596148,40.73699969461416,21.295344771911136,21.295344771911136,21.295344771911136,21.21284890008345,-0.01622973088193578,0,21.419842479905824
14.163540885221305,40.75081719867908,21.054084087308038,21.054084087308038,21.054084087308038,21.015343595063644,-0.004375918798838824,0,21.077138195880014
14.173543385846461,40.75950553427943,21.02443168146479,21.02443168146479,21.02443168146479,20.952388875035158,-0.002747571468793732,0,20.935176156254105
14.183545886471618,40.76642801244262,20.967618837913758,20.967618837913758,20.967618837913758,21.235779271036336,0.000131897539235739,0,21.0767174077833
14.193548387096774,40.77338223447333,21.0748431959407,21.0748431959407,21.0748431959407,21.022300584949836,-0.00480982758083745,0,21.081296069713158
14.20355088772193,40.78454598417654,20.934305191073285,20.934305191073285,20.934305191073285,20.920672467275228,0.002163973892569725,0,20.91865751191656
14.213553388347087,40.776545706135806,21.524927207889952,21.524927207889952,21.524927207889952,21.500168479715555,-0.026189388225731237,0,21.700152113683487
14.223555888972243,40.79782909747652,20.998156954520795,20.998156954520795,20.998156954520795,21.039268133903235,-0.0005536574521633357,0,21.072402213646473
14.233558389597398,40.806848262341745,20.834511818529098,20.834511818529098,20.834511818529098,21.328634330812932,0.0074633866640036375,0,20.78688975878691
14.243560890222556,40.81456416791846,20.927430099422537,20.927430099422537,20.927430099422537,21.04379806712002,0.003225320601230837,0,21.17895831432428
14.253563390847711,40.81853510026111,21.075003774160162,21.075003774160162,21.075003774160162,21.156727905379533,-0.0037059692694674396,0,21.18507537948655
14.263565891472869,40.82530371209814,21.108587071928763,21.108587071928763,21.108587071928763,21.191985449436622,-0.00513871390181977,0,20.922492828461934
14.273568392098024,40.82775424113447,21.358630813143357,21.358630813143357,21.358630813143357,21.225549506042768,-0.01698413426123703,0,21.259344174772057
14.28357089272318,40.83785337483525,21.250693504269883,21.250693504269883,21.250693504269883,21.18577751860181,-0.011594507505558096,0,21.19858974775428
14.293573393348337,40.85009697275684,21.119156159087737,21.119156159087737,21.119156159087737,20.89511928530395,-0.005031630662879534,0,21.241546219947768
14.303575893973493,40.85935739442208,20.9696297255344,20.9696297255344,20.9696297255344,21.105925713854006,0.002310295951842017,0,20.947671220321325
14.313578394598649,40.86680394600775,21.007302153411707,21.007302153411707,21.007302153411707,21.02718979071348,0.0007000439724423077,0,20.986090670094782
14.323580895223806,40.87590600853605,20.977755326112177,20.977755326112177,20.977755326112177,20.90176063017006,0.0023277686995879835,0,20.94371942147822
14.333583395848962,40.883139470565524,20.870658235193133,20.870658235193133,20.870658235193133,21.28929532194963,0.007596771318740689,0,20.750401993505516
14.343585896474119,40.89130074557334,20.95469502163296,20.95469502163296,20.95469502163296,20.964234566972557,0.003799674275112897,0,20.915046526342064
14.353588397099275,40.89996718059099,20.889838165308866,20.889838165308866,20.889838165308866,21.0100692446104,0.007093447922575038,0,20.826123025506853
14.36359089772443,40.901121807342676,21.172401818579292,21.172401818579292,21.172401818579292,21.14042413286201,-0.006308563593704406,0,21.314188937117777
14.373593398349588,40.91322913453127,20.890618770583693,20.890618770583693,20.890618770583693,21.320914165675525,0.007378206289314599,0,20.95039592411809
14.383595898974743,40.92252831548873,20.959184244736065,20.959184244736065,20.959184244736065,20.871560022139956,0.004346606894630486,0,20.960184555401007
14.393598399599899,40.925604806158816,21.10234020213131,21.10234020213131,21.10234020213131,21.131841279412885,-0.0023785731999689656,0,21.122902563367365
14.403600900225056,40.93218366825258,21.2188214179463,21.2188214179463,21.2188214179463,20.94678545876752,-0.007749529583027477,0,21.37079430878293
14.413603400850212,40.938385837145596,21.22353851977714,21.22353851977714,21.22353851977714,21.153512687501717,-0.007820851720310273,0,21.137686302593973
14.42360590147537,40.94928451923704,21.128091481584125,21.128091481584125,21.128091481584125,20.956257848153705,-0.0030214281498467522,0,21.200424868298278
14.433608402100525,40.96098358894554,20.90488955546037,20.90488955546037,20.90488955546037,21.02220315064826,0.0078581680645344,0,20.889425292220167
14.44361090272568,40.96219742760888,21.198416194690317,21.198416194690317,21.198416194690317,21.110750319890073,-0.006042733798804329,0,21.183007269543616
14.453613403350838,40.971110457520744,21.189532503700924,21.189532503700924,21.189532503700924,20.95163768374423,-0.0054023610100424856,0,21.20806094911921
14.463615903975994,40.98203347706676,20.948184638966694,20.948184638966694,20.948184638966694,21.188408753802594,0.0063140483026616736,0,20.846541546351375
14.47361840460115,40.98438021313455,21.298670422895114,21.298670422895114,21.298670422895114,20.93612557579377,-0.010253542612775148,0,21.369337585232483
14.483620905226307,40.99773595082115,20.989700049127183,20.989700049127183,20.989700049127183,21.01085558388781,0.004726091595651332,0,21.03664972243151
14.493623405851462,41.004352393887224,20.92819298123327,20.92819298123327,20.92819298123327,21.35407937745826,0.007802714094746797,0,20.925212358129528
14.50362590647662,41.012441934942025,21.018491655617776,21.018491655617776,21.018491655617776,21.020922050172494,0.0037182413244977613,0,20.946997746644744
14.513628407101775,41.00850224423932,21.452980792384754,21.452980792384754,21.452980792384754,21.45955168382713,-0.01697434380828757,0,21.536400049835045
14.52363090772693,41.02887258021089,20.83570101308412,20.83570101308412,20.83570101308412,21.406993175719446,0.01277807012002135,0,20.63024626905024
14.533633408352088,41.03561909370388,20.989857527376792,20.989857527376792,20.989857527376792,21.083705343846336,0.005637445360703302,0,21.032590761806294
14.543635908977244,41.03396691102321,21.413950267576876,21.413950267576876,21.413950267576876,21.210397459640276,-0.014494148480352466,0,21.50490196506792
14.5536384096024,41.04640265186778,21.18393691588052,21.18393691588052,21.18393691588052,21.1862179143317,-0.0032931195883448418,0,21.287400268267117
14.563640910227557,41.05534915098865,21.133857651336147,21.133857651336147,21.133857651336147,21.145617431830743,-0.0007032000410627889,0,21.239538045922245
14.573643410852712,41.061614574287496,21.174382775782856,21.174382775782856,21.174382775782856,21.235361020790638,-0.00246910753231488,0,21.039732171284616
14.58364591147787,41.069147310835575,21.199810183073765,21.199810183073765,21.199810183073765,21.180298150454202,-0.0034888400281449963,0,21.090588755509394
14.593648412103025,41.077684149849695,21.187762848452653,21.187762848452653,21.187762848452653,21.08703397169061,-0.002710153453056335,0,21.25539428944824
14.603650912728181,41.08599621557041,21.120171821067363,21.120171821067363,21.120171821067363,21.19411517058452,0.000690799737860572,0,21.117845855278375
14.613653413353338,41.093457785495346,21.17989314310392,21.17989314310392,21.17989314310392,21.04683032453918,-0.0019529747318319962,0,21.20226607729941
14.623655913978494,41.09883940724101,21.249101910651945,21.249101910651945,21.249101910651945,21.183065779427878,-0.005095392232158264,0,21.273873120567735
14.63365841460365,41.1068086459806,21.196111453014336,21.196111453014336,21.196111453014336,21.297758025858357,-0.0023945429460842937,0,21.135663471209256
14.643660915228807,41.12037917220742,21.001904303638977,21.001904303638977,21.001904303638977,20.995884509863508,0.007117570699130613,0,20.834675447867166
14.653663415853963,41.11488723716126,21.49795506262295,21.49795506262295,21.49795506262295,21.48259790731569,-0.01646939709871639,0,21.40980291838766
14.66366591647912,41.124900096142426,21.551472090066532,21.551472090066532,21.551472090066532,20.971178073646033,-0.018751696542583237,0,21.517624991453776
14.673668417104276,41.136521280155506,21.260606233348543,21.260606233348543,21.260606233348543,21.251677671188467,-0.0047183678015013854,0,21.324203487920645
14.683670917729431,41.14367002722955,21.262081442451677,21.262081442451677,21.262081442451677,21.326010468631626,-0.004613499397863405,0,21.145725550174255
14.693673418354589,41.152743280923104,21.23893548878555,21.23893548878555,21.23893548878555,21.185534215236146,-0.003298621147789694,0,21.27680587033468
14.703675918979744,41.14766019092924,21.702704186543777,21.702704186543777,21.702704186543777,21.707739085312753,-0.02533307466026119,0,21.73837686116023
14.7136784196049,41.165750640631664,21.46042073880649,21.46042073880649,21.46042073880649,20.872077339952586,-0.01344096164888172,0,21.60872871873575
14.723680920230057,41.174737015981506,21.26728350371073,21.26728350371073,21.26728350371073,21.2545873427533,-0.004101109745196605,0,21.273680896772678
14.733683420855213,41.1847120076637,21.201485014957772,21.201485014957772,21.201485014957772,21.10678903799034,-0.0007520961032444662,0,21.16566048678001
14.74368592148037,41.193610359421506,21.024342396960932,21.024342396960932,21.024342396960932,21.454509247932183,0.007823755599895746,0,20.94766286216278
14.753688422105526,41.19921646567079,21.232929028118654,21.232929028118654,21.232929028118654,21.13885817167772,-0.001883471863027818,0,21.367569892240546
14.763690922730682,41.201056133272495,21.438046309785783,21.438046309785783,21.438046309785783,21.398583235060727,-0.011516838097940785,0,21.544247810624473
14.773693423355839,41.217543995582105,20.980564264545706,20.980564264545706,20.980564264545706,21.448888730469534,0.010464647416922249,0,21.01617455243222
14.783695923980995,41.22308800396293,21.203907926417983,21.203907926417983,21.203907926417983,21.09826756297006,6.527883127308274e-05,0,21.32180844549692
14.793698424606152,41.22766468436797,21.292867990373537,21.292867990373537,21.292867990373537,21.295899444786233,-0.004018434955909805,0,21.27804266827525
14.803700925231308,41.23331145306954,21.365738335154077,21.365738335154077,21.365738335154077,21.381283539456934,-0.007316508420948834,0,21.276124619545122
14.813703425856463,41.244057781941166,21.263499386266616,21.263499386266616,21.263499386266616,21.227055650395414,-0.0022351104599969787,0,21.261389522749433
14.82370592648162,41.25123040467637,21.283727635027965,21.283727635027965,21.283727635027965,21.241481104024484,-0.0030141190116817285,0,21.03728218638549
14.833708427106776,41.25859472230912,21.289839888400127,21.289839888400127,21.289839888400127,21.269492325576977,-0.003123083120207682,0,21.23533677354118
14.843710927731932,41.26948056658499,21.086256071644048,21.086256071644048,21.086256071644048,21.39835627931528,0.006731336559003871,0,21.325640659242367
14.85371342835709,41.27258837150202,21.29760430014128,21.29760430014128,21.29760430014128,21.44911622959726,-0.003148685195192819,0,21.37430763504645
14.863715928982245,41.27609310179237,21.50541167463701,21.50541167463701,21.50541167463701,21.45096136019363,-0.012850712212366569,0,21.498246293414862
14.873718429607402,41.290170886083864,21.205254011333288,21.205254011333288,21.205254011333288,21.39073177901376,0.0016264667016571309,0,21.19872401588719
14.883720930232558,41.298509875779004,21.210543629981835,21.210543629981835,21.210543629981835,21.274982180910968,0.0015790656682399215,0,21.222444588428576
14.893723430857714,41.30302254153142,21.348295753321956,21.348295753321956,21.348295753321956,21.335794686715218,-0.0047953973036067125,0,21.408569546518148
14.903725931482871,41.310960671540734,21.329933612236786,21.329933612236786,21.329933612236786,21.351122439410823,-0.0037382396375489515,0,21.407486819933098
14.913728432108027,41.31776016217126,21.38927734386816,21.38927734386816,21.38927734386816,21.304118088802095,-0.006365180331077876,0,21.385676676161243
14.923730932733182,41.327082556328214,21.306296950508923,21.306296950508923,21.306296950508923,21.30564291416409,-0.0022348230203583955,0,21.369466154782536
14.93373343335834,41.33511936535456,21.309343581645358,21.309343581645358,21.309343581645358,21.241927903988696,-0.002183241726396472,0,21.266157966455506
14.943735933983495,41.34404867244979,21.237219463487158,21.237219463487158,21.237219463487158,21.269838217280242,0.001424486409092226,0,21.15501204015219
14.953738434608653,41.34962917091773,21.344005069939573,21.344005069939573,21.344005069939573,21.263339091720237,-0.003461135877500452,0,21.364933323293783
14.963740935233808,41.35642330745172,21.379389020847977,21.379389020847977,21.379389020847977,21.288993387561042,-0.004959542742657612,0,21.471455479364746
14.973743435858964,41.36564649981791,21.317102730830584,21.317102730830584,21.317102730830584,21.243305523741817,-0.0018082929978400005,0,21.48083917667346
14.983745936484121,41.36603612873718,21.528143075518955,21.528143075518955,21.528143075518955,21.70267700116676,-0.011716713889706293,0,21.643636965094082
14.993748437109277,41.37655011665724,21.453891323600875,21.453891323600875,21.453891323600875,21.49924737727343,-0.00797105160998145,0,21.397747682936213
15.003750937734432,41.379371070004915,20.784791467984782,21.221926803603896,21.221926803603896,21.261100588328503,0.023531929825495415,1,20.968553000766125
15.01375343835959,41.35956603553414,19.35726558560484,21.29174993867346,21.29174993867346,21.25266571096816,0.09016152959425422,1,19.26964835321517
15.023755938984745,41.348990368021795,16.816610425391328,21.200256893514236,21.200256893514236,21.295693885287314,0.20937632633846665,1,16.892557321964563
15.033758439609903,41.33928234974252,13.81618166293748,21.236127866438906,21.236127866438906,21.413753275672754,0.3502872902940524,1,13.962411653790719
15.043760940235058,41.33229566353335,10.718424534048323,21.254542648378248,21.254542648378248,21.255981939534863,0.49587563527051637,1,10.678194576468167
15.053763440860214,41.32333188582796,7.606172083636037,21.404949812709713,21.404949812709713,21.145424226339777,0.6421779693021433,1,7.589447916638266
15.063765941485372,41.31706241633912,4.4927321604968675,21.17365018421416,21.17365018421416,21.395452551642844,0.78861344903959,1,4.532065375220651
15.073768442110527,41.31040448851866,1.3796006426457228,21.256041215207627,21.256041215207627,21.076196022377967,0.9350782525005613,1,1.301911906466576
15.083770942735683,41.298403728594735,-1.7332479602468884,21.407937939959197,21.407937939959197,21.4191960968756,1.081587512603713,1,-1.9587991726037142
15.09377344336084,41.29053743005838,-4.845905563571828,21.39829791413104,21.39829791413104,21.46504550122422,1.228150104162263,1,-4.8833508356081525
15.103775943985996,41.285050925426994,-7.958413310048246,21.302627009829617,21.302627009829617,21.32597355705236,1.3747398907822417,1,-7.821700112614531
15.113778444611153,41.27988082420289,-11.070785308961716,21.097069603484044,21.097069603484044,21.359224206273712,1.5213582551818607,1,-11.030824993326362
15.123780945236309,41.26892743874765,-14.183025884960509,21.293672995529196,21.293672995529196,21.455652990254293,1.6681007729431778,1,-14.280666396531151
15.133783445861464,41.259862618855394,-17.295136286043544,21.413441556654835,21.413441556654835,21.42245794863201,1.8148777723923832,1,-17.27876227021455
15.143785946486622,41.256775433695765,-20.407116861150843,21.071679008628475,21.071679008628475,21.415680054358678,1.9615738205675732,1,-20.4817670974877
15.153788447111777,41.24477797545853,-23.5189677189457,21.451008438516745,21.451008438516745,21.30327548860652,2.1085251391784743,1,-23.47782656331167
15.163790947736933,41.241229745813754,-26.630688926228302,21.226242535957297,21.226242535957297,21.131684785296184,2.2552986317737727,1,-26.57776625586796
15.17379344836209,41.232159861108094,-29.742280531197917,21.2403025657166,21.2403025657166,21.310683983836935,2.4022790352825063,1,-29.599052000203567
15.183795948987246,41.222414719656925,-32.85374259620625,21.338032352569993,21.338032352569993,21.423643316865807,2.5493433861498085,1,-32.868629868813926
15.193798449612403,41.2185173015801,-35.965075196073634,21.169628706367575,21.169628706367575,21.191718188672663,2.696230499258811,1,-35.95609043517747
15.203800950237559,41.212064901947414,-39.07627841370428,21.079627028467954,21.079627028467954,21.186236333125375,2.843253557349696,1,-39.05563966964064
15.213803450862715,41.1997163879961,-42.18735233521985,21.501707143019207,21.501707143019207,21.04101938530714,2.9906013955853923,1,-42.15426525578762
15.223805951487872,41.19240987587526,-45.29829704693409,21.28974610004453,21.28974610004453,21.40758173649886,3.1377697911967273,1,-45.294909947447344
15.233808452113028,41.189035535539624,-48.40911263121256,21.052967189070536,21.052967189070536,21.233963283601152,3.2847661697219763,1,-48.25495259128023
15.243810952738183,41.178716493467654,-51.51979916568943,21.165879577649466,21.165879577649466,21.40266875254856,3.4321906583462396,1,-51.51688727283366
15.25381345336334,41.17514884441515,-54.6303567206563,21.007118280006896,21.007118280006896,21.102023724157615,3.5792599770859272,1,-54.56641658404184
15.263815953988496,41.161024725153986,-57.74078535970811,21.398367008378656,21.398367008378656,21.28483602082161,3.7270479170232234,1,-57.80767837604873
15.273818454613654,41.15093472589181,-60.851085138677306,21.49318496519784,21.49318496519784,21.455398825250636,3.8746493924756176,1,-60.77283625232971
15.28382095523881,41.14532239599184,-63.96125610695769,21.359268365002887,21.359268365002887,21.411779017901868,4.02198827548957,1,-63.9358302202025
15.293823455863965,41.13934408126234,-67.07129830582946,21.447528660461582,21.447528660461582,20.978705677523752,4.169389469335741,1,-67.29866010973556
15.303825956489122,41.12593004933324,-70.18121176927195,21.54704737385764,21.54704737385764,21.63849073454771,4.317427119965561,1,-70.18196149789986
15.313828457114278,41.120337521278316,-73.2909965283332,21.47435056599117,21.47435056599117,21.469475112382405,4.464896103475624,1,-73.34789037211964
15.323830957739434,41.12337143473933,-76.40065260681976,20.941667595803633,20.941667595803633,20.92646180304695,4.611641348602844,1,-76.3814131596262
15.333833458364591,41.10878110551884,-79.51018002221586,21.29452318153105,21.29452318153105,21.25601832623993,4.759970152518996,1,-79.45191952539479
15.343835958989747,41.101043023334114,-82.61957878840192,21.2844140789018,21.2844140789018,21.28368702603669,4.90774660082153,1,-82.54245205560953
15.353838459614904,41.097198401853476,-85.72884892057523,21.09260343624507,21.09260343624507,21.09071879420978,5.0551884017009305,1,-85.69895493866407
15.36384096024006,41.08832849817998,-88.83799042252248,21.041975848125983,21.041975848125983,21.36919445160839,5.203165708944173,1,-88.68774199769963
15.373843460865215,41.08310180073622,-91.94700329876422,20.9480581039247,20.9480581039247,21.187787980291283,5.35081497204757,1,-91.92386377788958
15.383845961490373,41.07201968734247,-95.0558875527893,21.288327621345882,21.288327621345882,21.016328153443506,5.499137047783661,1,-94.93636638142205
15.393848462115528,41.06525339030297,-98.16464318518275,21.045581753309513,21.045581753309513,21.363533082597066,5.647044656908359,1,-98.02321538932449
15.403850962740686,41.05756388901843,-101.2732701954743,21.227042987904213,21.227042987904213,21.000803319734246,5.795102743849345,1,-101.25411094181426
15.413853463365841,41.04629865363322,-104.38176857851762,21.33439235655192,21.33439235655192,21.322673524984886,5.943640834194362,1,-104.46401352904408
15.423855963990997,41.043334524922024,-107.4901383309706,21.004769415482,21.004769415482,21.273331049015788,6.091224466387429,1,-107.40035776276021
15.433858464616154,41.03563554471899,-110.59837944849747,21.061334364013213,21.061334364013213,21.16184223470982,6.2394277996152185,1,-110.5010898895049
15.44386096524131,41.023149000152806,-113.70649192507108,21.377300074592295,21.377300074592295,21.249686747579112,6.3883094226022195,1,-113.53134415986386
15.453863465866466,41.017325604950386,-116.81447575286656,21.22204917460051,21.22204917460051,21.280500110063645,6.536376092647186,1,-116.85819723563407
15.463865966491623,41.010451408189496,-119.92233092435319,21.21099745533322,21.21099745533322,21.1805443452198,6.684624365543765,1,-119.99668489788496
15.473868467116779,41.00613298447139,-123.03005743170694,21.035210090083766,21.035210090083766,21.026702106695517,6.832552699807361,1,-122.94559959242548
15.483870967741936,40.998058198321694,-126.13765526804055,20.95639065198951,20.95639065198951,21.24237708062961,6.981054045411079,1,-126.04583316085107
15.493873468367092,40.98745203228489,-129.2451244235265,21.297223256019056,21.297223256019056,20.99846367341039,7.129986359762729,1,-129.23178716939677
15.503875968992247,40.98197063118883,-132.35246488929994,20.851020269670407,20.851020269670407,21.55991722059147,7.2782044831438455,1,-132.33824302533327
15.513878469617405,40.972725955054045,-135.45967665883018,21.144031289499914,21.144031289499914,21.20742948445597,7.427046414086181,1,-135.70027113139275
15.52388097024256,40.963408934809415,-138.56675972093277,21.172722875448137,21.172722875448137,21.394444959978102,7.575961032105118,1,-138.4946166254549
15.533883470867716,40.95921780158554,-141.67371406817023,21.04618614926242,21.04618614926242,21.123037777660915,7.724095696423714,1,-141.59424359557192
15.543885971492873,40.942697166370706,-144.780539690714,21.47352712902856,21.47352712902856,21.59331193425632,7.874324083121878,1,-145.0974828276785
15.553888472118029,40.945017511195864,-147.88723658207,20.929972303407773,20.929972303407773,21.179228444496353,8.021435217042782,1,-147.70162398683865
15.563890972743186,40.93507508879449,-150.99380473202385,21.19126329705747,21.19126329705747,20.99487801392971,8.170671014095815,1,-151.1451997583573
15.573893473368342,40.925597527653984,-154.1002441340757,21.270421388138313,21.270421388138313,21.105061732303938,8.31989006132944,1,-154.13626055265507
15.583895973993497,40.91800333324961,-157.20655477695888,21.24905522932406,21.24905522932406,21.13380779036861,8.468828329608948,1,-157.23752162567433
15.593898474618655,40.90800102646511,-160.31273665553715,21.2845748416154,21.2845748416154,21.409999020535,8.61826420843067,1,-160.43916062621605
15.60390097524381,40.906127580772996,-163.4187897625625,20.99663783987137,20.99663783987137,21.113771292708243,8.766223450780581,1,-163.57287799888067
15.613903475868966,40.89142552072483,-166.52471408707612,21.34768123996519,21.34768123996519,21.46389474739446,8.916672995936624,1,-166.54017795167928
15.623905976494123,40.88994074106273,-169.63050962599573,21.176773857130172,21.176773857130172,20.875319263513106,9.06461698737021,1,-169.62169979697958
15.63390847711928,40.88299672456398,-172.73617636905314,21.00115777263288,21.00115777263288,21.115060226267907,9.213662249951435,1,-172.94049933279067
15.643910977744437,40.873255706926315,-175.8417143105228,21.201196881357507,21.201196881357507,21.023047007102093,9.363324298674092,1,-175.79818073104013
15.653913478369592,40.873054408741325,-178.9471234431887,20.745893219188005,20.745893219188005,20.810771706010147,9.511064636734389,1,-178.83827713667276
15.663915978994748,40.85430892731556,-182.05240376304042,21.32069264856131,21.32069264856131,21.319911461243894,9.662730620287725,1,-182.09014096682398
15.673918479619905,40.84254789700082,-185.1575552628337,21.52480276144599,21.52480276144599,21.522764505220426,9.813022349601765,1,-185.14537316721598
15.68392098024506,40.83104327168235,-188.26257793686773,21.716646721581117,21.716646721581117,21.711690086130766,9.963338239341331,1,-188.363679548667
15.693923480870216,40.83399214309965,-191.36747177940148,21.20026281935478,21.20026281935478,21.1490494419236,10.110506850161656,1,-191.3666347920538
15.703925981495374,40.8270894981427,-194.47223678172088,21.15902520220324,21.15902520220324,21.11386864583127,10.259881930130332,1,-194.64147475827815
15.71392848212053,40.8210550620515,-197.5768729414868,21.02862870328451,21.02862870328451,21.126780182092855,10.409101269293544,1,-197.56110190149056
15.723930982745687,40.816672055704736,-200.6813802541056,20.89361808406932,20.89361808406932,20.90120909089746,10.557971867024264,1,-200.75941348508297
15.733933483370842,40.81075797481901,-203.78575871599713,20.808363799124262,20.808363799124262,20.80578249218528,10.707232470132904,1,-203.5806535828429
15.743935983995998,40.799451084333974,-206.89000832047614,20.758797972621803,20.758797972621803,21.447911926123542,10.857833021911382,1,-206.76592733368344
15.753938484621155,40.78794277897312,-209.99412906392246,21.198490635779695,21.198490635779695,21.14174439850919,11.00856035109263,1,-209.9852432245963
15.763940985246311,40.78371332449441,-213.09812094361644,21.011608177023078,21.011608177023078,20.996897863378457,11.157553428701332,1,-213.14266123004253
15.773943485871467,40.78152740972529,-216.20198395336814,20.718757251284984,20.718757251284984,20.757472606896165,11.306054812089219,1,-216.22505863410507
15.783945986496624,40.77097752967156,-219.30571809270802,20.835533693905656,20.835533693905656,20.953380882459292,11.456710675184512,1,-219.38479916004306
15.79394848712178,40.75938645202487,-222.40932335506503,21.042006859220262,21.042006859220262,21.12609249118536,11.6077093459479,1,-222.38699162025173
15.803950987746937,40.75119852714175,-225.51279973917252,21.07030911565217,21.07030911565217,21.144676091218212,11.75788930234686,1,-225.49310467819345
15.813953488372093,40.744117735021455,-228.61614724064617,21.05397057816423,21.05397057816423,21.086484553275167,11.907827066624838,1,-228.76755744127766
15.823955988997248,40.73767414005917,-231.71936585810766,21.001968001226853,21.001968001226853,21.004045041529537,12.0576378435214,1,-231.79836126715318
15.833958489622406,40.731331433624426,-234.82245558861266,20.89704866925136,20.89704866925136,21.01231171253437,12.207462108332125,1,-234.7826581160553
15.843960990247561,40.720342497978876,-237.92541643025936,21.09136119956899,21.09136119956899,21.119051888825055,12.358622770999073,1,-237.93198606901257
15.853963490872717,40.71608088972308,-241.02824838022127,20.938318926525167,20.938318926525167,20.91140968208946,12.507957166118523,1,-241.0122049709401
15.863965991497874,40.7086526162429,-244.13095143565533,20.705105021744526,20.705105021744526,21.339123483262167,12.65822347560456,1,-244.51862949754806
15.87396849212303,40.69557385428121,-247.2335255962507,21.367970269951932,21.367970269951932,20.82225412503791,12.810178067031964,1,-247.13230553650072
15.883970992748187,40.69140154653038,-250.33597086158136,20.986489519043673,20.986489519043673,21.058101349768332,12.9596059329249,1,-250.45961673299468
15.893973493373343,40.679647292969655,-253.43828722836014,21.18344907801077,21.18344907801077,21.274365200976057,13.111315194639824,1,-253.12408811925022
15.903975993998499,40.67736260872643,-256.5404746954992,20.834443500005335,20.834443500005335,21.162127525560493,13.260251177175933,1,-256.6069347615539
15.913978494623656,40.66450860486859,-259.64253326022884,21.22632683370976,21.22632683370976,21.153524800611834,13.41242306804745,1,-259.48768484351785
15.923980995248812,40.65955127028669,-262.74446292430116,21.054854430560514,21.054854430560514,21.087127411131878,13.562244785473258,1,-262.8405814368126
15.933983495873967,40.650199150646635,-265.84626368427973,21.1485777212545,21.1485777212545,21.149569325660405,13.713471210485295,1,-265.8964507824252
15.943985996499125,40.64464585064214,-268.94793554199595,21.041255819296513,21.041255819296513,21.044272127859685,13.86355867424491,1,-269.0869252975551
15.95398849712428,40.63060458723864,-272.0494784955548,21.357295156880873,21.357295156880873,21.365449657181944,14.016399622108146,1,-271.95403392117504
15.963990997749438,40.633557893462715,-275.15089254276455,20.8247353648989,20.8247353648989,20.8346560847129,14.163832133665805,1,-275.20023807112887
15.973993498374593,40.621214982242854,-278.2521776850791,21.077147712386303,21.077147712386303,21.02835289029198,14.31624949318361,1,-278.2125714911275
15.983995998999749,40.614919304862006,-281.3533339214809,21.098005477924804,21.098005477924804,20.778081915760797,14.466747946434635,1,-281.30931020123273
15.993998499624906,40.6094639693087,-284.45436125112855,20.766663314402656,20.766663314402656,21.106173318047862,14.617005107236027,1,-284.31031248733257
16.004001000250064,40.60403678747836,-287.55525967353145,20.662426079266822,20.662426079266822,20.975849428387512,14.767286925957427,1,-287.6180791624444
16.01400350087522,40.58913659706805,-290.6560291915601,21.132037850783426,21.132037850783426,21.11877515150364,14.920850949788575,1,-290.66661866642374
16.024006001500375,40.58170618633178,-293.7566698079258,21.06936943206814,21.06936943206814,21.20577193521678,15.071930920907066,1,-293.632103056278
16.03400850212553,40.57757606140485,-296.85718151672137,20.9988416400441,20.9988416400441,20.81347088430611,15.221903250090952,1,-296.8111893342062
16.044011002750686,40.56837177873554,-299.95756432100524,21.038338053870966,21.038338053870966,20.962251125117717,15.373697525264824,1,-299.7206714026246
16.054013503375845,40.562918720154,-303.05781822025716,20.788036492538748,20.788036492538748,21.1279584525968,15.524211205922391,1,-303.0797215723521
16.064016004001,40.55773525049142,-306.15794321753094,20.742218048007032,20.742218048007032,20.8442571542656,15.674661638254783,1,-306.13605884920247
16.074018504626157,40.54389514848027,-309.25793931200866,21.316938070036674,21.316938070036674,20.617982449688657,15.828309707807637,1,-309.41966152878473
16.084021005251312,40.54165849433547,-312.3578065060538,20.829353063628087,20.829353063628087,20.775797546299412,15.977768507734105,1,-312.48856912203115
16.094023505876468,40.526597948179415,-315.457544799623,21.185264342924345,21.185264342924345,21.170208553307674,16.132024352861237,1,-315.46577652267797
16.104026006501623,40.52498834749358,-318.5571541948163,20.863995541495104,20.863995541495104,20.901334757972577,16.2813148876087,1,-318.52220729105795
16.114028507126783,40.517923938402085,-321.65663468828933,20.723447386621373,20.723447386621373,21.08927410944419,16.43268847596081,1,-321.5169206433854
16.124031007751938,40.50889862185597,-324.7559862857794,20.984286077105804,20.984286077105804,20.768572692466154,16.58486305028626,1,-324.6315559706317
16.134033508377094,40.49993905745849,-327.85520898770585,21.1242151737074,21.1242151737074,20.679831895764234,16.73707371183625,1,-327.7945080765909
16.14403600900225,40.49334098152441,-330.9543027982531,20.920913418085405,20.920913418085405,20.923310842758404,16.888418911478606,1,-330.8434376920147
16.154038509627405,40.49043633244746,-334.0532677146738,20.68051859211944,20.68051859211944,20.68697816370385,17.03834414392127,1,-334.1012721394989
16.164041010252564,40.47789431778185,-337.1521037412819,21.060199429550458,21.060199429550458,20.65609275171731,17.192138961762293,1,-337.12132141940293
16.17404351087772,40.46928710911744,-340.25081087592366,21.000534280354927,21.000534280354927,20.91370409666938,17.344433608611215,1,-340.23090977171444
16.184046011502875,40.465491081203716,-343.34938912265466,20.824673288200746,20.824673288200746,20.682036230824547,17.494825457943897,1,-343.4421481013229
16.19404851212803,40.45754734442953,-346.447838483,20.79678062358753,20.79678062358753,20.77659661167332,17.646945804135193,1,-346.5700342197363
16.204051012753187,40.44426750472458,-349.5461589594296,21.24988195734567,21.24988195734567,20.70958797530506,17.801336133427363,1,-349.5976700357848
16.214053513378346,40.44242188537239,-352.6443505546059,20.78115662881973,20.78115662881973,20.771097128244666,17.951027795051687,1,-352.7705157988575
16.2240560140035,40.43312788854642,-355.7424132688152,20.83890739952238,20.83890739952238,20.896922907712177,18.103877130180607,1,-355.8020145279019
16.234058514628657,40.426939988652165,-358.8403471058136,20.721825812535243,20.721825812535243,20.90649674835033,18.255464672060604,1,-358.91051150669824
16.244061015253813,40.418219602594924,-361.93815206626124,20.805435012268006,20.805435012268006,20.894572652894485,18.408183104919324,1,-361.8541806944569
16.25406351587897,40.41162525075958,-365.03582815356316,20.71607610293904,20.71607610293904,20.909680041428203,18.560037378531035,1,-364.93888598714153
16.264066016504124,40.393708170856975,-368.13337536996556,21.28607604632217,21.28607604632217,21.304479008478324,18.716899837275577,1,-368.07598931104064
16.274068517129283,40.39162460427331,-371.23079371655604,21.01078771702444,21.01078771702444,21.014839349130025,18.866888743777693,1,-371.22808638275706
16.28407101775444,40.38694042457549,-374.32808319551106,21.052616044053792,21.052616044053792,20.48107168822202,19.018047073684023,1,-374.5462551954771
16.294073518379594,40.381579076959135,-377.42524381040784,20.74104967199485,20.74104967199485,20.755672133835585,19.16953895163735,1,-377.26590953287973
16.30407601900475,40.3717877931006,-380.5222755639035,20.996159758842385,20.996159758842385,20.561412082384628,19.323075200119,1,-380.4553206680851
16.314078519629906,40.36695267804418,-383.61917845843493,20.72102660364569,20.72102660364569,20.684216339397413,19.474411206393057,1,-383.6981577840731
16.324081020255065,40.3579425337869,-386.7159524956153,20.687790268664045,20.687790268664045,20.949493425078362,19.627704101171755,1,-386.5888195093252
16.33408352088022,40.34924025092002,-389.81259767933864,20.943064704496813,20.943064704496813,20.591570728276164,19.78091595222429,1,-389.8284217537091
16.344086021505376,40.340218604492286,-392.909114012236,21.026559888440016,21.026559888440016,20.625112740638027,19.934337593171307,1,-392.9192441104129
16.35408852213053,40.33501707483769,-396.00550149668067,20.635257369443146,20.635257369443146,21.035237881251593,20.086013859401476,1,-396.0030279806692
16.364091022755687,40.322999099552526,-399.10176013496283,21.041336970738094,21.041336970738094,20.873075562289575,20.24097510174975,1,-399.0712787745714
16.374093523380846,40.32022125491423,-402.19788993072734,20.710071394581654,20.710071394581654,20.799586793872248,20.391577568043218,1,-402.1117816220218
16.384096024006002,40.312908604152135,-405.293890886101,20.712143223597856,20.712143223597856,20.739654044961085,20.54439287968989,1,-405.30557468189045
16.394098524631158,40.29113583050215,-408.3897630053416,21.433020922114903,21.433020922114903,21.41112551592213,20.704326594867542,1,-408.55951073088266
16.404101025256313,40.29761217982904,-411.4855062913554,20.62796397240815,20.62796397240815,20.897096448502946,20.850501827768312,1,-411.44009521074724
16.41410352588147,40.28736920077531,-414.5811207449399,20.824062198379824,20.824062198379824,20.888675831618492,21.00492250341959,1,-414.5383466957169
16.424106026506625,40.28808841455605,-417.67660637070605,20.392825568518102,20.392825568518102,20.490601121003902,21.153930224480224,1,-417.6173524886866
16.434108527131784,40.27289621150668,-420.77196317041484,20.80708240186034,20.80708240186034,20.788269804468328,21.310947891787702,1,-420.6920440439134
16.44411102775694,40.26253214410098,-423.86719114984567,20.952906993853873,20.952906993853873,20.898575795601513,21.46562339015797,1,-423.9200530600026
16.454113528382095,40.256804493938574,-426.96229031191655,20.819209593678014,20.819209593678014,20.872458766694592,21.61799744913535,1,-426.9010735516391
16.46411602900725,40.25173908056073,-430.0572606578283,20.691949428294375,20.691949428294375,20.73414681338324,21.770066929172092,1,-430.14432461377794
16.474118529632406,40.24531450200769,-433.15210219218693,20.631822196882972,20.631822196882972,20.66544598634242,21.922875049705596,1,-433.14153624954264
16.484121030257565,40.235908799197404,-436.24681491774015,20.727431530758803,20.727431530758803,20.7324482940633,22.077287266766135,1,-436.43315365510296
16.49412353088272,40.22629458120782,-439.3413988388118,20.821949254871583,20.821949254871583,20.832909131210755,22.231875524066872,1,-439.44335820409685
16.504126031507877,40.21922025371096,-442.43585395793383,20.87801402719491,20.87801402719491,20.62929859378955,22.385180882885564,1,-442.3551932118989
16.514128532133032,40.21159950731407,-445.5301802785024,20.87797679417835,20.87797679417835,20.619861324210994,22.538826633938605,1,-445.491874149114
16.524131032758188,40.20604600637865,-448.62437780421504,20.734885626356707,20.734885626356707,20.58644893765128,22.69140905606665,1,-448.4337084497808
16.534133533383347,40.19929635600283,-451.71844653808904,20.574813171329914,20.574813171329914,20.766430075648618,22.84467738672036,1,-451.7083685880798
16.544136034008503,40.18962764618143,-454.81238648478586,20.65835142122775,20.65835142122775,20.89704564098516,22.99958872747682,1,-454.83358873707965
16.55413853463366,40.177146380867576,-457.90619764650273,20.992496705306152,20.992496705306152,20.948340796839215,23.156119296931987,1,-457.9850761583356
16.564141035258814,40.17351914244057,-460.99988002763064,20.804226579977186,20.804226579977186,20.716364871015262,23.30782331008083,1,-461.12193704615436
16.57414353588397,40.1645458885112,-464.0934336319025,20.90586288840551,20.90586288840551,20.706479099515956,23.462537918012064,1,-464.0829786615128
16.584146036509125,40.15662556812792,-467.1868584616541,21.039726193166533,21.039726193166533,20.474213105389886,23.616722396373305,1,-467.22737323234117
16.594148537134284,40.15485358079254,-470.28015452183007,20.474533934154522,20.474533934154522,20.717809025055406,23.767474884474314,1,-470.4966816579758
16.60415103775944,40.14364073811987,-473.3733218150822,20.8103045204223,20.8103045204223,20.57561878820396,23.923624282405314,1,-473.2705633657912
16.614153538384596,40.13485555886066,-476.46636034644484,20.71140821984129,20.71140821984129,20.938610433335445,24.078458651858746,1,-476.37377212817137
16.62415603900975,40.12965793819973,-479.5592701190674,20.679913418372838,20.679913418372838,20.62866894439056,24.231277539100045,1,-479.38003547136384
16.634158539634907,40.11704362469769,-482.65205113661875,21.147974519579815,21.147974519579815,20.43212424227332,24.388452952498874,1,-482.64550371720765
16.644161040260066,40.114075876511635,-485.74470340259677,20.63412262378337,20.63412262378337,20.75242849687993,24.54005876444896,1,-485.7829660534432
16.65416354088522,40.10279228536236,-488.83722692112684,21.026104890691997,21.026104890691997,20.50844525970659,24.696593553200852,1,-488.7711136656789
16.664166041510377,40.09868089525923,-491.9296216962079,20.642423993060692,20.642423993060692,20.73996094815195,24.848943736463177,1,-492.00371951111407
16.674168542135533,40.09199100053754,-495.02188773050716,20.595616176229903,20.595616176229903,20.684521521482885,25.00286256013585,1,-494.80178289438857
16.68417104276069,40.08114071520267,-498.1140250296396,20.784285505656236,20.784285505656236,20.782183430590116,25.159333975500676,1,-498.2966300203882
16.694173543385848,40.07202247569813,-501.2060335975026,20.85710945055543,20.85710945055543,20.851726211165797,25.31483287134911,1,-501.20330974744843
16.704176044011003,40.06389348022301,-504.29791343805505,20.882808128003767,20.882808128003767,20.86712971986224,25.469792088667518,1,-504.2477729820566
16.71417854463616,40.06106121315716,-507.38966455249005,20.69333015954473,20.69333015954473,20.518403726954734,25.621552151146982,1,-507.40236310594685
16.724181045261314,40.05492132399349,-510.4812869463207,20.515326946273788,20.515326946273788,20.642881465721086,25.775373138211606,1,-510.536516244511
16.73418354588647,40.04217778707488,-513.5727806246199,20.82042955816258,20.82042955816258,20.791692915273916,25.933346304069598,1,-513.5372796602093
16.74418604651163,40.04114913618798,-516.664145590856,20.338131274033433,20.338131274033433,20.758077480003355,26.084072777543795,1,-516.7409740848024
16.754188547136785,40.02621675525732,-519.7553818481,20.830184756295036,20.830184756295036,20.861332610075934,26.24356644773311,1,-519.8184071940962
16.76419104776194,40.02107529167228,-522.8464894031272,20.807943022345697,20.807943022345697,20.524525548163822,26.396958177462512,1,-523.0376321916228
16.774193548387096,40.012604388168086,-525.9374682570804,20.755399714679037,20.755399714679037,20.747754834303155,26.552509113705664,1,-526.0137896739573
16.78419604901225,40.00383489308774,-529.0283184153072,20.803120050284235,20.803120050284235,20.815248919456025,26.70831155932653,1,-529.0357117880343
16.794198549637407,39.99810422091785,-532.119039882565,20.658625318106495,20.658625318106495,20.811345742980265,26.8622110642615,1,-532.1798148954886
16.804201050262566,39.9870503181967,-535.2096326611548,20.825749571064105,20.825749571064105,20.982705826012435,27.019611789665163,1,-535.0157348820123
16.814203550887722,39.98447283871501,-538.3000967556621,20.50295544084794,20.50295544084794,20.86245097857366,27.17154394692371,1,-538.2722643131087
16.824206051512878,39.97906193794396,-541.3904321717847,20.425388799014446,20.425388799014446,20.676748951030667,27.325355051491623,1,-541.4257958588
16.834208552138033,39.969027204693866,-544.480638912369,20.58960216226692,20.58960216226692,20.70107140423955,27.48226479530984,1,-544.4865331608588
16.84421105276319,39.96326853462065,-547.5707169821017,20.557378765792873,20.557378765792873,20.476862059554477,27.63639669240358,1,-547.6713299898267
16.854213553388348,39.95718561556227,-550.6606663853748,20.45179347765302,20.45179347765302,20.448015981345428,27.7907841596392,1,-550.6468076177632
16.864216054013504,39.94579156381942,-553.7504871261096,20.763436380399995,20.763436380399995,20.381389182061817,27.948794975142768,1,-553.5964537448915
16.87421855463866,39.93776986370043,-556.8401792086073,20.68966850059496,20.68966850059496,20.579736385426788,28.104600784567545,1,-556.823209616651
16.884221055263815,39.93177753355107,-559.9297426369938,20.559100575972657,20.559100575972657,20.587284979623032,28.259077529712886,1,-559.9742274326547
16.89422355588897,39.92296102815222,-563.0191774154608,20.58601034387935,20.58601034387935,20.70351232212696,28.415533635489805,1,-563.0629274997071
16.90422605651413,39.91803305603866,-566.1084835483521,20.483695867243263,20.483695867243263,20.49491549626598,28.569366718872296,1,-566.0485049592373
16.914228557139285,39.90549139510812,-569.1976610403256,20.908803579437762,20.908803579437762,20.373530854152794,28.728520922261776,1,-569.1385027424757
16.92423105776444,39.90224444145007,-572.2867098959948,20.444868810645257,20.444868810645257,20.636025030594126,28.881272835924317,1,-572.269865465999
16.934233558389597,39.893703244660436,-575.3756301189958,20.60070752537693,20.60070752537693,20.45311684919587,29.03776370650768,1,-575.2626344696833
16.944236059014752,39.88562656027962,-578.4644217147631,20.60938017534329,20.60938017534329,20.49485931602868,29.193986977087516,1,-578.6072350372937
16.954238559639908,39.87995438794664,-581.5530846857039,20.325804814989894,20.325804814989894,20.760439701764422,29.348557915369728,1,-581.6709189242187
16.964241060265067,39.869849579324764,-584.6416190377872,20.576281687328994,20.576281687328994,20.622810870428747,29.50633547408299,1,-584.6537085306436
16.974243560890223,39.85990639197451,-587.7300247751989,20.683310780620932,20.683310780620932,20.74783665980356,29.664070530607912,1,-587.660223572189
16.98424606151538,39.85573999168311,-590.8183019023513,20.493625836672326,20.493625836672326,20.59977464880936,29.817700515354748,1,-590.7792091111528
16.994248562140534,39.84682026392034,-593.9064504229057,20.55993861717323,20.55993861717323,20.652727699767073,29.974812343245617,1,-593.8707412887996
17.00425106276569,39.83989846126379,-596.9944703416019,20.556407622967356,20.556407622967356,20.54568720850816,30.13052731478421,1,-597.0097823568752
17.01425356339085,39.83324675629882,-600.0823616629982,20.513077358718483,20.513077358718483,20.47773695449294,30.286091545836662,1,-599.9956471719139
17.024256064016004,39.82574412755564,-603.1701243920568,20.41182974752718,20.41182974752718,20.653260119584747,30.442330520243974,1,-603.180776662066
17.03425856464116,39.81619066024117,-606.2577585321208,20.569967182724895,20.569967182724895,20.617652926109972,30.60014664997347,1,-606.1598413277123
17.044261065266316,39.81174796309125,-609.3452640891792,20.370074266768352,20.370074266768352,20.53148639280181,30.75421211064521,1,-609.3004282293767
17.05426356589147,39.80175499722645,-612.4326410669889,20.54634802436137,20.54634802436137,20.52553128275658,30.91247632967918,1,-612.6469584845902
17.06426606651663,39.792807349363606,-615.5198894700151,20.629306036992308,20.629306036992308,20.549414969889522,31.070023826776975,1,-615.4121599556069
17.074268567141786,39.7786038000311,-618.6070093025606,20.870597702232292,20.870597702232292,21.04502415004233,31.231629851303072,1,-618.6123395622668
17.08427106776694,39.77340780847665,-621.694000569305,20.84820135405834,20.84820135405834,20.71688139109351,31.386461801976992,1,-621.561529375515
17.094273568392097,39.76842635188139,-624.7808632756108,20.63033241671722,20.63033241671722,20.747498907382095,31.541163169518466,1,-624.9323269424676
17.104276069017253,39.76314978870865,-627.8675974245571,20.51156439759477,20.51156439759477,20.62419437087854,31.69612482610569,1,-627.9037741526296
17.11427856964241,39.75338173024506,-630.9542030213746,20.63944509384295,20.63944509384295,20.68132199746107,31.85460701171878,1,-631.0223195736115
17.124281070267568,39.749775645923435,-634.040680071056,20.450738376279176,20.450738376279176,20.4473282716637,32.008353180089976,1,-634.0182418654726
17.134283570892723,39.73951785162408,-637.1270285774785,20.612986231905403,20.612986231905403,20.50919068585756,32.16733696113528,1,-637.2848752450566
17.14428607151788,39.730863802007136,-640.2132485460277,20.62133006561439,20.62133006561439,20.638297994500533,32.32513205289546,1,-640.0960301017591
17.154288572143034,39.72681568957847,-643.2993399803455,20.457936840699833,20.457936840699833,20.419999742093093,32.47933946414574,1,-643.2345715056796
17.16429107276819,39.71966250817908,-646.385302885179,20.39017684763872,20.39017684763872,20.476204423129097,32.63604495758327,1,-646.3288855369797
17.17429357339335,39.711163162509195,-649.4711372662086,20.439910039474874,20.439910039474874,20.499342651395622,32.79387835301404,1,-649.4594970799517
17.184296074018505,39.70544239386353,-652.5568431268376,20.279810319803033,20.279810319803033,20.525371267348543,32.94953705476481,1,-652.4134689359631
17.19429857464366,39.69711080552649,-655.6424204722973,20.315299121246174,20.315299121246174,20.551849142013992,33.10734583789168,1,-655.5926020362762
17.204301075268816,39.68149749072444,-658.7278693075901,20.79013145613981,20.79013145613981,20.79189752159047,33.27113538830757,1,-658.537298207763
17.21430357589397,39.67895315967776,-661.8131896375588,20.583015661685753,20.583015661685753,20.435490669990685,33.42436451077639,1,-661.794142709343
17.22430607651913,39.671323919214515,-664.8983814654131,20.528901176528336,20.528901176528336,20.53583271713317,33.58178265491967,1,-664.9193725122061
17.234308577144287,39.668728211145314,-667.9834447965235,20.2672159792173,20.2672159792173,20.2962922683196,33.7351008021376,1,-668.1013688411743
17.244311077769442,39.65866354147629,-671.0683796351245,20.34236517093768,20.34236517093768,20.50343899710708,33.89462663426202,1,-671.1197579487917
17.254313578394598,39.64766999224448,-674.153185986803,20.555416722698457,20.555416722698457,20.574112720781553,34.055001562883874,1,-674.1496324598576
17.264316079019753,39.645575898844506,-677.2378638559705,20.25135099850815,20.25135099850815,20.344106157257844,34.20800309964417,1,-677.3424958077206
17.27431857964491,39.635303846442824,-680.3224132467498,20.305845344627098,20.305845344627098,20.62368452758584,34.36789788405715,1,-680.2209481454652
17.284321080270068,39.6222944746401,-683.40683416358,20.692788835037817,20.692788835037817,20.648977404317602,34.53018554905551,1,-683.2760556319911
17.294323580895224,39.61957090896824,-686.4911266138007,20.44334154433611,20.44334154433611,20.404160412574985,34.68382644030968,1,-686.5379920298548
17.30432608152038,39.61111921190549,-689.5752905993826,20.5217771560822,20.5217771560822,20.36281399610781,34.842375363185646,1,-689.6096668266957
17.314328582145535,39.60400889069282,-692.6593261256637,20.381663195114538,20.381663195114538,20.557368798775464,34.999834049747754,1,-692.8347810729567
17.32433108277069,39.59497706384072,-695.7432331974032,20.507559375298985,20.507559375298985,20.50813735147019,35.159000601389835,1,-695.7602889793276
17.33433358339585,39.588837926685706,-698.8270118210933,20.387646804688366,20.387646804688366,20.516604126362395,35.31572589971039,1,-698.6961747635971
17.344336084021005,39.58275679974038,-701.9106619985922,20.319205132871755,20.319205132871755,20.41345155360377,35.472442983916,1,-701.8591740277964
17.35433858464616,39.5738114952134,-704.9941837360703,20.50349970554772,20.50349970554772,20.23445766156868,35.63170822827337,1,-705.0060119136704
17.364341085271317,39.566288050681706,-708.077577038788,20.259493942000766,20.259493942000766,20.698783092231416,35.789788923342975,1,-708.0301040095466
17.374343585896472,39.55365463270596,-711.1608419107463,20.604096161447952,20.604096161447952,20.75239695122566,35.952438390644645,1,-711.0740870857644
17.38434608652163,39.553165833847316,-714.2439783573581,20.210752314781065,20.210752314781065,20.460209596323555,36.10440352004679,1,-714.2900718599224
17.394348587146787,39.543752583816314,-717.3269863826059,20.39565512798769,20.39565512798769,20.350207276252597,36.264322943859725,1,-717.4058580663691
17.404351087771943,39.53772848711614,-720.4098659909671,20.196098078937432,20.196098078937432,20.50076684769555,36.42127565428557,1,-720.5206693673186
17.4143535883971,39.52983499593528,-723.4926171891847,20.288148007315577,20.288148007315577,20.348509429826024,36.57995240709701,1,-723.1326372817599
17.424356089022254,39.52113748820154,-726.5752399799761,20.35574643134578,20.35574643134578,20.36577468993869,36.73941329352536,1,-726.418307697059
17.434358589647413,39.51047380765012,-729.6577343697904,20.48780887454378,20.48780887454378,20.549031800020426,36.90072451472925,1,-729.5534236263876
17.44436109027257,39.50541664073581,-732.7401003623372,20.307462724431225,20.307462724431225,20.516138753433268,37.0569986657367,1,-732.9618820313091
17.454363590897724,39.497673461691654,-735.8223379624491,20.44455689785639,20.44455689785639,20.25127643792115,37.21576917400888,1,-735.7110353439427
17.46436609152288,39.49030800370893,-738.9044471750971,20.370851402950365,20.370851402950365,20.351362807893643,37.37424770587961,1,-739.0468547528563
17.474368592148036,39.48314490608093,-741.9864280056543,20.319138813931914,20.319138813931914,20.37710908658841,37.532591805290565,1,-742.111216329235
17.48437109277319,39.47672855757108,-745.0682804587608,20.194438204162516,20.194438204162516,20.436821613132782,37.690292993745196,1,-745.2341040251653
17.49437359339835,39.46522920350942,-748.1500045386588,20.482409373517992,20.482409373517992,20.433652729850465,37.852785050943545,1,-748.1913459158574
17.504376094023506,39.46190602631281,-751.2316002508476,20.200943518700672,20.200943518700672,20.34293323070619,38.00769623022951,1,-751.2096315230381
17.51437859464866,39.45088599009224,-754.3130675998825,20.42049504794231,20.42049504794231,20.4047140125,38.16987759875512,1,-754.3065432320624
17.524381095273817,39.44418282324792,-757.3944065908832,20.38376746352693,20.38376746352693,20.33152510010356,38.32805754933469,1,-757.4508064190278
17.534383595898973,39.43636866256721,-760.4756172284694,20.344989595536713,20.344989595536713,20.429091849356606,38.48734100093248,1,-760.5599786207483
17.544386096524132,39.429283857299794,-763.5566995173073,20.387300796035955,20.387300796035955,20.255086201113475,38.645984878491205,1,-763.575955825724
17.554388597149288,39.422593521902584,-766.6376534626339,20.28532948929519,20.28532948929519,20.31047878891811,38.80430116814482,1,-766.4970821410301
17.564391097774443,39.410406493844185,-769.7184790693937,20.56443187665491,20.56443187665491,20.428230636850934,38.96795964397436,1,-769.8238605860855
17.5743935983996,39.40236115768246,-772.7991763423331,20.5323295997668,20.5323295997668,20.547142795525257,39.12770490573967,1,-772.8040542908323
17.584396099024755,39.40085127906368,-775.8797452861322,20.22428969969453,20.22428969969453,20.237619557840542,39.28115829664086,1,-775.9465238190079
17.594398599649914,39.388598363855486,-778.9601859060497,20.452584740851233,20.452584740851233,20.46688445253745,39.445099960473335,1,-778.7189701490779
17.60440110027507,39.38244044467204,-782.0404982069313,20.39068098205035,20.39068098205035,20.362300827846326,39.60316200185991,1,-781.9945418182334
17.614403600900225,39.379186488980494,-785.1206821937064,20.02260267365439,20.02260267365439,20.43447468966332,39.7584087500554,1,-785.1750674998302
17.62440610152538,39.36901914523443,-788.2007378707295,20.255455522244016,20.255455522244016,20.341805702569506,39.92050824959851,1,-788.1920104957898
17.634408602150536,39.362780059716506,-791.2806652437354,20.155211636214318,20.155211636214318,20.326090287823245,40.078784854631024,1,-791.2880915490682
17.644411102775692,39.3520868573524,-794.3604643174656,20.402361956156945,20.402361956156945,20.283705477442975,40.24154640720493,1,-794.3903452918668
17.65441360340085,39.34755687577962,-797.4401350959921,20.202257731610956,20.202257731610956,20.211361072876752,40.39821797629445,1,-797.5409238113608
17.664416104026007,39.33980695057802,-800.5196775849536,20.191939090877288,20.191939090877288,20.242440610623362,40.55815683539556,1,-800.3989399950476
17.674418604651162,39.3313725378064,-803.5990917891004,20.243064316916467,20.243064316916467,20.253311863452964,40.7188436009037,1,-803.5588554293272
17.684421105276318,39.32477296619774,-806.6783777137434,20.08909824894363,20.08909824894363,20.3991400647716,40.877732228065874,1,-806.7497863331789
17.694423605901473,39.318201318436934,-809.7575353633599,20.11053966871163,20.11053966871163,20.189972333004764,41.03663941789267,1,-809.6220687415685
17.704426106526633,39.30620798686424,-812.8365647429438,20.323744936029616,20.323744936029616,20.410536287430926,41.20113775382137,1,-812.8194423507985
17.71442860715179,39.29619328872546,-815.9154658583604,20.519045841067236,20.519045841067236,20.37010655414151,41.36369767357936,1,-816.0103341517598
17.724431107776944,39.294350945084375,-818.9942387129942,20.189926772918493,20.189926772918493,20.15268050589477,41.51790554533212,1,-819.1256377518545
17.7344336084021,39.28304352669301,-822.0728833127439,20.384687451904167,20.384687451904167,20.30725838286165,41.68192129955642,1,-822.0379236167915
17.744436109027255,39.275662416202245,-825.1513996624633,20.52476396649784,20.52476396649784,19.982262232880508,41.84194186072079,1,-825.2130298559971
17.754438609652414,39.27001072091464,-828.2297877670992,20.16435866605357,20.16435866605357,20.39882147887163,42.00021053882056,1,-828.1276155952135
17.76444111027757,39.257459922306445,-831.3080476314632,20.436118907248172,20.436118907248172,20.585921604127588,42.16575162514025,1,-831.2398610728989
17.774443610902726,39.25915440034708,-834.3861792618325,20.020093584880197,20.020093584880197,20.01178711049195,42.31639504875995,1,-834.4256856855125
17.78444611152788,39.2442637167085,-837.4641826612731,20.435141880460225,20.435141880460225,20.2632955123289,42.484543648104435,1,-837.2247386025845
17.794448612153037,39.235482889113136,-840.5420578349691,20.411884569987027,20.411884569987027,20.474949466153266,42.646327255591856,1,-840.6192289042494
17.804451112778192,39.22740583176408,-843.6198047889718,20.45527930272896,20.45527930272896,20.447729375285604,42.80742686741183,1,-843.808314958038
17.81445361340335,39.226202766295096,-846.6974235265195,20.043927130613927,20.043927130613927,20.298927844827404,42.961231912813474,1,-846.7640512953959
17.824456114028507,39.21761746778887,-849.774914054425,20.11632220941788,20.11632220941788,20.289960996373008,43.12296767590818,1,-849.8207454068806
17.834458614653663,39.209809349528996,-852.8522763768163,20.191846901188242,20.191846901188242,20.158165976110205,43.28392978137363,1,-852.6732367853026
17.84446111527882,39.201761521496124,-855.9295104991648,20.169255417996432,20.169255417996432,20.258560158631198,43.445209190356636,1,-855.7772348866705
17.854463615903974,39.19684513417135,-859.0066164262608,20.06059392036699,20.06059392036699,20.06138193966611,43.60314463106737,1,-858.9399122090967
17.864466116529133,39.18084032363335,-862.0835941634742,20.474988041072912,20.474988041072912,20.481353629576414,43.773215000264294,1,-862.2088355869714
17.87446861715429,39.176786533972226,-865.1604437150602,20.327337265630124,20.327337265630124,20.232771754965032,43.93031796070458,1,-865.2947425654206
17.884471117779444,39.17290630608343,-868.2371650859519,20.06788983547904,20.06788983547904,20.181759949720448,44.08725616983319,1,-868.2755718010693
17.8944736184046,39.16281928477691,-871.3137582812808,20.228719438478368,20.228719438478368,20.2212221434389,44.25107275300849,1,-871.3186623321619
17.904476119029756,39.15629912140444,-874.3902233065501,20.17994086653133,20.17994086653133,20.14487297589238,44.41101258925528,1,-874.4673014848541
17.914478619654915,39.14806089722134,-877.4665601664901,20.159011643350357,20.159011643350357,20.2705398993629,44.5729115023608,1,-877.4704952510098
17.92448112028007,39.143660486480414,-880.5427688655911,20.07978169635915,20.07978169635915,19.937150612856538,44.730584247886796,1,-880.494617684418
17.934483620905226,39.132722959428435,-883.6188494100398,20.199023599904546,20.199023599904546,20.18738014841536,44.89561761480364,1,-883.7310603504798
17.94448612153038,39.125218062725736,-886.6948018044355,20.184590626562194,20.184590626562194,20.19006698596317,45.056871247192106,1,-886.559093052951
17.954488622155537,39.11919227456494,-889.7706260537675,20.102951930580424,20.102951930580424,20.105301668057614,45.216508482798446,1,-889.7080883568508
17.964491122780696,39.10895883919512,-892.8463221632991,20.247018953601856,20.247018953601856,20.200270747545698,45.380962874059854,1,-892.6523247986622
17.974493623405852,39.09713424053067,-895.921890137086,20.523082317609553,20.523082317609553,20.269936739692007,45.54730987983674,1,-895.8660639965925
17.984496124031008,39.09641687262915,-898.9973299808038,20.064079349699433,20.064079349699433,20.14365516876502,45.70104805707114,1,-898.9155871882888
17.994498624656163,39.09073585843995,-902.0726416995202,19.998060125281075,19.998060125281075,19.975956897280255,45.8604810565429,1,-902.1083571344718
18.00450112528132,39.07894875782356,-905.1478252988574,20.167516880765987,20.167516880765987,20.253213571637232,46.02698839944377,1,-905.2650976774192
18.014503625906475,39.06599550878348,-908.2228807830116,20.444183000586737,20.444183000586737,20.49098213657233,46.194938903968435,1,-908.2643840338822
18.024506126531634,39.06734402273797,-911.2978081571343,19.941996402923042,19.941996402923042,20.141198212246685,46.346387971150136,1,-911.3529304471938
18.03450862715679,39.05733592602902,-914.3726074261925,20.081706069109263,20.081706069109263,20.211121220000315,46.51104950432399,1,-914.3323746967476
18.044511127781945,39.047771075181096,-917.4472785953778,20.24779449737246,20.24779449737246,20.161805313433224,46.67527058472807,1,-917.564251178171
18.0545136284071,39.037565652995305,-920.5218216698644,20.57542354179374,20.57542354179374,19.88549727705268,46.84031794484887,1,-920.2927035126783
18.064516129032256,39.03750572679942,-923.5962366545606,19.885029679932828,19.885029679932828,20.123416586161028,46.99348884177985,1,-923.5378195168905
18.074518629657415,39.028074869151006,-926.6705235539715,20.05179971231908,20.05179971231908,20.05266328843658,47.157733985819526,1,-926.820603750282
18.08452113028257,39.0166713121448,-929.7446823739871,20.228489647339934,20.228489647339934,20.257976225152948,47.32439420767374,1,-929.7674305023662
18.094523630907727,39.00978381769491,-932.8187131199736,20.182494347624864,20.182494347624864,20.231246079462593,47.485763335162794,1,-932.673255884281
18.104526131532882,39.00233666814609,-935.8926157961744,20.301480502240736,20.301480502240736,19.95851137674708,47.64785242453639,1,-935.9207387346806
18.114528632158038,38.995573988894634,-938.9663904079133,20.250072543707084,20.250072543707084,19.923899973071894,47.809175407260746,1,-938.9078203514161
18.124531132783197,38.990048126074036,-942.0400369603151,20.038348634572525,20.038348634572525,20.024402677557802,47.96905799985868,1,-942.0703734990599
18.134533633408353,38.97883074969941,-945.1135554582967,20.224778733895082,20.224778733895082,20.182331744028282,48.13586109365523,1,-945.2021737263725
18.14453613403351,38.97058605407647,-948.1869459071387,20.23754551884181,20.23754551884181,20.24168904216892,48.29914557316913,1,-948.1405214757714
18.154538634658664,38.96732712272811,-951.2602083117325,20.005516465446618,20.005516465446618,20.04278035286194,48.45642007042904,1,-951.0848391145847
18.16454113528382,38.95639610529266,-954.3333426773673,20.202872820767112,20.202872820767112,20.13591697565339,48.6230915495992,1,-954.4257476658437
18.174543635908975,38.95023343563783,-957.4063490089328,20.100484974749573,20.100484974749573,20.11329643842688,48.78399969152554,1,-957.4354538049513
18.184546136534134,38.944999267991946,-960.4792273118821,19.877915843354856,19.877915843354856,20.191763174120897,48.9438092948916,1,-960.5354557398831
18.19454863715929,38.93639266664383,-963.5519775908606,20.03422500138221,20.03422500138221,20.018346165231293,49.10782191544225,1,-963.4671679587996
18.204551137784446,38.92742575440018,-966.6245998510499,20.19628023545263,20.19628023545263,19.887489735117338,49.27234746952241,1,-966.6607152728599
18.2145536384096,38.91316758358548,-969.6970940975231,20.41967720311248,20.41967720311248,20.427644975973163,49.443528707253385,1,-969.6518418659522
18.224556139034757,38.913376103124946,-972.7694603369944,19.833294621455924,19.833294621455924,20.417332885067534,49.59675567299994,1,-972.657558627851
18.234558639659916,38.898257354818625,-975.8416985719151,20.397581830467097,20.397581830467097,20.404796057290074,49.769183789381316,1,-975.9560775007889
18.24456114028507,38.89574317014667,-978.9138088094126,20.134795276537165,20.134795276537165,20.155710133339543,49.925879523651794,1,-978.9971446239758
18.254563640910227,38.88701634860901,-981.9857910527477,20.203547286002564,20.203547286002564,20.175463769022247,50.09043061296283,1,-981.9624629329721
18.264566141535383,38.879307198254246,-985.0576453073616,20.41699467265625,20.41699467265625,19.75319096350464,50.253759916881855,1,-985.098913421998
18.27456864216054,38.8794659244177,-988.1293715804285,19.81455998650546,19.81455998650546,19.78247797511602,50.40714726088724,1,-988.1421806308992
18.284571142785698,38.86656482396435,-991.2009698755921,20.015170817827165,20.015170817827165,20.16465162407793,50.57718013324568,1,-991.1584331024295
18.294573643410853,38.859103663578665,-994.2724401965078,20.079306093010214,20.079306093010214,20.003815652958437,50.74035532254496,1,-994.2569612926902
18.30457614403601,38.8548897304746,-997.3437825499414,19.90294045512009,19.90294045512009,19.83689723484719,50.8994161796944,1,-997.4797899103271
18.314578644661164,38.84535736209846,-1000.4149969406643,19.89558764402149,19.89558764402149,20.12972442451423,51.06535880012795,1,-1000.5700845751604
18.32458114528632,38.83491560978486,-1003.48608337373,20.091108208004172,20.091108208004172,20.153219437852083,51.23255272858152,1,-1003.4633874240913
18.334583645911476,38.83029272900582,-1006.5570418541643,19.916938617961733,19.916938617961733,20.04327259661013,51.392277571032224,1,-1006.5057056397336
18.344586146536635,38.82075737053508,-1009.6278723875164,20.182019660022156,20.182019660022156,19.79169659079257,51.558431026671116,1,-1009.7592436818487
18.35458864716179,38.81068524835603,-1012.6985749786937,20.2319916745875,20.2319916745875,20.050857423452165,51.72536125452647,1,-1012.672859677037
18.364591147786946,38.807593681153165,-1015.76914963283,19.99340107831386,19.99340107831386,19.840064142918916,51.883217421574095,1,-1015.8649002897148
18.3745936484121,38.79789506918857,-1018.8395963556214,20.07013647765851,20.07013647765851,19.989668605829078,52.049784319053046,1,-1018.8960432604852
18.384596149037257,38.78996507350227,-1021.9099151508522,20.197852644534763,20.197852644534763,19.77203713804177,52.21409290492797,1,-1021.9192033961479
18.394598649662417,38.78534267487297,-1024.9801060246377,19.93823270781714,19.93823270781714,19.832937671704666,52.37408074011354,1,-1024.9730602070024
18.404601150287572,38.772774788898424,-1028.050168981441,20.149538493183993,20.149538493183993,20.143821562643467,52.54466089623661,1,-1028.0700417921744
18.414603650912728,38.76559462850671,-1031.1201040271253,20.092707407348882,20.092707407348882,20.182818141232502,52.708157747558516,1,-1031.0298864828299
18.424606151537883,38.75967866915579,-1034.1899111663913,19.976877919537074,19.976877919537074,20.15018713025455,52.870016892254434,1,-1034.2738956019632
18.43460865216304,38.75528170565014,-1037.2595904039551,19.876657886154312,19.876657886154312,19.858501386027232,53.02987967060275,1,-1037.2539517401235
18.444611152788198,38.746084729936754,-1040.3291417463138,19.861807535100525,19.861807535100525,20.116065586694905,53.19623777863286,1,-1040.1654278085334
18.454613653413354,38.74078457020715,-1043.398565196767,19.731676807745263,19.731676807745263,20.019690497599864,53.35740146322157,1,-1043.4027891674548
18.46461615403851,38.72997924533546,-1046.467860761562,19.941092594326115,19.941092594326115,20.069998197288495,53.526067944265336,1,-1046.6238200705861
18.474618654663665,38.728970926634396,-1049.5370284449148,19.57943343810047,19.57943343810047,19.792923474270573,53.68149229066591,1,-1049.5436587912757
18.48462115528882,38.71354557523066,-1052.6060682526368,20.03891347521179,20.03891347521179,20.036130864849564,53.85659492765108,1,-1052.4209060738744
18.494623655913976,38.70627400407498,-1055.6749801907822,20.01409186760151,20.01409186760151,20.024862363010236,54.02065916432109,1,-1055.7626855685673
18.504626156539135,38.70200345704397,-1058.7437642634598,19.84439001210159,19.84439001210159,19.853208413696347,54.18065458840123,1,-1058.6640228321683
18.51462865716429,38.69018080320584,-1061.8124204765625,20.039915519003102,20.039915519003102,20.083908732189496,54.35109070452839,1,-1061.734145044028
18.524631157789447,38.683414220101156,-1064.8809488344687,20.0644999244873,20.0644999244873,19.898088374704773,54.51462910578614,1,-1064.9771426704538
18.534633658414602,38.67577174083744,-1067.9493493416032,19.98095859527647,19.98095859527647,20.059925608931877,54.6794339627345,1,-1068.002999205332
18.544636159039758,38.66619313693614,-1071.0176220043656,20.111601213297792,20.111601213297792,20.08381079623183,54.84699367229889,1,-1071.0809910916828
18.554638659664917,38.657630688059214,-1074.0857668278497,20.191281796955383,20.191281796955383,20.057194878863957,55.01321016185042,1,-1074.0132618014359
18.564641160290073,38.65794509022755,-1077.1537838163954,19.679872637924746,19.679872637924746,19.881244621941345,55.16705287494492,1,-1077.2529786035766
18.57464366091523,38.646248616196054,-1080.2216729757317,20.048566471204353,20.048566471204353,19.746722184144325,55.337769057997654,1,-1080.1687942559652
18.584646161540384,38.63566674352522,-1083.2894343110304,20.176189567556253,20.176189567556253,19.927152869912767,55.507009657172894,1,-1083.3142144101803
18.59464866216554,38.627112757230556,-1086.3570678273618,20.126385054238145,20.126385054238145,20.158259187502395,55.67346609956168,1,-1086.533072453752
18.6046511627907,38.62031295902187,-1089.4245735297116,20.075692424132107,20.075692424132107,20.128020142814126,55.83749893971335,1,-1089.347588965116
18.614653663415854,38.616131859573095,-1092.4919514231476,19.893124744102373,19.893124744102373,19.96873460311206,55.99785326220081,1,-1092.4132835143641
18.62465616404101,38.60653407501857,-1095.5592015130978,20.144632493452654,20.144632493452654,19.753803694060327,56.16597484775478,1,-1095.5691576486402
18.634658664666166,38.591562053715194,-1098.6263238048377,20.378800013413542,20.378800013413542,20.37968900564921,56.341879411460596,1,-1098.725027351468
18.64466116529132,38.59264643361743,-1101.6933183040478,19.80831775088299,19.80831775088299,20.206403348465876,56.49481594808372,1,-1101.622405769921
18.65466366591648,38.58498805116304,-1104.7601850139636,19.941737432274262,19.941737432274262,19.93675634285422,56.66034637147983,1,-1104.8385202109694
18.664666166541636,38.575301836968556,-1107.8269239412018,19.998229902159828,19.998229902159828,20.125137321605173,56.82887074334656,1,-1107.7257405737962
18.67466866716679,38.572124312603826,-1110.8935350904637,19.762342121931123,19.762342121931123,19.921983329458282,56.98802427146068,1,-1110.9067100963055
18.684671167791947,38.56146370011746,-1113.96001846713,19.943425639698688,19.943425639698688,20.007353435920557,57.15809329077684,1,-1113.8729049483288
18.694673668417103,38.552993930412974,-1117.0263740764085,19.993189828825486,19.993189828825486,20.026738282676938,57.325048973473535,1,-1116.897936808598
18.70467616904226,38.54899714532021,-1120.0926019232143,19.85497903013111,19.85497903013111,19.751132875646388,57.48551659930975,1,-1119.9630918406726
18.714678669667418,38.54130174760569,-1123.1587020125978,19.637296050349505,19.637296050349505,20.189273495540647,57.65144708943651,1,-1123.0762138575972
18.724681170292573,38.53197836730551,-1126.22467435048,19.956928383810567,19.956928383810567,19.796975088914877,57.81983795555716,1,-1126.3681629307569
18.73468367091773,38.52499333168547,-1129.29051894103,19.85242459321395,19.85242459321395,19.902211800029953,57.98484487512605,1,-1129.1779957143467
18.744686171542885,38.51430050470779,-1132.3562357900598,20.06652310189749,20.06652310189749,19.926413911212908,58.15540704437306,1,-1132.2908962539075
18.75468867216804,38.511952712373564,-1135.4218249027986,19.68520701970027,19.68520701970027,19.88968996370856,58.31363569372755,1,-1135.4428521178097
18.7646911727932,38.49864773109536,-1138.4872862842801,20.051892612715115,20.051892612715115,20.000543695447643,58.488234391906275,1,-1138.4901901128276
18.774693673418355,38.498841256417805,-1141.5526199391982,19.57907919663373,19.57907919663373,19.765631887851168,58.64272951440745,1,-1141.426173199297
18.78469617404351,38.4867449979957,-1144.6178258735833,19.849570096190565,19.849570096190565,19.88757360659569,58.81567273652595,1,-1144.6775075175005
18.794698674668666,38.48235287813518,-1147.6829040910363,19.546383548838584,19.546383548838584,20.001276580430115,58.97710895220843,1,-1147.6994232549087
18.804701175293822,38.47544117806936,-1150.7478545986025,19.681153150388486,19.681153150388486,19.6169924654864,59.14238279910312,1,-1150.7718531406201
18.81470367591898,38.46802079855278,-1153.812677400974,19.65303900759688,19.65303900759688,19.63477585810357,59.30848061077993,1,-1153.8727970763755
18.824706176544137,38.456704594429745,-1156.877372503022,19.782950020452773,19.782950020452773,19.92088700290791,59.48055978440821,1,-1156.956005355022
18.834708677169292,38.45114617375454,-1159.9419399091325,19.74900851340257,19.74900851340257,19.6710565284093,59.64395097596574,1,-1159.8840544364944
18.844711177794448,38.433974482032845,-1163.0063796252866,20.09149466002969,20.09149466002969,20.410365357533113,59.82515228937559,1,-1163.0935445813757
18.854713678419603,38.43737637179185,-1166.0706916575816,19.617443891948415,19.617443891948415,19.69669530582127,59.97492593292377,1,-1166.0372997669322
18.86471617904476,38.42509454519609,-1169.1348760095154,19.83906185725536,19.83906185725536,19.944265096617794,60.148799134097224,1,-1169.1320395987364
18.87471867966992,38.417806794864724,-1172.198932686922,19.999134487566845,19.999134487566845,19.56582012509002,60.315065467193094,1,-1172.3047538111935
18.884721180295074,38.41002600020436,-1175.2628616950308,19.8601529797781,19.8601529797781,19.859444937689165,60.48215195488241,1,-1175.0916488745745
18.89472368092023,38.40469012215716,-1178.326663039189,19.783837980934372,19.783837980934372,19.661000524308175,60.6455022983406,1,-1178.3524987333833
18.904726181545385,38.39747699101703,-1181.3903367242283,19.69977825095755,19.69977825095755,19.759642197537715,60.811815633855005,1,-1181.2677414399698
18.91472868217054,38.3889579196186,-1184.4538827555432,19.764986857771625,19.764986857771625,19.755642325297146,60.98022537882041,1,-1184.544653953165
18.9247311827957,38.382076201420546,-1187.5173011384509,19.694446595635622,19.694446595635622,19.77753841672269,61.1461375173787,1,-1187.6735036364048
18.934733683420855,38.37293682330538,-1190.58059187782,19.902226141685013,19.902226141685013,19.581451692281693,61.31565113892463,1,-1190.5940316075641
18.94473618404601,38.36545634783908,-1193.6437549791601,19.867343625976492,19.867343625976492,19.621854531903107,61.482623708193834,1,-1193.6414151591373
18.954738684671167,38.358716728608414,-1196.7067904471971,19.737563352894014,19.737563352894014,19.74093510219281,61.64848355300411,1,-1196.7439079768474
18.964741185296322,38.35326500890483,-1199.7696982875348,19.59130723334445,19.59130723334445,19.6997840168442,61.812353079443035,1,-1199.7410376907822
18.97474368592148,38.341106478851316,-1202.8324785051227,19.876480002191133,19.876480002191133,19.80180341773373,61.98692898974504,1,-1202.967484524504
18.984746186546637,38.33473693544834,-1205.8951311051987,19.886251559733296,19.886251559733296,19.58628275167018,62.15237307656483,1,-1205.8323374211045
18.994748687171793,38.3233653679078,-1208.9576560931623,19.906571782119,19.906571782119,20.099969264712797,62.32586898052512,1,-1208.9371542410481
19.00475118779695,38.31823235981791,-1212.0200534745395,19.792055963048107,19.792055963048107,19.94753740280409,62.48944872585718,1,-1212.0700952768143
19.014753688422104,38.31446953214091,-1215.0823232532377,19.714476207597475,19.714476207597475,19.5157277527164,62.650861025826806,1,-1214.9459262033404
19.02475618904726,38.30322180969731,-1218.144465435306,19.861400228896954,19.861400228896954,19.75764735432996,62.824377400198365,1,-1218.1474257201817
19.03475868967242,38.29254178762813,-1221.206480025832,20.1060952302263,20.1060952302263,19.71887479126981,62.99707009100234,1,-1221.2335638255959
19.044761190297574,38.28865331139225,-1224.2683670299598,19.837520413883485,19.837520413883485,19.68791577988843,63.158825126349186,1,-1224.3188749710268
19.05476369092273,38.283171890177734,-1227.3301264529232,19.631203819046778,19.631203819046778,19.771386929808212,63.32319967292568,1,-1227.2920396359073
19.064766191547886,38.27394225167351,-1230.3917583000368,19.77244310425181,19.77244310425181,19.721981013944582,63.49373431164352,1,-1230.2896912546207
19.07476869217304,38.26868686524338,-1233.4532625762727,19.630368495419525,19.630368495419525,19.643072039066197,63.657836964509194,1,-1233.3981063448618
19.0847711927982,38.25826510621987,-1236.5146392870777,19.88591581993547,19.88591581993547,19.543876423750184,63.83046165580786,1,-1236.5363808215827
19.094773693423356,38.25340879116451,-1239.5758884371387,19.571270334948657,19.571270334948657,19.75026239095172,63.994007678562255,1,-1239.480504036649
19.10477619404851,38.24521214915925,-1242.6370100323413,19.627962858946866,19.627962858946866,19.715018532621023,64.16310491576071,1,-1242.6580084357329
19.114778694673667,38.23375185653413,-1245.6980040776702,19.985269385068584,19.985269385068584,19.56809607813767,64.33767423646484,1,-1245.7294428397388
19.124781195298823,38.216149562558535,-1248.7588705781293,20.339341947451803,20.339341947451803,20.34894780563748,64.52254929372218,1,-1248.8332860101777
19.134783695923982,38.224757996191514,-1251.8196095386338,19.473639199284914,19.473639199284914,19.637753420029057,64.66390393329809,1,-1251.7984309399144
19.144786196549138,38.211676977924924,-1254.8802209646565,19.80267695370797,19.80267695370797,19.790501959900183,64.84140510149807,1,-1254.993222466889
19.154788697174293,38.20802495088457,-1257.9407048617854,19.57692780070444,19.57692780070444,19.638472968140675,65.00322271027767,1,-1258.0534498938114
19.16479119779945,38.202215290826366,-1261.0010612344352,19.441665031199467,19.441665031199467,19.629131175447096,65.16868876262268,1,-1261.042469222421
19.174793698424605,38.19004387531129,-1264.0612900885724,19.82813100954563,19.82813100954563,19.530592831447805,65.34491554802266,1,-1263.9817257225582
19.18479619904976,38.183231985050355,-1267.1213914289908,19.656609844133452,19.656609844133452,19.744106773532458,65.51219178885623,1,-1267.101517001577
19.19479869967492,38.176114474701656,-1270.1813652610908,19.652915814121442,19.652915814121442,19.6678117078912,65.68003902554982,1,-1270.2376174913222
19.204801200300075,38.16752381208208,-1273.2412115900543,19.81546666631484,19.81546666631484,19.480002296370436,65.85044530312281,1,-1273.436127509606
19.21480370092523,38.15873294719489,-1276.3009304210962,19.76104984722845,19.76104984722845,19.75616082998809,66.02126294843347,1,-1276.3892349323557
19.224806201550386,38.1478197226908,-1279.3605217593251,19.913796498938726,19.913796498938726,19.936350718731603,66.19577979500579,1,-1279.2030986690172
19.234808702175542,38.14393176970956,-1282.419985610015,19.69989401274248,19.69989401274248,19.796050841256882,66.35835023713004,1,-1282.4779127556135
19.2448112028007,38.139434601793944,-1285.4793219781814,19.558682977475428,19.558682977475428,19.60175727789333,66.52199391566339,1,-1285.4172414693146
19.254813703425857,38.12577771157755,-1288.5385308690395,19.88649470525064,19.88649470525064,19.84338317799161,66.70145068145722,1,-1288.5811769819234
19.264816204051012,38.11603320198344,-1291.5976122879292,19.97336261765707,19.97336261765707,19.98004312509937,66.87426726653908,1,-1291.4671159786096
19.274818704676168,38.111997160510874,-1294.6565662404143,19.827758988163186,19.827758988163186,19.725371121003295,67.03727309727866,1,-1294.9265783158842
19.284821205301323,38.10726462338208,-1297.7153927307036,19.603226189320967,19.603226189320967,19.733049983518622,67.20151691288171,1,-1297.6251857879067
19.294823705926483,38.10171449700271,-1300.7740917646984,19.486752927654486,19.486752927654486,19.647250260104634,67.36721910741039,1,-1301.0724643617273
19.30482620655164,38.09057004678803,-1303.832663347402,19.67762337821044,19.67762337821044,19.785918406895686,67.54273470924552,1,-1303.8632514548804
19.314828707176794,38.084807185614814,-1306.8911074841349,19.60549870133957,19.60549870133957,19.643342533522443,67.70891887589175,1,-1306.815828740768
19.32483120780195,38.0787123291884,-1309.9494241799318,19.560393666441108,19.560393666441108,19.49653471511844,67.8757298984029,1,-1310.1167781521299
19.334833708427105,38.06895756693266,-1313.0076134400983,19.51421189209532,19.51421189209532,19.900872018813708,68.0490332192517,1,-1312.9863476107657
19.344836209052264,38.06286559053751,-1316.0656752697464,19.56645546669377,19.56645546669377,19.55894874858176,68.21595006132218,1,-1316.060841951795
19.35483870967742,38.05614238729136,-1319.1236096743562,19.503183808799076,19.503183808799076,19.54274153150666,68.38403149509205,1,-1319.0613302033964
19.364841210302576,38.04887175594415,-1322.1814166589445,19.540785183356583,19.540785183356583,19.406908545234423,68.5531377243385,1,-1322.0800125038677
19.37484371092773,38.03441901259173,-1325.2390962287277,19.80355583288226,19.80355583288226,19.8980596877483,68.7350902143594,1,-1325.1870420863731
19.384846211552887,38.030278072739904,-1328.2966483893758,19.65886541762648,19.65886541762648,19.657357423056958,68.89875897120703,1,-1328.163803047434
19.394848712178042,38.02173189941653,-1331.3540731456628,19.689834547744862,19.689834547744862,19.726126333778602,69.07034264093808,1,-1331.4670254595842
19.4048512128032,38.01752107338355,-1334.41137050295,19.533683164559786,19.533683164559786,19.51883585535003,69.23421493606766,1,-1334.551688672886
19.414853713428357,38.007411245507974,-1337.4685404659515,19.663771827891132,19.663771827891132,19.623928987926337,69.40873286188634,1,-1337.4529289074455
19.424856214053513,37.99704713389049,-1340.525583040347,19.72056662953883,19.72056662953883,19.913754677347143,69.583796110464,1,-1340.6887752621349
19.43485871467867,37.98656052019529,-1343.5824982311217,19.880550715756716,19.880550715756716,20.015584792475433,69.75917010629824,1,-1343.5912271480383
19.444861215303824,37.98240130269297,-1346.639286044081,19.683069587720585,19.683069587720585,19.883229359569672,69.92315078257272,1,-1346.7176890212036
19.454863715928983,37.97587827070215,-1349.6959464837803,19.737316714468278,19.737316714468278,19.601998768916296,70.09146119705942,1,-1349.832863237709
19.46486621655414,37.97139664973113,-1352.7524795555719,19.61934620294208,19.61934620294208,19.35899758553,70.25609938750179,1,-1352.7471954321306
19.474868717179294,37.961034819171346,-1355.8088852645694,19.777664726765973,19.777664726765973,19.44545796254998,70.43152328458726,1,-1355.7607204404512
19.48487121780445,37.95827386116283,-1358.8651636162217,19.417471724589916,19.417471724589916,19.428813032546593,70.5930981406595,1,-1358.8809399805425
19.494873718429606,37.94766185578114,-1361.9213146158888,19.59026931351822,19.59026931351822,19.52384297887961,70.7691216306109,1,-1361.9273158534281
19.504876219054765,37.94156452012686,-1364.9773382681976,19.459392339536446,19.459392339536446,19.549034797925888,70.93691428264023,1,-1364.8111968381284
19.51487871967992,37.931945283769835,-1368.0332345786187,19.59112441879166,19.59112441879166,19.57730055092554,71.11126342520461,1,-1368.1452432311412
19.524881220305076,37.92149127870005,-1371.0890035529137,19.729917023597267,19.729917023597267,19.716654203339075,71.28724169410445,1,-1371.0999515299181
19.53488372093023,37.913861375959264,-1374.1446451957147,19.73898898342389,19.73898898342389,19.69184162085309,71.45806186215401,1,-1374.394526499402
19.544886221555387,37.911181931602655,-1377.2001595125732,19.326911163062775,19.326911163062775,19.76675947410618,71.61972150914852,1,-1377.2211741334763
19.554888722180543,37.90047247417325,-1380.2555465083126,19.608380515478203,19.608380515478203,19.65909413383455,71.7963940090879,1,-1380.2301619609782
19.564891222805702,37.89365087035302,-1383.3108061882735,19.60332972667468,19.60332972667468,19.541297221678306,71.96587806834755,1,-1383.2020633917957
19.574893723430858,37.88496889235533,-1386.3659385576295,19.645667202537922,19.645667202537922,19.607787102904375,72.13890979332083,1,-1386.3414073865458
19.584896224056013,37.878355076504064,-1389.4209436216158,19.570060519467553,19.570060519467553,19.599947768709622,72.30812066535256,1,-1389.4485876194506
19.59489872468117,37.87289859944306,-1392.4758213854543,19.474948431881636,19.474948431881636,19.457525066119185,72.47519986265668,1,-1392.569602467793
19.604901225306325,37.857089068686236,-1395.5305718544178,19.842315017100283,19.842315017100283,19.94310835695331,72.66191322219204,1,-1395.3663692739926
19.614903725931484,37.858486594018395,-1398.5851950338715,19.421907043512075,19.421907043512075,19.42318404040089,72.81612007637469,1,-1398.6247793791915
19.62490622655664,37.8458887853983,-1401.6396909290247,19.662875475642604,19.662875475642604,19.67980883172406,72.99692348663514,1,-1401.5461091676523
19.634908727181795,37.84417951957852,-1404.694059544206,19.29953151345777,19.29953151345777,19.511800958239352,73.15707372757832,1,-1404.7021530540487
19.64491122780695,37.83587930740862,-1407.7483008863383,19.338066698167253,19.338066698167253,19.528658291420648,73.329829437509,1,-1407.7303258346133
19.654913728432106,37.82236537836184,-1410.8024149594567,19.693054560449397,19.693054560449397,19.694678856384055,73.51264872635979,1,-1410.6289918554564
19.664916229057265,37.8152777804678,-1413.8564017695517,19.63376610419653,19.63376610419653,19.725294178403264,73.68323826672172,1,-1413.9447711552991
19.67491872968242,37.81404891016934,-1416.910261321172,19.36542189938862,19.36542189938862,19.295220366005587,73.84259758990257,1,-1416.8576987965507
19.684921230307577,37.802114231684115,-1419.9639936193412,19.53085173957465,19.53085173957465,19.603483171400278,74.02263536578444,1,-1419.9634737236925
19.694923730932732,37.79708001458584,-1423.0175986695526,19.410696959296338,19.410696959296338,19.447852651007175,74.18941597462242,1,-1422.9554498243701
19.704926231557888,37.79060579636719,-1426.0710764776193,19.30338609704826,19.30338609704826,19.482526156156165,74.35902969142113,1,-1426.1639010692695
19.714928732183044,37.78079261712219,-1429.124427047777,19.414214257386696,19.414214257386696,19.581782337499693,74.53519324848139,1,-1429.0258524104577
19.724931232808203,37.77301777387864,-1432.1776503854294,19.5288239601121,19.5288239601121,19.367737042696355,74.70746412203829,1,-1432.129853516324
19.73493373343336,37.764094380892914,-1435.2307464964974,19.64893069062013,19.64893069062013,19.31497436832557,74.88204634402307,1,-1435.2531327240579
19.744936234058514,37.75873291396306,-1438.283715385705,19.376809605040506,19.376809605040506,19.512385274226563,75.04971848713308,1,-1438.2736839988045
19.75493873468367,37.744335535169064,-1441.3365570582155,19.808663325921213,19.808663325921213,19.65724169847381,75.23519919460203,1,-1441.2494186147537
19.764941235308825,37.74136457621414,-1444.3892715195914,19.540842157159503,19.540842157159503,19.48748461805963,75.39828356401594,1,-1444.2522735578261
19.774943735933984,37.732989553436155,-1447.441858775063,19.521290221021676,19.521290221021676,19.6317981175632,75.57206563169024,1,-1447.7218585432224
19.78494623655914,37.721580851350936,-1450.4943188292186,19.68131308092066,19.68131308092066,19.87202963219694,75.75192958947838,1,-1450.4514310835443
19.794948737184296,37.722435395473624,-1453.5466516881083,19.24321221920064,19.24321221920064,19.469016160161654,75.90753609245343,1,-1453.6293964360113
19.80495123780945,37.71103272506386,-1456.598857355872,19.498873430468656,19.498873430468656,19.51708306156789,76.08752675494438,1,-1456.5483733932979
19.814953738434607,37.70611023118975,-1459.6509358389355,19.326376788802655,19.326376788802655,19.449430596480045,76.25468423745593,1,-1459.7869376470824
19.824956239059766,37.69716856631712,-1462.702887141752,19.532355964531963,19.532355964531963,19.22771343722324,76.4299200907164,1,-1462.5650125097707
19.83495873968492,37.69011625290307,-1465.7547112698464,19.332179506036912,19.332179506036912,19.53490829690349,76.60144255296919,1,-1465.6334829934083
19.844961240310077,37.68062954718819,-1468.806408228474,19.578081660229223,19.578081660229223,19.315107477368326,76.77791804195657,1,-1468.7825241240726
19.854963740935233,37.67380897315233,-1471.8579780229857,19.452140513191814,19.452140513191814,19.439072913714188,76.94910064219256,1,-1471.8666785967398
19.86496624156039,37.66063017028074,-1474.909420658699,19.73111983056342,19.73111983056342,19.706928697462722,77.13319003947875,1,-1474.9686609215275
19.874968742185548,37.65598779649577,-1477.960736140296,19.586369283036547,19.586369283036547,19.541790968555024,77.30010097156735,1,-1477.8656899066998
19.884971242810703,37.649688092405924,-1481.0119244732412,19.470227540056058,19.470227540056058,19.568040000725375,77.47041255985074,1,-1481.0086346275402
19.89497374343586,37.64597743942914,-1484.0629856618448,19.23174092091156,19.23174092091156,19.450649918937682,77.63550372064333,1,-1483.924527744069
19.904976244061015,37.635482938739585,-1487.113919712767,19.411845970037962,19.411845970037962,19.51364493199806,77.81446428168081,1,-1487.299746825133
19.91497874468617,37.630379116497245,-1490.164726631029,19.2324208627075,19.2324208627075,19.4870951062581,77.98248852615788,1,-1490.1532647822746
19.924981245311326,37.61478611017398,-1493.2154064213223,19.7849596089089,19.7849596089089,19.570005813131917,78.17206583551206,1,-1493.0749309698388
19.934983745936485,37.61550365391134,-1496.2659590892088,19.15738213501867,19.15738213501867,19.5665683075272,78.32824877826579,1,-1496.1992325186598
19.94498624656164,37.60683849457732,-1499.3163846398832,19.417395703600558,19.417395703600558,19.195356782107844,78.50375113718243,1,-1499.297657016921
19.954988747186796,37.60152603497546,-1502.366683078389,19.149127438599027,19.149127438599027,19.377811429171203,78.67240162507663,1,-1502.3171694059724
19.964991247811952,37.59156194028726,-1505.416854410011,19.33076806628413,19.33076806628413,19.358199512116993,78.85072537346923,1,-1505.4651066803988
19.974993748437107,37.584345081175954,-1508.4668986399795,19.337960178701977,19.337960178701977,19.275405154621886,79.02343354985949,1,-1508.4263807742036
19.984996249062267,37.57276665277363,-1511.5168157740175,19.572098855032344,19.572098855032344,19.39294576228692,79.20527876000256,1,-1511.5572471890537
19.994998749687422,37.56678486507505,-1514.5666058164152,19.47045641268512,19.47045641268512,19.342570081444013,79.37555149534165,1,-1514.5489115414753
20.005001250312578,37.55889313574226,-1517.6162687730464,19.43694236403613,19.43694236403613,19.44242925512659,79.54986609515531,1,-1517.617763742708
20.015003750937733,37.55424114169166,-1520.6658046495088,19.24412195801544,19.24412195801544,19.374931354921284,79.71745598812764,1,-1520.6181784732764
20.02500625156289,37.54642825471224,-1523.7152134500132,19.299401623440623,19.299401623440623,19.28538495364878,79.89172186638203,1,-1523.870104080976
20.035008752188048,37.54071954569592,-1526.7644951806703,19.174667179452683,19.174667179452683,19.24023415314632,80.06162200802864,1,-1526.5952769697797
20.045011252813204,37.531429619889344,-1529.8136498460028,19.260216948636863,19.260216948636863,19.311710397002084,80.239127457181,1,-1529.931311439061
20.05501375343836,37.52294333286248,-1532.8626774514755,19.314948222103947,19.314948222103947,19.32428446799551,80.41501333014817,1,-1532.7860704582456
20.065016254063515,37.514959149114844,-1535.9115780024476,19.365736374942557,19.365736374942557,19.269432416420166,80.58990694268711,1,-1536.066101393963
20.07501875468867,37.508934047197485,-1538.9603515039323,19.252183463440744,19.252183463440744,19.249409170634653,80.76070233185352,1,-1538.8845950033897
20.085021255313826,37.497469110013704,-1542.0089979613165,19.46916471636254,19.46916471636254,19.38429757181912,80.94314184890608,1,-1541.9259165478268
20.095023755938985,37.490007183454225,-1545.0575173797006,19.553709127383634,19.553709127383634,19.183616290939707,81.11713092206976,1,-1545.1503200269938
20.10502625656414,37.47903141355566,-1548.105909764721,19.70494315052021,19.70494315052021,19.37662937543101,81.29871037419916,1,-1548.1880709336942
20.115028757189297,37.47730435333701,-1551.1541751212753,19.274988406966962,19.274988406966962,19.34471968105824,81.46052853764711,1,-1551.1670896387407
20.125031257814452,37.46882168704339,-1554.2023134545489,19.345787811572105,19.345787811572105,19.324649944389318,81.63689118893281,1,-1554.2985662420638
20.135033758439608,37.461220310023464,-1557.250324769993,19.373624599189867,19.373624599189867,19.258313360314833,81.81142595728139,1,-1557.4151335911574
20.145036259064767,37.453735000190335,-1560.2982090725238,19.339194907877733,19.339194907877733,19.299109554306135,81.98577400682662,1,-1560.2280750333236
20.155038759689923,37.44654376299459,-1563.3459663680003,19.189024112216615,19.189024112216615,19.527269675210846,82.15954780378783,1,-1563.4391418999342
20.16504126031508,37.43885675629039,-1566.3935966608296,19.300882331665566,19.300882331665566,19.30575239375076,82.33445878784819,1,-1566.5415389976072
20.175043760940234,37.432727882501176,-1569.4410999567842,19.216686875919294,19.216686875919294,19.24262284922398,82.50604219635963,1,-1569.356257765089
20.18504626156539,37.42056185642441,-1572.4884762610225,19.6586367232318,19.6586367232318,19.032777848627656,82.69085246716071,1,-1572.3840120933937
20.19504876219055,37.41697882653514,-1575.5357255787064,19.297065732993715,19.297065732993715,19.142529297805233,82.85699504827252,1,-1575.499898568324
20.205051262815704,37.410053506402754,-1578.5828479149666,19.179345939399727,19.179345939399727,19.26592881210714,83.03049097006702,1,-1578.4575889683297
20.21505376344086,37.39916951512252,-1581.6298432751978,19.42707331596534,19.42707331596534,19.25223706437395,83.2127457692268,1,-1581.590058142885
20.225056264066016,37.397630103916235,-1584.6767116638493,18.891665780023807,18.891665780023807,19.403152253286162,83.3745119387104,1,-1584.6691970907452
20.23505876469117,37.3877181374951,-1587.7234530871388,19.04659414600234,19.04659414600234,19.42927565069175,83.55476789063516,1,-1587.6778651906234
20.245061265316327,37.37785281633515,-1590.7700675504284,19.214553996006554,19.214553996006554,19.422332316142725,83.73500959280743,1,-1590.6565705191388
20.255063765941486,37.366709072660264,-1593.8165550583071,19.60506124214135,19.60506124214135,19.16206854054265,83.91817663173101,1,-1593.7700030309989
20.26506626656664,37.364292698712426,-1596.86291561606,19.04317997206587,19.04317997206587,19.497485776479664,84.082035915659,1,-1596.9231111741785
20.275068767191797,37.35473610913818,-1599.909149229433,19.292918320225667,19.292918320225667,19.28069117609435,84.26182192841557,1,-1599.923920721033
20.285071267816953,37.349641760911595,-1602.955255903084,19.154150995810145,19.154150995810145,19.171582860437766,84.43172439037443,1,-1602.9398097275243
20.29507376844211,37.33788903189197,-1606.0012356426603,19.338619977179917,19.338619977179917,19.41475849676678,84.61657509407226,1,-1605.9693866888601
20.305076269067268,37.33108137570718,-1609.0470884531462,19.3653680535829,19.3653680535829,19.231621464806356,84.79043479807747,1,-1609.1696365304306
20.315078769692423,37.32503616488965,-1612.092814339846,19.289287287249593,19.289287287249593,19.139779673610377,84.96263615745985,1,-1612.2068102425983
20.32508127031758,37.31724020016766,-1615.1384133078593,19.296438632533658,19.296438632533658,19.144094858323893,85.13883391774432,1,-1615.1477467879615
20.335083770942735,37.311806875731634,-1618.1838853625188,19.129037573052987,19.129037573052987,19.143124107593586,85.30975973963879,1,-1618.351579861394
20.34508627156789,37.30311837427522,-1621.2292305092767,19.131907105285823,19.131907105285823,19.289887763700232,85.48810076648904,1,-1621.1978511523685
20.35508877219305,37.29393458197159,-1624.274448753516,19.253674493149198,19.253674493149198,19.273144122710242,85.66764270840059,1,-1624.3261406854608
20.365091272818205,37.286442054592264,-1627.319540099704,19.300477238688842,19.300477238688842,19.15265650943537,85.84341791909324,1,-1627.3523982294776
20.37509377344336,37.279792811772225,-1630.3645045535245,19.19168734380919,19.19168734380919,19.216865138349743,86.01733399792954,1,-1630.3598401302763
20.385096274068516,37.27229606454963,-1633.4093421200491,19.159816800290542,19.159816800290542,19.2543689808867,86.19324260523643,1,-1633.4503786827968
20.395098774693672,37.264811647755025,-1636.4540528042357,19.15813566724,19.15813566724,19.22966056140053,86.36918712275542,1,-1636.5221889839463
20.405101275318827,37.25686669440361,-1639.4986366120438,19.17185560330848,19.17185560330848,19.243225837876228,86.54625314351955,1,-1639.4039966822531
20.415103775943987,37.23943524374598,-1642.5430935489196,19.683224429474606,19.683224429474606,19.6844571196252,86.74522553736506,1,-1642.4012299030178
20.425106276569142,37.24369015995555,-1645.5874236197444,19.048522985986192,19.048522985986192,19.164873108100075,86.8943337187456,1,-1645.541374124598
20.435108777194298,37.23447850403199,-1648.6316268290316,19.14483559831297,19.14483559831297,19.20326675306691,87.0745204799521,1,-1648.5762735430774
20.445111277819453,37.22855861947047,-1651.6757031825148,19.05711880673523,19.05711880673523,19.115959048512845,87.24716309343054,1,-1651.6330007184094
20.45511377844461,37.22011297862546,-1654.7196526853338,19.07314462625093,19.07314462625093,19.20003781596604,87.42571844603481,1,-1654.6853253971058
20.46511627906977,37.21175928414285,-1657.7634753429636,19.18483695474404,19.18483695474404,19.078992893939613,87.60413423237466,1,-1657.6997129601248
20.475118779694924,37.200845465394394,-1660.807171160791,19.287192083711698,19.287192083711698,19.36063776576291,87.788595805973,1,-1660.7277527332492
20.48512128032008,37.19617491048259,-1663.8507401435304,19.168439110771434,19.168439110771434,19.14802112732087,87.95856083651955,1,-1663.9025432203484
20.495123780945235,37.189875845913534,-1666.894182296729,18.99695019064016,18.99695019064016,19.285155575694464,88.13237720423595,1,-1667.0483894216318
20.50512628157039,37.180277238869266,-1669.937497625392,19.268257151626962,19.268257151626962,19.031639007113114,88.31399377490203,1,-1670.019274998103
20.51512878219555,37.17156212375737,-1672.9806861351424,19.263690222125316,19.263690222125316,19.197344463426646,88.49361791734061,1,-1672.9656105613876
20.525131282820706,37.164566577946104,-1676.0237478309891,19.179541936435083,19.179541936435083,19.264281771419608,88.66926311248554,1,-1675.9579463321695
20.53513378344586,37.158091525182044,-1679.0666827179764,19.1913993290647,19.1913993290647,19.0611438857168,88.8437373187388,1,-1679.0515173102438
20.545136284071017,37.1490558291504,-1682.1094908015564,19.187489845446233,19.187489845446233,19.27363996900158,89.02433270867363,1,-1682.15950452117
20.555138784696172,37.14267092149759,-1685.1521720869216,19.195947388064305,19.195947388064305,19.06378866022914,89.19871434288576,1,-1685.1868786375799
20.56514128532133,37.13652837257623,-1688.194726579225,19.053588297253864,19.053588297253864,19.119224153141058,89.37257256640939,1,-1688.196506059219
20.575143785946487,37.126834161774184,-1691.2371542839123,19.165262102370463,19.165262102370463,19.199344158060494,89.55495229143483,1,-1691.3920732929234
20.585146286571643,37.12000890950126,-1694.2794552059777,19.22892726877432,19.22892726877432,18.945145799020523,89.73056224071564,1,-1694.3781407951055
20.5951487871968,37.11161544112822,-1697.3216293508842,19.241923439932144,19.241923439932144,19.027519210476317,89.90998702798072,1,-1697.1512196440208
20.605151287821954,37.10683377400923,-1700.363676723644,19.013179185433888,19.013179185433888,19.051611185413073,90.08081480845836,1,-1700.4116601832757
20.61515378844711,37.09760329574651,-1703.405597329707,19.100377039142646,19.100377039142646,19.111142138470523,90.26238320060496,1,-1703.345312902526
20.62515628907227,37.08884698358818,-1706.447391174238,19.148689428485426,19.148689428485426,19.17732270147682,90.44289181895137,1,-1706.322897360081
20.635158789697424,37.08279331199507,-1709.4890582625185,19.001225979003575,19.001225979003575,19.229660980207573,90.6169471728381,1,-1709.5374156623343
20.64516129032258,37.074827826124995,-1712.530598599125,19.108757958779297,19.108757958779297,19.058802310976212,90.79568291698949,1,-1712.365917401027
20.655163790947736,37.06020285863455,-1715.5720121907875,19.430126057336995,19.430126057336995,19.45917073426512,90.99065667342569,1,-1715.6448296894691
20.66516629157289,37.056890025876854,-1718.6132990416463,19.189736531141133,19.189736531141133,19.28624397214683,91.15824725183222,1,-1718.7079298733217
20.67516879219805,37.0504827071149,-1721.6544591568438,19.158551148863573,19.158551148863573,19.1590944026863,91.33340523680117,1,-1721.6394946109974
20.685171292823206,37.04347497559041,-1724.6954925419798,19.122395588885485,19.122395588885485,19.13194863152128,91.51008415681638,1,-1724.8433695265423
20.69517379344836,37.03414854439703,-1727.7363992021005,19.208049666234903,19.208049666234903,19.20899575005009,91.69250116611717,1,-1727.8434486947394
20.705176294073517,37.0271233464699,-1730.7771791426928,19.14502352345359,19.14502352345359,19.238217938473554,91.86935554701074,1,-1730.7394113616879
20.715178794698673,37.01850342071551,-1733.8178323686786,19.299442276067957,19.299442276067957,19.071768548981545,92.05019259742845,1,-1733.7691935351681
20.725181295323832,37.01324089828952,-1736.8583588854922,19.08553792270327,19.08553792270327,19.13835789438107,92.2228318225825,1,-1737.0448905336668
20.735183795948988,37.005737107446215,-1739.8987586982532,19.10726157194627,19.10726157194627,19.06988792343311,92.40104889922088,1,-1739.7665302362811
20.745186296574143,36.99906359975412,-1742.939031812159,19.11651072650795,19.11651072650795,18.90183204080076,92.57727650883993,1,-1742.9593247527746
20.7551887971993,36.992337084573904,-1745.9791782324835,18.926826962718284,18.926826962718284,19.139599542105852,92.7536925208045,1,-1746.080081843678
20.765191297824455,36.97982660496419,-1749.019197964765,19.265662697000995,19.265662697000995,19.187919843182126,92.94454471528196,1,-1749.1217226284582
20.77519379844961,36.975856494775066,-1752.0590910134715,19.122509148398443,19.122509148398443,18.919183796023177,93.11423874417838,1,-1752.185579555337
20.78519629907477,36.96759713626601,-1755.0988573846548,19.142535800754032,19.142535800754032,18.967470191121404,93.29467001003995,1,-1755.2390527176462
20.795198799699925,36.96117009398081,-1758.1384970832528,18.988081561344103,18.988081561344103,19.08987550343056,93.47059088333465,1,-1758.2862825926316
20.80520130032508,36.95457465569369,-1761.178010114646,18.885244400652933,18.885244400652933,19.134306216559622,93.64698845980003,1,-1761.3238312832777
20.815203800950236,36.944733795734585,-1764.217396483835,19.088735427909754,19.088735427909754,19.052901090002106,93.831596452335,1,-1764.3498525541524
20.825206301575392,36.93738513804842,-1767.2566561964263,19.097299525468664,19.097299525468664,18.987515351661152,94.01002024929394,1,-1767.3975715793506
20.83520880220055,36.929594105795,-1770.2957892567624,19.19004850881779,19.19004850881779,18.820139365012036,94.18962468030787,1,-1770.1281261021113
20.845211302825707,36.92357986720707,-1773.3347956713774,18.98617313585124,18.98617313585124,18.979476298219737,94.36480523241096,1,-1773.2929856322307
20.855213803450862,36.91968699762415,-1776.3736754447282,18.80183987144342,18.80183987144342,18.78153089738877,94.53466147442627,1,-1776.4539378753718
20.865216304076018,36.90798610175882,-1779.412428582516,18.953081584343927,18.953081584343927,19.083632266866402,94.72437042831679,1,-1779.3714992743735
20.875218804701174,36.90002940589841,-1782.4510550891318,19.090311846743607,19.090311846743607,18.852145412484102,94.90466367865237,1,-1782.3669352832203
20.885221305326333,36.89344270827994,-1785.4895549699565,18.947138574761347,18.947138574761347,18.97598029589782,95.08153427987371,1,-1785.3734701103308
20.89522380595149,36.88342373039334,-1788.5279282305896,19.07191293591963,19.07191293591963,19.07876501723557,95.26723283324618,1,-1788.828731726757
20.905226306576644,36.877441461476906,-1791.5661748763334,18.90054193847394,18.90054193847394,19.168335058916043,95.44268652959066,1,-1791.5949625131364
20.9152288072018,36.865333935689115,-1794.604294912233,19.217780237964977,19.217780237964977,19.199481868108492,95.63391150600648,1,-1794.556916341765
20.925231307826955,36.862853727476825,-1797.6422883437351,18.865469073603595,18.865469073603595,19.125630169479443,95.80049033576056,1,-1797.5897031672478
20.93523380845211,36.85729466371411,-1800.6801551757892,18.730510678579552,18.730510678579552,19.078910414443943,95.9750179333696,1,-1800.7749343696426
20.94523630907727,36.84492897017093,-1803.7178954139226,19.097988505040433,19.097988505040433,19.048312642340807,96.1671691787875,1,-1803.608449996839
20.955238809702426,36.84176498687002,-1806.7555090631747,18.861939267874956,18.861939267874956,18.84451849206472,96.33562550194236,1,-1806.6508061293282
20.96524131032758,36.83427164474418,-1809.7929961291402,18.847154370386036,18.847154370386036,18.847594219432608,96.5153292674666,1,-1809.8514106118344
20.975243810952737,36.81324597681069,-1812.8303566167303,19.514584651743014,19.514584651743014,19.51609332013579,96.73027641960296,1,-1812.8473196162267
20.985246311577892,36.81799715760637,-1815.8675905313585,18.892572609584917,18.892572609584917,18.89694897142533,96.87828965497313,1,-1815.918534207004
20.99524881220305,36.81004662593053,-1818.9046978778902,18.86930779491396,18.86930779491396,18.985577917958476,97.05939293170435,1,-1819.0791622817503
21.005251312828207,36.80101126736335,-1821.941678661813,18.91987299512439,18.91987299512439,19.089273676542895,97.24340476914087,1,-1822.135786495421
21.015253813453363,36.79586733309343,-1824.9785328878718,18.77901492019041,18.77901492019041,18.992120687009418,97.4173024056765,1,-1824.7368403772348
21.02525631407852,36.78771052847445,-1828.0152605616859,18.88855651414534,18.88855651414534,18.846105099839942,97.59915269207389,1,-1827.9731160745343
21.035258814703674,36.77619795254772,-1831.0518616887728,19.142753433580125,19.142753433580125,18.914141748624985,97.78990807358272,1,-1831.0818638059443
21.045261315328833,36.76830836165092,-1834.0883362741338,19.25643779185581,19.25643779185581,18.719760355496142,97.97122017818133,1,-1833.9799985801196
21.05526381595399,36.763643168653125,-1837.1246843230272,18.902458199327437,18.902458199327437,18.977050923300894,98.14408253666025,1,-1837.2272096452384
21.065266316579145,36.75432276940966,-1840.1609058404688,18.998963848836105,18.998963848836105,19.031662702663294,98.32930799452,1,-1840.0494676069368
21.0752688172043,36.74301676962051,-1843.19700083184,19.210144549733798,19.210144549733798,19.15477053780453,98.51989043479144,1,-1843.3511156015952
21.085271317829456,36.741827391131196,-1846.2329693029365,18.825596919795412,18.825596919795412,18.9518299323133,98.68367953280533,1,-1846.4908608502778
21.09527381845461,36.731191440039964,-1849.268811258002,19.084035639345682,19.084035639345682,18.87992230125491,98.87263707342582,1,-1849.2325552939794
21.10527631907977,36.72452212868684,-1852.3045267028513,19.002397794833914,19.002397794833914,18.893173068166714,99.05110566973359,1,-1852.1802685845155
21.115278819704926,36.71847673348072,-1855.3401156424554,18.799020453546778,18.799020453546778,19.056325021936093,99.22796329457181,1,-1855.2713904521806
21.12528132033008,36.712722361067485,-1858.3755780824029,18.71246201127045,18.71246201127045,18.94218397688475,99.40409240866623,1,-1858.4662098456588
21.135283820955237,36.70263783773493,-1861.4109140277274,18.90126146011157,18.90126146011157,18.9268544650196,99.59190047505369,1,-1861.6055293492848
21.145286321580393,36.69585640054814,-1864.4461234836133,18.879924534367632,18.879924534367632,18.836341021993277,99.77091365547213,1,-1864.1381015715199
21.155288822205552,36.6882260484692,-1867.4812064553312,18.88980511455532,18.88980511455532,18.81073493056033,99.95227587599975,1,-1867.4837809735943
21.165291322830708,36.674726584443015,-1870.5161629480606,19.116446439069872,19.116446439069872,19.231980937691805,100.14957136486188,1,-1870.4585454907408
21.175293823455863,36.67053281964337,-1873.5509929675052,19.011795047011628,19.011795047011628,18.91994910881223,100.32179464754915,1,-1873.5999743567352
21.18529632408102,36.66434753164337,-1876.5856965180585,18.988856406496605,18.988856406496605,18.743239101912106,100.49945491004874,1,-1876.4371359835925
21.195298824706175,36.65698741388861,-1879.620273605409,18.894402921497285,18.894402921497285,18.885787340245393,100.68036299961993,1,-1879.6286635262034
21.205301325331334,36.64802263159368,-1882.6547242347929,18.975269470443237,18.975269470443237,18.91839924667642,100.8657095555631,1,-1882.6079291420776
21.21530382595649,36.64130903748111,-1885.6890484114763,18.927273291414657,18.927273291414657,18.871061283214715,101.04499310770021,1,-1885.6451015005453
21.225306326581645,36.63209129210913,-1888.7232461406124,19.007382022669734,19.007382022669734,18.94314177447021,101.23118694531814,1,-1888.5866139332616
21.2353088272068,36.6209065492676,-1891.7573174276504,19.232882208732413,19.232882208732413,19.019487482969886,101.42286146389517,1,-1891.7832000691476
21.245311327831956,36.616876273083264,-1894.7912622775787,18.96359597113614,18.96359597113614,19.012242556203553,101.59498757886405,1,-1894.8521093713098
21.255313828457115,36.61282711521896,-1897.8250806956482,18.772970779364936,18.772970779364936,18.85051379751637,101.76719684229924,1,-1897.6962640881195
21.26531632908227,36.60397354727984,-1900.8587726870364,18.809478998216736,18.809478998216736,18.955187442947896,101.95268617027526,1,-1900.8248863079887
21.275318829707427,36.59799740839618,-1903.892338256817,18.737778041051012,18.737778041051012,18.844678184081715,102.13030678345653,1,-1903.8353660774756
21.285321330332582,36.58937931572644,-1906.9257774109656,18.838320105865083,18.838320105865083,18.78596453934278,102.31529368943376,1,-1906.93192329295
21.295323830957738,36.580814210655426,-1909.959090154094,18.83645363714429,18.83645363714429,18.92412888309043,102.50021401595897,1,-1909.8977667016497
21.305326331582894,36.57027116726651,-1912.9922764916314,19.071203453852707,19.071203453852707,18.885753999788847,102.69071398159124,1,-1913.0941788968853
21.315328832208053,36.56650204231758,-1916.0253364285857,18.784351787020892,18.784351787020892,18.87450441459092,102.86244365694587,1,-1916.032121234699
21.32533133283321,36.556590897902296,-1919.058269970204,18.957365766575005,18.957365766575005,18.864836020889374,103.05134519357355,1,-1918.9942302013671
21.335333833458364,36.55124493105127,-1922.0910771220097,18.88406031447316,18.88406031447316,18.66302983168734,103.22757284939674,1,-1922.0741303612235
21.34533633408352,36.54432820460031,-1925.1237578891653,18.710768494277893,18.710768494277893,18.896812611096596,103.4082468935748,1,-1925.0647820965112
21.355338834708675,36.5368540498889,-1928.156312276756,18.68108467722594,18.68108467722594,18.927000833517575,103.59054777808412,1,-1927.9617154610353
21.365341335333834,36.5266842581398,-1931.1887402903037,18.90245950711619,18.90245950711619,18.859414889243542,103.78050108771474,1,-1931.1219417162877
21.37534383595899,36.5176396146503,-1934.2210419348114,18.973782752417222,18.973782752417222,18.92316507173047,103.96738083840366,1,-1934.128560819613
21.385346336584146,36.51468576635012,-1937.25321721542,18.720350932529158,18.720350932529158,18.722814402987783,104.13713989940258,1,-1937.2018573157268
21.3953488372093,36.50481356123777,-1940.2852661375484,18.827790514097284,18.827790514097284,18.838476508809517,104.3264983272387,1,-1940.1436018252195
21.405351337834457,36.49641290300396,-1943.3171887062254,18.874451497254302,18.874451497254302,18.85497267057226,104.51177867493814,1,-1943.239878164352
21.415353838459616,36.489453140637586,-1946.348984926964,18.83905392752033,18.83905392752033,18.81945105018814,104.69304281198403,1,-1946.4280684961614
21.42535633908477,36.47876784143639,-1949.3806548047858,18.980668139122987,18.980668139122987,18.988742923794913,104.8849779524594,1,-1949.5759454400768
21.435358839709927,36.47355323740787,-1952.4121983453067,18.89992614055647,18.89992614055647,18.7821365626387,105.06140824498999,1,-1952.4265273750607
21.445361340335083,36.4673467587116,-1955.4436155532328,18.813227156316742,18.813227156316742,18.736236700647844,105.24071742283749,1,-1955.5107005902862
21.45536384096024,36.460629223753266,-1958.4749064338366,18.69182279840522,18.69182279840522,18.836416040755687,105.42154453075172,1,-1958.4422969531884
21.465366341585394,36.453585604253014,-1961.5060709925322,18.635571132706872,18.635571132706872,18.855206559625223,105.60336723541958,1,-1961.4951458619125
21.475368842210553,36.44356557608018,-1964.5371092346038,18.845661446346462,18.845661446346462,18.78777657427758,105.7938114721332,1,-1964.603446191659
21.48537134283571,36.4351348506496,-1967.5680211652784,18.875313083106473,18.875313083106473,18.84283072740406,105.97977429818974,1,-1967.5301893794706
21.495373843460865,36.427795654041226,-1970.5988067895225,18.827503507878255,18.827503507878255,18.88908925213636,106.16266525651947,1,-1970.7325127415477
21.50537634408602,36.421601069808126,-1973.6294661128588,18.79951912388402,18.79951912388402,18.724006927865265,106.34231251310585,1,-1973.6938781056704
21.515378844711176,36.41213159918288,-1976.6599991404216,18.839090875594838,18.839090875594838,18.91505000518008,106.53150473660301,1,-1976.5314213572224
21.525381345336335,36.40582333372248,-1979.6904058774312,18.804465844035658,18.804465844035658,18.780311010036076,106.71160865522492,1,-1979.6776384860416
21.53538384596149,36.40388090986542,-1982.7206863289668,18.50986925438295,18.50986925438295,18.51064916747821,106.87906887638921,1,-1982.5503042272132
21.545386346586646,36.39468718179975,-1985.7508405008703,18.55934272596681,18.55934272596681,18.640532257379398,107.06766901582684,1,-1985.7839736704889
21.555388847211802,36.38218169353773,-1988.7808683976953,18.780986865442593,18.780986865442593,18.92285065408295,107.26602991353428,1,-1988.655390977468
21.565391347836957,36.37631599412195,-1991.8107700248765,18.73680321805951,18.73680321805951,18.740861930066846,107.44508744519509,1,-1991.788893803388
21.575393848462117,36.36734354245849,-1994.8405453877558,18.70209662663035,18.70209662663035,19.005933858429696,107.63330456639783,1,-1994.9118921867387
21.585396349087272,36.36161669938598,-1997.870194491469,18.729278443665784,18.729278443665784,18.660392768450432,107.81207302196218,1,-1997.9025834875313
21.595398849712428,36.3516061029226,-2000.8997173411465,18.79285212352578,18.79285212352578,18.884639569760026,108.00349908881908,1,-2000.98466675698
21.605401350337583,36.34276768278662,-2003.9291139421773,18.849694928643267,18.849694928643267,18.946524840295243,108.19156646258182,1,-2004.0739438919195
21.61540385096274,36.33608362375654,-2006.9583842998206,18.857767713240133,18.857767713240133,18.782798202485004,108.3733520507431,1,-2007.0749873053821
21.625406351587895,36.32901261214964,-2009.9875284192126,18.81069425227406,18.81069425227406,18.787412375762838,108.55634338215344,1,-2009.8511230868041
21.635408852213054,36.321560478557835,-2013.0165463054668,18.785113984720372,18.785113984720372,18.8062180696722,108.7405297145209,1,-2012.994510603874
21.64541135283821,36.31248217530393,-2016.045437964088,18.95578000867344,18.95578000867344,18.676456594387822,108.9296180437818,1,-2016.067970890438
21.655413853463365,36.29992587150015,-2019.074203400248,19.13167948249219,19.13167948249219,19.05793034374798,109.12915335708018,1,-2019.1404980575205
21.66541635408852,36.291975793105884,-2022.102842619238,19.122267613342352,19.122267613342352,19.11909293799184,109.31507076003658,1,-2022.0793400276032
21.675418854713676,36.28913854171739,-2025.1313556263528,18.876483589869657,18.876483589869657,18.886073451404528,109.48577600738267,1,-2025.1156286735081
21.685421355338836,36.28458242424328,-2028.1597424264717,18.71884453143764,18.71884453143764,18.734603911338024,109.6616484428038,1,-2028.315198149118
21.69542385596399,36.278430247618516,-2031.1880030247696,18.621323594475555,18.621323594475555,18.702318848513446,109.84234656595592,1,-2031.354136287774
21.705426356589147,36.272835723519435,-2034.2161374266816,18.536698082966065,18.536698082966065,18.56059977440593,110.02142311948738,1,-2034.1825002938995
21.715428857214302,36.25677306897337,-2037.2441456374606,18.96738042459697,18.96738042459697,18.958488507852685,110.2320767649432,1,-2037.2541953343848
21.725431357839458,36.253099567304375,-2040.2720276626235,18.72756809090409,18.72756809090409,18.83898748674728,110.40550929756147,1,-2040.2596316408587
21.735433858464617,36.24541319978175,-2043.2997835067943,18.777809579395363,18.777809579395363,18.741323879619213,110.59110211388419,1,-2043.3258844833467
21.745436359089773,36.23557813323843,-2046.3274131755254,18.867317497394374,18.867317497394374,18.887436037924306,110.78327644134366,1,-2046.325148998992
21.75543885971493,36.232812199453626,-2049.354916674292,18.740652355818728,18.740652355818728,18.405519530393143,110.95409177968526,1,-2049.400645494714
21.765441360340084,36.22085174815963,-2052.3822940075515,18.838170345876343,18.838170345876343,18.85443671351568,111.15288119925017,1,-2052.4327747383522
21.77544386096524,36.21393744999169,-2055.409545181637,18.808344322762917,18.808344322762917,18.801102367496892,111.33641843974688,1,-2055.4888050822306
21.7854463615904,36.209670635194044,-2058.4366702007287,18.43309460761022,18.43309460761022,19.04151344056177,111.51193829365725,1,-2058.6031760918977
21.795448862215554,36.20031707464243,-2061.463669070608,18.720286579497976,18.720286579497976,18.7200539550302,111.70304617526189,1,-2061.1872995332556
21.80545136284071,36.1910634139545,-2064.4905417965338,18.799852510318562,18.799852510318562,18.798861518145667,111.89393995825478,1,-2064.564481401311
21.815453863465866,36.182278325972625,-2067.517288383746,18.897554183076203,18.897554183076203,18.771111191041513,112.08348602063766,1,-2067.5337865337606
21.82545636409102,36.178521836808855,-2070.543908836963,18.6565392060125,18.6565392060125,18.666522048593723,112.2576510708569,1,-2070.585395945109
21.835458864716177,36.17164712952003,-2073.570403161727,18.54825728995558,18.54825728995558,18.7642060499155,112.44145162404405,1,-2073.746613580112
21.845461365341336,36.15256024520363,-2076.5967713635905,19.194194000604245,19.194194000604245,19.185274364331192,112.66302182060254,1,-2076.637605014161
21.85546386596649,36.154051742554394,-2079.6230134475372,18.739797951560803,18.739797951560803,18.72025463897698,112.82113603559216,1,-2079.643673737768
21.865466366591647,36.14792205141889,-2082.6491294186444,18.675761978107687,18.675761978107687,18.61770221975888,113.00283938398407,1,-2082.81964218537
21.875468867216803,36.142406284508844,-2085.6751192821066,18.60673182146319,18.60673182146319,18.433059933391363,113.18269198700959,1,-2085.8402968748665
21.88547136784196,36.1292559987994,-2088.7009830436446,18.882345917086447,18.882345917086447,18.70429971323014,113.38633619169399,1,-2088.6674887801223
21.895473868467118,36.126861824626225,-2091.7267207079876,18.48586872165195,18.48586872165195,18.706315996271336,113.556600260377,1,-2091.6664089648148
21.905476369092273,36.11559282204873,-2094.752332280673,18.732405830805074,18.732405830805074,18.753527455198757,113.75458093733775,1,-2094.729434126138
21.91547886971743,36.11223886255324,-2097.7778177667046,18.524221269894152,18.524221269894152,18.52293335536006,113.92792156310358,1,-2097.707837157353
21.925481370342585,36.10383131803187,-2100.803177171424,18.499213447841175,18.499213447841175,18.684027073265835,114.11711880233429,1,-2100.88941340574
21.93548387096774,36.09589269760856,-2103.8284105000193,18.547397769025554,18.547397769025554,18.628402826074613,114.30492541837037,1,-2103.8094366927835
21.9454863715929,36.08711937167858,-2106.8535177575664,18.678790488948266,18.678790488948266,18.531578110153756,114.49543299194617,1,-2106.7996838736785
21.955488872218055,36.08186244232133,-2109.878498949533,18.455187446468358,18.455187446468358,18.6172871674153,114.67494703230778,1,-2110.0506203402197
21.96549137284321,36.07157613181756,-2112.90335408106,18.638557005025547,18.638557005025547,18.643463094870857,114.87038108131084,1,-2112.9622927857786
21.975493873468366,36.0642059101208,-2115.92808315731,18.48636076615543,18.48636076615543,18.903364556235616,115.05669665676643,1,-2116.0262205352587
21.985496374093522,36.05508132460924,-2118.9526861838895,18.834302800874852,18.834302800874852,18.42613753547023,115.24864043032706,1,-2118.875959766747
21.995498874718677,36.04821750301965,-2121.9771631655426,18.64745207765769,18.64745207765769,18.679392510826258,115.43349743571277,1,-2121.9943567826936
22.005501375343837,36.04267673956887,-2125.0015141075296,18.500747062939034,18.500747062939034,18.653907332092963,115.61421062797712,1,-2125.09918814268
22.015503875968992,36.03201832098946,-2128.0257390152315,18.80343172543845,18.80343172543845,18.497295245925958,115.81127700903124,1,-2127.950430592134
22.025506376594148,36.029022228530636,-2131.049837894038,18.402902048880897,18.402902048880897,18.597761215223407,115.98399425298432,1,-2131.060552799765
22.035508877219304,36.02004289712176,-2134.073810748925,18.3485091504616,18.3485091504616,18.903446975951805,116.17586194844355,1,-2133.9803420362964
22.04551137784446,36.01048263825636,-2137.0976575853683,18.659237352759483,18.659237352759483,18.56602801650811,116.3696796591205,1,-2137.280670667733
22.05551387846962,36.00404441278436,-2140.121378408255,18.525547365136223,18.525547365136223,18.649151280769477,116.55357259109395,1,-2140.13641834359
22.065516379094774,35.99773063761269,-2143.144973222949,18.48063113149337,18.48063113149337,18.536065256339164,116.7371243728411,1,-2143.0613219076436
22.07551887971993,35.98952956888316,-2146.1684420344795,18.483301656020505,18.483301656020505,18.61091279882571,116.92681263948236,1,-2146.1437159900465
22.085521380345085,35.980382418376124,-2149.19178484844,18.595324700205165,18.595324700205165,18.60896709063544,117.11963378164482,1,-2149.2150114880696
22.09552388097024,35.972099601153865,-2152.2150016701103,18.672568908320073,18.672568908320073,18.54692657559413,117.30975143615163,1,-2152.208077887321
22.1055263815954,35.96679007990324,-2155.238092504473,18.406702439277492,18.406702439277492,18.72511959315728,117.49031905601646,1,-2155.116836196704
22.115528882220556,35.957246072740034,-2158.261057356769,18.610344008724226,18.610344008724226,18.59947534812608,117.68467287550088,1,-2158.195679790995
22.12553138284571,35.95252709850701,-2161.283896232224,18.45936974191733,18.45936974191733,18.459313845629314,117.863437242216,1,-2161.1537328074337
22.135533883470867,35.93991136027395,-2164.306609136556,18.702890810534395,18.702890810534395,18.714663983307315,118.06795840381821,1,-2164.163687401545
22.145536384096022,35.93395830440123,-2167.3291960739484,18.586824429399037,18.586824429399037,18.68981309020409,118.25087232184237,1,-2167.31344102026
22.155538884721178,35.93347374026635,-2170.351657050363,18.266058717082725,18.266058717082725,18.254086155564423,118.41596851456066,1,-2170.394541749902
22.165541385346337,35.914668285664675,-2173.373992071457,18.829418580608003,18.829418580608003,18.798224617136814,118.64104312424725,1,-2173.365083504597
22.175543885971493,35.91333725292473,-2176.3962011414224,18.52523264978172,18.52523264978172,18.45631281883159,118.8089962851995,1,-2176.4251801415558
22.18554638659665,35.906395467673754,-2179.4182842658333,18.527305165546498,18.527305165546498,18.343505485913923,118.99539022030567,1,-2179.3123577044926
22.195548887221804,35.895774730296935,-2182.440241450283,18.622764018214692,18.622764018214692,18.59576294854458,119.19396185920556,1,-2182.495689241069
22.20555138784696,35.89220008840892,-2185.4620726995227,18.407258206181872,18.407258206181872,18.413047830596437,119.36940223399405,1,-2185.479912067707
22.21555388847212,35.882753065455695,-2188.4837780190874,18.528355892178233,18.528355892178233,18.437983644577173,119.56427116136823,1,-2188.41876877448
22.225556389097274,35.87856233548389,-2191.5053574138506,18.262383474595076,18.262383474595076,18.44862977305757,119.74183739517075,1,-2191.521218723173
22.23555888972243,35.86533055055925,-2194.5268108894925,18.640880428950837,18.640880428950837,18.526492245222254,119.94941590891459,1,-2194.6147868505986
22.245561390347586,35.85897211511066,-2197.548138451098,18.555445196837944,18.555445196837944,18.501218729494024,120.13430110141773,1,-2197.5550352729847
22.25556389097274,35.85313972765735,-2200.56934010384,18.500454245309136,18.500454245309136,18.33615345718845,120.31749435773573,1,-2200.525449518629
22.2655663915979,35.846321972543166,-2203.5904158527305,18.404890801424276,18.404890801424276,18.40005045117829,120.50402531391953,1,-2203.4506685808637
22.275568892223056,35.835909908686354,-2206.611365703259,18.571247913725212,18.571247913725212,18.479254654575634,120.70262526771663,1,-2206.6284972530284
22.28557139284821,35.82682263166321,-2209.6321896606755,18.599348861631707,18.599348861631707,18.63625411651797,120.89690017623926,1,-2209.6298035958007
22.295573893473367,35.82287315127758,-2212.6528877301253,18.44947816668483,18.44947816668483,18.378531384284244,121.07404307250437,1,-2212.634965646154
22.305576394098523,35.81362936733738,-2215.6734599167285,18.495538933448664,18.495538933448664,18.523099230292598,121.26899485385363,1,-2215.6493314765003
22.31557889472368,35.80691720099209,-2218.69390622575,18.49898511805635,18.49898511805635,18.373159916139183,121.45552342560661,1,-2218.614024566304
22.325581395348838,35.80064789356831,-2221.7142266625865,18.37762270663062,18.37762270663062,18.406408804296788,121.64062274716518,1,-2221.7401894827526
22.335583895973993,35.79192255649877,-2224.734421232236,18.436836685510222,18.436836685510222,18.446917628760698,121.83407109658583,1,-2224.7433789496718
22.34558639659915,35.783470989892386,-2227.7544899399895,18.47231235537287,18.47231235537287,18.493843277477755,122.0266809965593,1,-2227.7642686673157
22.355588897224305,35.776739593261745,-2230.7744327911428,18.461622521953714,18.461622521953714,18.37507744810545,122.21354675267139,1,-2230.7876425287845
22.36559139784946,35.768552898238994,-2233.7942497908793,18.555449225967195,18.555449225967195,18.26557775744503,122.40541536437905,1,-2233.813043548461
22.37559389847462,35.7590658475625,-2236.813940944474,18.764129137557045,18.764129137557045,18.12142756357597,122.60178679534664,1,-2236.770957802908
22.385596399099775,35.75692606867243,-2239.8335062571655,18.229660069706767,18.229660069706767,18.361486339743056,122.77322871103256,1,-2239.7665330175214
22.39559889972493,35.744264135362506,-2242.8529457339846,18.55098391940416,18.55098391940416,18.46829166830677,122.98058155555445,1,-2242.9228641094887
22.405601400350086,35.738342752240506,-2245.8722593805237,18.467286511195365,18.467286511195365,18.374052018829637,123.16502881801999,1,-2245.9106988998838
22.415603900975242,35.728505136653176,-2248.8914472014294,18.523203938240968,18.523203938240968,18.588034782729647,123.36294120446112,1,-2249.017617268216
22.4256064016004,35.725706045393345,-2251.910509202252,18.34391562059619,18.34391562059619,18.21665493865532,123.53680933070497,1,-2251.89456559068
22.435608902225557,35.7166584846894,-2254.929445388346,18.42316376667048,18.42316376667048,18.265471993172774,123.73216554437892,1,-2254.777535378795
22.445611402850712,35.71017341283147,-2257.9482557648043,18.23856972309774,18.23856972309774,18.457604461287307,123.91879287344909,1,-2257.9552496490983
22.455613903475868,35.69999001161286,-2260.966940336817,18.51271850196831,18.51271850196831,18.287006298408624,124.11823422317534,1,-2260.834943373526
22.465616404101024,35.692910275983415,-2263.985499109656,18.485825393785532,18.485825393785532,18.252945764386297,124.30705947591464,1,-2264.131526152458
22.475618904726183,35.68300222010134,-2267.003932088624,18.501516339914037,18.501516339914037,18.55796565873113,124.50574138343252,1,-2266.9794939975
22.48562140535134,35.67846821466349,-2270.022239278877,18.33786844866879,18.33786844866879,18.41555869309891,124.68589387322604,1,-2270.26374762811
22.495623905976494,35.67171732911091,-2273.040420685366,18.27128129141794,18.27128129141794,18.41157586177263,124.87378317236981,1,-2273.038096022094
22.50562640660165,35.66343528952405,-2276.0584763137963,18.312595320988923,18.312595320988923,18.421458442553767,125.06706314278534,1,-2276.098732867046
22.515628907226805,35.654766842725834,-2279.076406169014,18.415086489364043,18.415086489364043,18.366957134709544,125.26177271431136,1,-2278.974552872713
22.52563140785196,35.650908702195366,-2282.094210256517,18.22320582756744,18.22320582756744,18.179652055751113,125.43977744851922,1,-2282.1120711762
22.53563390847712,35.64259518872279,-2285.1118885811907,18.20627849574696,18.20627849574696,18.31075787839209,125.63339125225518,1,-2285.1638925303982
22.545636409102276,35.63281637548858,-2288.129441148426,18.419634363289084,18.419634363289084,18.20109719262224,125.83222170034122,1,-2288.0688441521656
22.55563890972743,35.62378108059598,-2291.1468679635964,18.343522823700408,18.343522823700408,18.558842494330527,126.02854487131597,1,-2291.232648995026
22.565641410352587,35.6170798749248,-2294.1641690316096,18.371561353685298,18.371561353685298,18.35818543534034,126.21675444081772,1,-2294.055007273717
22.575643910977742,35.60692888369584,-2297.1813443578753,18.52474014603392,18.52474014603392,18.42471944040365,126.41717787620068,1,-2297.2641370584297
22.5856464116029,35.60269544200728,-2300.1983939475417,18.286369910864657,18.286369910864657,18.38672570354531,126.5968297433469,1,-2300.0339416929755
22.595648912228057,35.595612791513645,-2303.215317805988,18.164492225101707,18.164492225101707,18.543128464071273,126.78658510641823,1,-2303.338828558535
22.605651412853213,35.58758952054713,-2306.2321159384073,18.287695629736316,18.287695629736316,18.350463510671158,126.97973882990145,1,-2306.2106488020645
22.61565391347837,35.576545291219226,-2309.2487883498916,18.492195548328084,18.492195548328084,18.44835562811766,127.18368669034821,1,-2309.0714651030335
22.625656414103524,35.57185695363788,-2312.2653350456985,18.39448374248171,18.39448374248171,18.197292299551503,127.36517169141314,1,-2312.3734848235904
22.635658914728683,35.56571046456775,-2315.2817560310514,18.185169037260945,18.185169037260945,18.388162239704812,127.55188592980257,1,-2315.285571712962
22.64566141535384,35.558817595352075,-2318.298051310944,18.134010490163373,18.134010490163373,18.374690467549865,127.74131808976573,1,-2318.445876511134
22.655663915978995,35.548039222916564,-2321.3142208909603,18.43449584386524,18.43449584386524,18.240755575724574,127.94469073565361,1,-2321.4539918698215
22.66566641660415,35.53926297209087,-2324.330264776271,18.44428199739289,18.44428199739289,18.387901870527227,128.14101691623335,1,-2324.2466610403344
22.675668917229306,35.53363739922451,-2327.346182972082,18.36401588434781,18.36401588434781,18.24255257785882,128.3261425185947,1,-2327.37377242711
22.68567141785446,35.52433283470637,-2330.3619754832525,18.39831349528784,18.39831349528784,18.419940536290312,128.5245252716901,1,-2330.459723713797
22.69567391847962,35.51720909662726,-2333.377642315487,18.3902778748998,18.3902778748998,18.354867539472572,128.71516265032366,1,-2333.2799470739333
22.705676419104776,35.510468800538135,-2336.393183473778,18.33822013685271,18.33822013685271,18.320327938795582,128.90448850971507,1,-2336.3698959748112
22.715678919729932,35.50057847971689,-2339.408598963418,18.587999113128923,18.587999113128923,18.154621171933574,129.1052453548963,1,-2339.36797005528
22.725681420355087,35.49517349835234,-2342.4238887895626,18.348860948493627,18.348860948493627,18.293952858664994,129.28989383636306,1,-2342.352582671508
22.735683920980243,35.48584146011864,-2345.439052957409,18.3924981115171,18.3924981115171,18.456798264865288,129.4888093769317,1,-2345.408378886975
22.745686421605402,35.48258202862066,-2348.4540914721733,18.12715821879931,18.12715821879931,18.32671275488369,129.6657986202753,1,-2348.378787349267
22.755688922230558,35.472123170980545,-2351.4690043392006,18.33015533824727,18.33015533824727,18.33986792533184,129.86896345057556,1,-2351.4804069575434
22.765691422855713,35.46602988130412,-2354.4837915636867,18.190337193704742,18.190337193704742,18.383820129209422,130.056353533741,1,-2354.409289703637
22.77569392348087,35.45483591076268,-2357.4984531507685,18.603969434616502,18.603969434616502,18.085978619958016,130.2623946831999,1,-2357.372926980957
22.785696424106025,35.44684965810419,-2360.512989105712,18.442687543302025,18.442687543302025,18.456810571019243,130.45684299401094,1,-2360.3946031872565
22.795698924731184,35.442748359400106,-2363.5273994336176,18.338317455446735,18.338317455446735,18.13108356626557,130.6371606938419,1,-2363.4462020242345
22.80570142535634,35.43687101053049,-2366.5416841397587,18.10901381455971,18.10901381455971,18.321636514858163,130.82401952476508,1,-2366.710201206479
22.815703925981495,35.424848332318284,-2369.5558432294824,18.532072408415885,18.532072408415885,18.12926447661731,131.033487116885,1,-2369.560864973849
22.82570642660665,35.419293223047305,-2372.569876707816,18.328908008792908,18.328908008792908,18.21921083778557,131.21930763199958,1,-2372.745400061405
22.835708927231806,35.413320306275686,-2375.583784579952,18.031621273331094,18.031621273331094,18.560081725075133,131.4067180733978,1,-2375.6756972669486
22.845711427856962,35.40552647383897,-2378.5975668514875,18.179687879151064,18.179687879151064,18.283376547169105,131.60090134165767,1,-2378.6163770075173
22.85571392848212,35.39584789201141,-2381.6112235271485,18.29775039142986,18.29775039142986,18.34940516463759,131.8021277710853,1,-2381.5933267158284
22.865716429107277,35.386497994445904,-2384.624754612289,18.40940046553125,18.40940046553125,18.378963601745717,132.00224056344567,1,-2384.7224546138164
22.875718929732432,35.37989707812014,-2387.638160112578,18.298735827237394,18.298735827237394,18.44079335495738,132.19225793704527,1,-2387.7955994742606
22.885721430357588,35.37373698211343,-2390.651440032575,18.332133642167808,18.332133642167808,18.14839099938634,132.3807020664307,1,-2390.6474118982555
22.895723930982744,35.367118594447824,-2393.664594377807,18.24720716034653,18.24720716034653,18.16138410586601,132.5709098281182,1,-2393.4834645856718
22.905726431607903,35.35473456603731,-2396.6776231534054,18.44630264477577,18.44630264477577,18.471186055266905,132.78266946701714,1,-2396.7958995147255
22.91572893223306,35.35461105200397,-2399.69052636491,17.992129353728135,17.992129353728135,18.248441598151185,132.9487966192451,1,-2399.5511939125468
22.925731432858214,35.34449066409482,-2402.7033040169235,18.25170356365962,18.25170356365962,18.09775162784337,133.15228555419108,1,-2402.6762794142874
22.93573393348337,35.33877491887476,-2405.7159561150147,18.09486419103422,18.09486419103422,18.119196273370143,133.33938724315297,1,-2405.6992037923824
22.945736434108525,35.324517808539326,-2408.728482664462,18.43153221941748,18.43153221941748,18.43483216016674,133.55858708898646,1,-2408.6094939611376
22.955738934733684,35.31791532103595,-2411.740883670781,18.367302670011817,18.367302670011817,18.40405867234388,133.7491794246274,1,-2411.6566183269097
22.96574143535884,35.31678828705419,-2414.7531591386974,18.04701348989029,18.04701348989029,18.064095330334684,133.9192253613383,1,-2414.7055616459115
22.975743935983996,35.30539786411263,-2417.765309073317,18.214851594290785,18.214851594290785,18.28739924114083,134.12796470751974,1,-2417.93479744731
22.98574643660915,35.299728742275235,-2420.777333480028,18.19184404544756,18.19184404544756,18.034205572710274,134.31522093678987,1,-2420.8638234294235
22.995748937234307,35.28899289998704,-2423.7892323641718,18.339122371340487,18.339122371340487,18.20044922752048,134.52169842505424,1,-2423.934923160281
23.005751437859463,35.28956434836067,-2426.801005730706,17.880373413088883,17.880373413088883,17.882665448156764,134.68544617240784,1,-2426.8364223727613
23.01575393848462,35.26799276443439,-2429.8126535856272,18.57459052326047,18.57459052326047,18.58038367432363,134.9332189988957,1,-2429.7662654526303
23.025756439109777,35.26514706290635,-2432.824175933258,18.329316737214747,18.329316737214747,18.348217369351516,135.11003758407364,1,-2432.9739721321034
23.035758939734933,35.26183768073439,-2435.8355727788935,18.035081110465658,18.035081110465658,18.28353955421046,135.2886436139805,1,-2435.821603520846
23.04576144036009,35.24930009228691,-2438.8468441280065,18.361870971089434,18.361870971089434,18.361043613248125,135.50247955482882,1,-2438.7867277264872
23.055763940985244,35.239997147291774,-2441.857989986085,18.444375010872253,18.444375010872253,18.44191333886877,135.70409525551733,1,-2441.829899626745
23.065766441610403,35.23835705798548,-2444.8690103578133,18.127651366526496,18.127651366526496,18.17182265047896,135.8764741873383,1,-2444.631710649431
23.07576894223556,35.22942245378449,-2447.8799052483237,18.248351125561953,18.248351125561953,18.121078162261966,136.0768251181349,1,-2447.8242448410956
23.085771442860715,35.223952470312256,-2450.89067466314,18.073081876347118,18.073081876347118,18.142581531451583,136.26396492729847,1,-2450.791408579136
23.09577394348587,35.21623133292281,-2453.9013186074426,18.165394301081808,18.165394301081808,17.966598860426984,136.45981448938153,1,-2454.095197472253
23.105776444111026,35.206631001479515,-2456.911837086432,18.253127508956442,18.253127508956442,18.081658466858794,136.66298380254872,1,-2456.837963270812
23.115778944736185,35.19783865405111,-2459.9222301055493,18.255980951405594,18.255980951405594,18.24527515024812,136.86313814114808,1,-2459.894171047869
23.12578144536134,35.19087552062804,-2462.9324976695225,18.2186897778275,18.2186897778275,18.214814377894246,137.0563130253175,1,-2462.910811725273
23.135783945986496,35.18392966006116,-2465.942639784285,18.23835871619759,18.23835871619759,18.067827573868815,137.24949055029225,1,-2466.09582197979
23.145786446611652,35.176515423336895,-2468.9526564542216,18.1903805814436,18.1903805814436,18.126411234829774,137.44455416873996,1,-2468.9695492083542
23.155788947236807,35.168978639903045,-2471.9625476848864,18.203764973999714,18.203764973999714,18.080657281749495,137.6401692213791,1,-2471.9604342036505
23.165791447861967,35.161263079758214,-2474.972313481472,18.168190248830108,18.168190248830108,18.159644368215254,137.83655693750657,1,-2474.9825510501496
23.175793948487122,35.153893452351554,-2477.981953849272,18.120097390168063,18.120097390168063,18.211780596248612,138.0316754476238,1,-2477.942025048223
23.185796449112278,35.14563960648546,-2480.99146879342,18.17976274451505,18.17976274451505,18.18103921641119,138.2303212955159,1,-2480.893493321421
23.195798949737434,35.12849061441656,-2484.0008583192657,18.654483226996707,18.654483226996707,18.654459788962452,138.4638529613025,1,-2483.925049874188
23.20580145036259,35.12697129020374,-2487.01012243214,18.347301745523435,18.347301745523435,18.347229157994285,138.63633756139978,1,-2487.1671410212384
23.215803950987745,35.11262798454505,-2490.0192611371376,18.681349254370726,18.681349254370726,18.68113773765827,138.85916126190276,1,-2489.948078569308
23.225806451612904,35.110465259958616,-2493.0282744392525,18.406472270824548,18.406472270824548,18.405817366881475,139.0342564425368,1,-2493.06131787096
23.23580895223806,35.09757340964112,-2496.0371623439646,18.66831082499108,18.66831082499108,18.666432424545714,139.25161605798556,1,-2496.100068741638
23.245811452863215,35.10052856047489,-2499.0459248562593,18.208289722255568,18.208289722255568,17.993723851356886,139.4066131525753,1,-2499.2177579636536
23.25581395348837,35.09257928781709,-2502.0545619812547,18.28950611201336,18.28950611201336,17.874215013325582,139.60463286550635,1,-2502.0477281295443
23.265816454113526,35.084420325891486,-2505.0630737242886,18.17016589294868,18.17016589294868,18.18727852134194,139.80356494663778,1,-2505.3534741679377
23.275818954738686,35.0771104837255,-2508.0714600905035,18.076027402427087,18.076027402427087,18.32257924309467,139.9992177570636,1,-2508.031791728982
23.28582145536384,35.07378551839928,-2511.0797210851283,17.84020565143575,17.84020565143575,18.143522713444046,140.17913067093065,1,-2510.9727106192754
23.295823955988997,35.0642418227201,-2514.087856713416,18.050536982231947,18.050536982231947,18.00497547326909,140.38378642723333,1,-2514.1777035344817
23.305826456614152,35.05702392852274,-2517.095866980695,17.938754597222815,17.938754597222815,18.161786256269707,140.5792858911018,1,-2517.024791268923
23.315828957239308,35.0448392923105,-2520.103751891934,18.24358658831917,18.24358658831917,18.230390755451875,140.7946685620234,1,-2520.1096296065007
23.325831457864467,35.03872070025106,-2523.111511453029,18.206816609734126,18.206816609734126,18.072274128282913,140.98595497322322,1,-2523.142553533099
23.335833958489623,35.03131018738033,-2526.1191456681586,18.17189489603752,18.17189489603752,18.104274998861417,141.18247084997574,1,-2526.2715235403557
23.34583645911478,35.02476269753832,-2529.1266545430963,18.209715120384207,18.209715120384207,17.86134003203737,141.3756039374205,1,-2529.117964225028
23.355838959739934,35.01725484869133,-2532.1340380830175,18.06379814470068,18.06379814470068,18.129936314314065,141.57265743140766,1,-2532.0537850226574
23.36584146036509,35.00996343026205,-2535.141296293121,18.06055204283329,18.06055204283329,18.080729641552733,141.76891824839416,1,-2535.2735977182606
23.375843960990245,35.001830306113725,-2538.1484291786173,18.135001816976537,18.135001816976537,18.002390352359967,141.96864373007915,1,-2538.2845442889843
23.385846461615404,34.995645781569095,-2541.1554367445956,17.97163391350044,17.97163391350044,18.107404861138313,142.16059465984225,1,-2541.1588329841966
23.39584896224056,34.98688281722206,-2544.162318996371,18.087203701158842,18.087203701158842,18.04131369899635,142.3630237928594,1,-2543.994619189276
23.405851462865716,34.974567370904005,-2547.1690759391395,18.340309108287087,18.340309108287087,18.233027868055107,142.57992666823083,1,-2547.1279638204014
23.41585396349087,34.970392748417424,-2550.175707578103,18.137904567440483,18.137904567440483,18.1146428341121,142.7639661984118,1,-2550.109561488399
23.425856464116027,34.96362649490782,-2553.182213918529,18.115710699534578,18.115710699534578,18.024582933137918,142.9585644120898,1,-2553.267406701449
23.435858964741186,34.95675071094913,-2556.1885949656926,18.084003151087355,18.084003151087355,17.969978947961216,143.15367640153258,1,-2556.325384674968
23.44586146536634,34.947036566576024,-2559.194850724411,18.340447229895776,18.340447229895776,17.76484156305468,143.36041961184503,1,-2559.233932204504
23.455863965991497,34.9428277762803,-2562.2009812003366,17.95075527726918,17.95075527726918,18.02616953476034,143.54480889021164,1,-2562.433238343878
23.465866466616653,34.935771899144925,-2565.206986398646,17.863800061251123,17.863800061251123,18.109084811311167,143.74086732519064,1,-2565.1340370479393
23.47586896724181,34.92774374533904,-2568.212866324221,17.960634202874257,17.960634202874257,17.970274803589803,143.94097690752002,1,-2568.2630965248045
23.485871467866968,34.919883650725836,-2571.2186209822976,17.945038002038114,17.945038002038114,18.03112722963173,144.1404826311811,1,-2571.343237817707
23.495873968492123,34.9125515272803,-2574.2242503783086,17.984140467771404,17.984140467771404,17.903387245095676,144.33790352805156,1,-2574.0555954371985
23.50587646911728,34.90514112733482,-2577.2297545174592,17.926143422989103,17.926143422989103,17.98158845618039,144.53572227382912,1,-2577.0649014324836
23.515878969742435,34.89859030811695,-2580.235133404811,17.851126067195068,17.851126067195068,17.964900223203,144.73007777830796,1,-2580.299103838636
23.52588147036759,34.88970976914119,-2583.240387045574,17.93917401243839,17.93917401243839,17.971546196073525,144.93410967431527,1,-2583.090567157813
23.535883970992746,34.874550872160015,-2586.245515444984,18.36028652090516,18.36028652090516,18.25382224201252,145.16418724516328,1,-2586.2058862457225
23.545886471617905,34.87313699523652,-2589.250518608398,18.013703115861958,18.013703115861958,18.009736006004054,145.337545798139,1,-2589.2706740297413
23.55588897224306,34.87085302108193,-2592.2553965407765,17.73044345037173,17.73044345037173,17.76952641264497,145.5145172625581,1,-2592.271061373221
23.565891472868216,34.86014692552665,-2595.260149247482,17.952875599110257,17.952875599110257,17.781253999501793,145.72646202310534,1,-2595.3679206127526
23.575893973493372,34.84843284501523,-2598.2647767336616,18.11449777165534,18.11449777165534,18.06580443803772,145.94272234376083,1,-2598.318886127873
23.585896474118528,34.84187603448067,-2601.269279004639,18.027365475943405,18.027365475943405,18.074273174993298,146.13763476399996,1,-2601.3829785982844
23.595898974743687,34.83586288307616,-2604.2736560653966,17.946498063365507,17.946498063365507,17.988673102350653,146.3303454656402,1,-2604.310847135288
23.605901475368842,34.8341094440593,-2607.277907921498,17.537760432567488,17.537760432567488,17.91985034142449,146.50532032802678,1,-2607.3215789257483
23.615903975993998,34.82143489912049,-2610.282034577569,17.890590940976704,17.890590940976704,17.966076622081395,146.7259957816087,1,-2610.4435162727546
23.625906476619154,34.81168054730062,-2613.286036039304,18.16048221701062,18.16048221701062,17.740150091321738,146.93458213422392,1,-2613.151120906659
23.63590897724431,34.807816636957746,-2616.2899123118673,17.854989197889914,17.854989197889914,17.78142528833083,147.11854695114826,1,-2616.2523676539586
23.64591147786947,34.79566024451603,-2619.293663400314,18.177910729821583,18.177910729821583,17.809749752312626,147.3374123631616,1,-2619.141847049255
23.655913978494624,34.789037818592725,-2622.2972893098076,18.09641092098536,18.09641092098536,17.816829642595714,147.53311071724488,1,-2622.261668431032
23.66591647911978,34.782333454023345,-2625.3007900459006,17.963564338831965,17.963564338831965,17.93888612777359,147.7292222528816,1,-2625.3554151548974
23.675918979744935,34.776247652085104,-2628.3041656132673,17.91179231590909,17.91179231590909,17.806024885926956,147.92278905616323,1,-2628.1371772244815
23.68592148037009,34.76817290393063,-2631.3074160174074,17.808486410961507,17.808486410961507,18.074575842999426,148.12483255510807,1,-2631.3712908953075
23.69592398099525,34.76133332238833,-2634.3105412634677,17.782376663233602,17.782376663233602,18.0034645636139,148.3217279878587,1,-2634.330810507797
23.705926481620406,34.74793410486234,-2637.313541356612,18.150132454246748,18.150132454246748,18.128574350830977,148.54654216061243,1,-2637.400497823577
23.71592898224556,34.74172099766961,-2640.316416302309,18.104008447988544,18.104008447988544,18.0035219780864,148.74095715166163,1,-2640.3543488062346
23.725931482870717,34.73059800278436,-2643.3191661053634,18.26968852886564,18.26968852886564,18.19135721055987,148.9563484192487,1,-2643.4637419867595
23.735933983495872,34.731826204267556,-2646.3217907712483,17.768625225796345,17.768625225796345,17.86000024462989,149.11917838708982,1,-2646.3674601556218
23.745936484121028,34.72359353358498,-2649.324290305013,17.877887739612913,17.877887739612913,17.72712979795561,149.3223910961733,1,-2649.055363108788
23.755938984746187,34.715211849592926,-2652.3266647118667,17.820140723636207,17.820140723636207,17.950637457106698,149.52633072035624,1,-2652.4165384563335
23.765941485371343,34.70855002786158,-2655.328913997036,17.749326362928254,17.749326362928254,17.942306276582798,149.72299201973524,1,-2655.3852026902814
23.7759439859965,34.69672059351531,-2658.331038166011,18.13040879253531,18.13040879253531,17.80531621876337,149.9419014187919,1,-2658.2876960906888
23.785946486621654,34.69298198812751,-2661.333037223813,17.737312495839774,17.737312495839774,18.00306017924806,150.12616696176744,1,-2661.392429225391
23.79594898724681,34.68402581131146,-2664.33491117531,17.957062312192985,17.957062312192985,17.757763614875138,150.3329262151463,1,-2664.19068930447
23.80595148787197,34.67304839258203,-2667.336660025984,18.19864974394116,18.19864974394116,17.771981467271804,150.54850258276855,1,-2667.3672456809354
23.815953988497125,34.66838785223321,-2670.338283780973,17.90746523912092,17.90746523912092,17.90421750074984,150.73692015320574,1,-2670.5122270785237
23.82595648912228,34.65902878766733,-2673.3397824454705,18.002344095605874,18.002344095605874,17.9691118774462,150.94570589130947,1,-2673.261792505307
23.835958989747436,34.65560261969934,-2676.341156024728,17.76946167546417,17.76946167546417,17.79959840880773,151.1288915505579,1,-2676.503817681176
23.84596149037259,34.646336139659496,-2679.3424045241636,18.035410299586186,18.035410299586186,17.508463818488217,151.3374444385381,1,-2679.264811069679
23.85596399099775,34.63891388932462,-2682.3435279485966,17.906719489494403,17.906719489494403,17.729985169557427,151.53808658645974,1,-2682.198600383337
23.865966491622906,34.6286810185416,-2685.3445263035505,18.034371831361717,18.034371831361717,17.860410002210504,151.75104236106873,1,-2685.4481278930866
23.875968992248062,34.62385015675338,-2688.345399593881,17.76872016481212,17.76872016481212,17.967153865030735,151.94056360428036,1,-2688.3699983194633
23.885971492873217,34.61632916867179,-2691.3461478249874,17.78834584643557,17.78834584643557,17.906865347475843,152.14187543914332,1,-2691.3156629192285
23.895973993498373,34.607243878741635,-2694.3467710020745,17.863553262765556,17.863553262765556,17.97006165118074,152.35010869922206,1,-2694.2400916998513
23.90597649412353,34.601846306274936,-2697.347269130286,17.697313395441352,17.697313395441352,17.963000453912255,152.542291841183,1,-2697.3835621707835
23.915978994748688,34.59087012538957,-2700.3476422148747,17.992893209998932,17.992893209998932,17.869094299205667,152.7589987599827,1,-2700.359588388225
23.925981495373843,34.58508961458893,-2703.3478902610395,17.935283293918616,17.935283293918616,17.702220142629358,152.9530051022516,1,-2703.2484623528962
23.935983995999,34.57903404026762,-2706.3480132738428,17.795310724124416,17.795310724124416,17.741340132043156,153.14827955221946,1,-2706.439277631146
23.945986496624155,34.569029360940576,-2709.3480112586467,17.92218485187783,17.92218485187783,17.839134311080922,153.36101884416644,1,-2709.3942588208615
23.95598899724931,34.56610031950548,-2712.3478842206005,17.663188878957474,17.663188878957474,17.647327118485826,153.54264259452577,1,-2712.262105972022
23.96599149787447,34.55379691203474,-2715.3476321648286,17.844317826949787,17.844317826949787,17.981432435399356,153.76572384697704,1,-2715.2702479109957
23.975993998499625,34.54828262540423,-2718.3472550966653,17.73599518911394,17.73599518911394,17.876073915399772,153.95889295585752,1,-2718.2519868323166
23.98599649912478,34.535371989169825,-2721.3467530214857,18.05138338516652,18.05138338516652,18.032739105936976,154.1849168884814,1,-2721.238023383982
23.995998999749936,34.533143988504584,-2724.346125943932,17.827519510089292,17.827519510089292,17.665531767377836,154.36364596857973,1,-2724.3219636266385
24.006001500375092,34.52379831733774,-2727.345373869611,17.863733156292376,17.863733156292376,17.845819551582732,154.57404646115944,1,-2727.438631084283
24.01600400100025,34.51865219967361,-2730.344496803629,17.704126443344798,17.704126443344798,17.78781896268527,154.76584436388984,1,-2730.2237008161187
24.026006501625407,34.5079891743552,-2733.3434947511023,17.904440193906026,17.904440193906026,17.837521165090152,154.98230615375843,1,-2733.3576820670255
24.036009002250562,34.50176099414276,-2736.342367717256,17.802323247619658,17.802323247619658,17.826864320502754,155.1790740404645,1,-2736.4090390513525
24.046011502875718,34.492028472258625,-2739.341115707435,17.94799720529278,17.94799720529278,17.846276297294782,155.39159031247726,1,-2739.4613517006746
24.056014003500874,34.485062525059575,-2742.3397387266887,17.84899617648464,17.84899617648464,17.940058318664118,155.59181633238092,1,-2742.5146350287273
24.06601650412603,34.47815780063184,-2745.3382367804284,17.848437451006404,17.848437451006404,17.827768473494196,155.791841349579,1,-2745.101431683347
24.07601900475119,34.47108609238779,-2748.3366098735305,17.83841904800274,17.83841904800274,17.75945672202641,155.99269025857527,1,-2748.4796582524846
24.086021505376344,34.46351384031744,-2751.3348580112406,17.809776000162344,17.809776000162344,17.803484598662656,156.19586855698833,1,-2751.450935504813
24.0960240060015,34.45574960254002,-2754.332981198593,17.815441751476623,17.815441751476623,17.807709138887933,156.39999498531725,1,-2754.1449856973786
24.106026506626655,34.44903733955841,-2757.3309794412858,17.723290413567604,17.723290413567604,17.849764406657247,156.59945467267363,1,-2757.4116913671364
24.11602900725181,34.44167043241231,-2760.32885274426,17.811291328629935,17.811291328629935,17.62971651604357,156.80194637380131,1,-2760.36868179296
24.12603150787697,34.431290553828376,-2763.326601112808,17.961781219163125,17.961781219163125,17.736636704160166,157.01816911756745,1,-2763.2295925942617
24.136034008502126,34.42474803015878,-2766.3242245520523,17.83168386896343,17.83168386896343,17.829131621706633,157.21709962315117,1,-2766.349961483304
24.14603650912728,34.419039241697114,-2769.321723067038,17.763836695682233,17.763836695682233,17.672076567461815,157.41230982183782,1,-2769.2200775780248
24.156039009752437,34.41275085032418,-2772.319096663117,17.60328914457697,17.60328914457697,17.787365913535808,157.61021542142512,1,-2772.2690578916063
24.166041510377593,34.40426956336823,-2775.3163453455327,17.60101750962128,17.60101750962128,17.915038687407925,157.81818111017952,1,-2775.2962453249584
24.17604401100275,34.395340351939346,-2778.3134691194296,17.769173555015616,17.769173555015616,17.769048050382523,158.0282872244827,1,-2778.4494025068225
24.186046511627907,34.38488811079605,-2781.310467989839,17.933671494730852,17.933671494730852,17.85883897564058,158.2454600506499,1,-2781.27547547235
24.196049012253063,34.38011813885425,-2784.3073419621574,18.002435452195297,18.002435452195297,17.28775891308457,158.43673279171628,1,-2784.1882737373967
24.20605151287822,34.37395500608233,-2787.304091041731,17.746304581201297,17.746304581201297,17.575436698513037,158.63444014592855,1,-2787.2258906569627
24.216054013503374,34.36455924401406,-2790.3007152335026,17.794308552574453,17.794308552574453,17.739745319101136,158.84705841553293,1,-2790.3742184775433
24.22605651412853,34.361095896149415,-2793.2972145427193,17.56700799631303,17.56700799631303,17.564804253451765,159.0324970275341,1,-2793.234730905765
24.23605901475369,34.35265790937625,-2796.2935889743935,17.480011161252413,17.480011161252413,17.855463666256036,159.2408776434884,1,-2796.3578928486454
24.246061515378845,34.33982435312587,-2799.2898385338162,17.86149858778035,17.86149858778035,17.868497315294913,159.46963543406665,1,-2799.335718773683
24.256064016004,34.33334689660736,-2802.2859632263385,17.957578018566476,17.957578018566476,17.498931837749616,159.6691774884991,1,-2802.386041649374
24.266066516629156,34.32707372277806,-2805.2819630571216,17.723006159541498,17.723006159541498,17.76002791910774,159.86784233997616,1,-2805.4415615679864
24.27606901725431,34.321527362748505,-2808.2778380312193,17.637246675654136,17.637246675654136,17.614485146143682,160.0632042517441,1,-2808.379077488489
24.28607151787947,34.31384018065098,-2811.2735881539343,17.524121733916047,17.524121733916047,17.844799327157645,160.2685583018172,1,-2811.1799004998234
24.296074018504626,34.30699570490226,-2814.2692134304048,17.58799063863446,17.58799063863446,17.594725116960408,160.4700800375517,1,-2814.219597643069
24.306076519129782,34.29594664516138,-2817.264713865893,17.790097022164893,17.790097022164893,17.698865482329435,160.69125040984926,1,-2817.2288041950032
24.316079019754937,34.28624662845537,-2820.260089465574,17.8910816900227,17.8910816900227,17.802895573290186,160.9062642619762,1,-2820.0232304642427
24.326081520380093,34.28241740922053,-2823.2553402345,17.69496423836465,17.69496423836465,17.62051964205574,161.09397225120182,1,-2823.201578993444
24.336084021005252,34.265587474170125,-2826.250466178243,18.12930779892853,18.12930779892853,18.12732023572707,161.3425276275252,1,-2826.259110282709
24.346086521630408,34.26644278748669,-2829.245467301609,17.66118717832113,17.66118717832113,17.786271478342844,161.50843743964055,1,-2829.321904620539
24.356089022255563,34.258532910432386,-2832.2403436097916,17.703116157585608,17.703116157585608,17.73991156438253,161.71544109528372,1,-2832.3937542651506
24.36609152288072,34.250378845983036,-2835.2350951080557,17.795245584646025,17.795245584646025,17.629784806867562,161.9236805722657,1,-2835.1370619107606
24.376094023505875,34.24347595768486,-2838.2297218017166,17.797065628976686,17.797065628976686,17.51260031455016,162.12612475440906,1,-2838.219705200391
24.386096524131034,34.236764304035546,-2841.224223695822,17.541992981271992,17.541992981271992,17.88052285569163,162.32774235950893,1,-2841.3509113829664
24.39609902475619,34.228152767743694,-2844.2186007957075,17.70856588093056,17.70856588093056,17.690136442333444,162.53839786403805,1,-2844.228127790891
24.406101525381345,34.223578093928445,-2847.2128531063704,17.533694011158385,17.533694011158385,17.577119269510685,162.73007308726545,1,-2847.21784766693
24.4161040260065,34.21531120649828,-2850.206980633041,17.58572900078583,17.58572900078583,17.564127689076077,162.93926563784422,1,-2850.1458924565277
24.426106526631656,34.20765362446301,-2853.200983380918,17.429353341409332,17.429353341409332,17.87656826055795,163.1456640254897,1,-2853.3810729831216
24.436109027256812,34.19850112182955,-2856.1948613554896,17.638011619335877,17.638011619335877,17.683171314116592,163.35924465504843,1,-2856.286415801603
24.44611152788197,34.19281375965164,-2859.1886145614935,17.553956276010354,17.553956276010354,17.555444770057758,163.55645720699448,1,-2859.1697569554285
24.456114028507127,34.186088067614044,-2862.1822430043403,17.50839734521204,17.50839734521204,17.506478292733085,163.75867157996157,1,-2862.222480079432
24.466116529132282,34.1766256528536,-2865.1757466894815,17.607186168926862,17.607186168926862,17.579315321740722,163.97400767823578,1,-2865.070378586323
24.476119029757438,34.16944930893483,-2868.1691256215877,17.508642626079013,17.508642626079013,17.70392222264865,164.17853793301828,1,-2868.2136204558005
24.486121530382594,34.16460405290745,-2871.1623798059586,17.390089179798874,17.390089179798874,17.518896271468055,164.37199921003585,1,-2871.101303334915
24.496124031007753,34.154742499206534,-2874.155509248011,17.559037201127545,17.559037201127545,17.511311384535247,164.58953109097328,1,-2874.348680780385
24.50612653163291,34.14769521626411,-2877.1485139527567,17.377331201819853,17.377331201819853,17.782901829448445,164.79368140957877,1,-2877.0374886587633
24.516129032258064,34.13647652688117,-2880.141393925581,17.729463055003077,17.729463055003077,17.61252585611987,165.01794911031124,1,-2880.2065707799134
24.52613153288322,34.131828635482286,-2883.1341491715148,17.486853865884544,17.486853865884544,17.646018205050293,165.21073848246306,1,-2883.10962984553
24.536134033508375,34.12493683796192,-2886.1267796957927,17.51968121721016,17.51968121721016,17.46522710438133,165.41438372091395,1,-2886.0899472439296
24.546136534133534,34.11354671086066,-2889.119285503706,17.67749496542974,17.67749496542974,17.709211251506076,165.6398112346116,1,-2889.154037980524
24.55613903475869,34.107902519783956,-2892.111666600215,17.573289372127668,17.573289372127668,17.615353364222855,165.83760842841858,1,-2892.030406205448
24.566141535383846,34.10110723069194,-2895.103922990627,17.44466140916648,17.44466140916648,17.743008778741498,166.0410348326857,1,-2895.1654229642736
24.576144036009,34.09423957972231,-2898.0960546801666,17.401799823378266,17.401799823378266,17.709987694501503,166.24488593225666,1,-2897.9456311394656
24.586146536634157,34.08351826127641,-2901.0880616739596,17.650589946221423,17.650589946221423,17.671718303750048,166.46751860126113,1,-2901.0137614828213
24.596149037259313,34.07659863831771,-2904.0799439771326,17.628364211006982,17.628364211006982,17.605234153682037,166.67179931929536,1,-2903.8805979986387
24.60615153788447,34.06641512185175,-2907.071701594995,17.725583727465345,17.725583727465345,17.789445527936913,166.8920484496662,1,-2906.9793076355213
24.616154038509627,34.061906846629675,-2910.063334532707,17.572440650873595,17.572440650873595,17.623099010338635,167.0847452787671,1,-2910.0197034723124
24.626156539134783,34.05283190317998,-2913.054842795322,17.694566952400375,17.694566952400375,17.591223607521897,167.29978471380167,1,-2912.9847607241536
24.63615903975994,34.04749933246454,-2916.046226388146,17.589313321036144,17.589313321036144,17.452756003416944,167.49662898130435,1,-2916.1909962485092
24.646161540385094,34.04073606042342,-2919.037485316402,17.43051636286974,17.43051636286974,17.635982155806214,167.70053377760308,1,-2918.873889481965
24.656164041010253,34.02913557580237,-2922.028619585207,17.72696184034715,17.72696184034715,17.634310747381722,167.92823782784862,1,-2922.0685475786304
24.66616654163541,34.02642340170251,-2925.0196291997386,17.389947672341197,17.389947672341197,17.566317689837202,168.1124258942767,1,-2924.945195741158
24.676169042260565,34.01576918203812,-2928.0105141652484,17.58127489883794,17.58127489883794,17.632951042986395,168.3356968374217,1,-2927.957167912893
24.68617154288572,34.00631527379283,-2931.0012744868686,17.697251848760814,17.697251848760814,17.67024331038964,168.55318627518483,1,-2931.036943264661
24.696174043510876,33.99985293696075,-2933.991910170107,17.75810480940944,17.75810480940944,17.369036790833892,168.7560277671172,1,-2933.935366785733
24.706176544136035,33.99486454461492,-2936.9824212195244,17.46559164364108,17.46559164364108,17.55349082864688,168.95165691446147,1,-2937.0640100842847
24.71617904476119,33.987021147957044,-2939.972807640718,17.488706805937795,17.488706805937795,17.53493829484709,169.16146119934677,1,-2940.068036453016
24.726181545386346,33.97707957224308,-2942.9630694386383,17.63219483108818,17.63219483108818,17.59037796232281,169.38175261132426,1,-2942.9818169977543
24.736184046011502,33.97286796547732,-2945.953206618662,17.339487406302332,17.339487406302332,17.658714628085743,169.57372887936032,1,-2945.9721103919924
24.746186546636658,33.9615066217047,-2948.943219186005,17.623519653921612,17.623519653921612,17.646032392905983,169.80127498330162,1,-2949.0934746533353
24.756189047261813,33.95364632980129,-2951.9331071458287,17.632753558743662,17.632753558743662,17.657790063135295,170.01153721609953,1,-2951.8240818162717
24.766191547886972,33.95060503920841,-2954.922870503069,17.356096884676287,17.356096884676287,17.518492146294594,170.19787007106316,1,-2954.850363080834
24.776194048512128,33.94093981229109,-2957.9125092630184,17.501421666460747,17.501421666460747,17.52882958444372,170.41728631583106,1,-2957.8595267590695
24.786196549137284,33.933175739082145,-2960.902023431031,17.516317578294295,17.516317578294295,17.5148510499947,170.62731628211634,1,-2960.924774437773
24.79619904976244,33.92474249176716,-2963.891413012215,17.65981563082766,17.65981563082766,17.344047446331036,170.84078532929226,1,-2963.955686246842
24.806201550387595,33.918134244287295,-2966.8806780118243,17.532431155612695,17.532431155612695,17.441258345651136,171.04520344530462,1,-2966.9394385694636
24.816204051012754,33.90820145909924,-2969.869818434864,17.617796308269146,17.617796308269146,17.611659116142636,171.2663862606043,1,-2970.0142801422467
24.82620655163791,33.90407344373259,-2972.858834286574,17.337527751058172,17.337527751058172,17.64261733217469,171.45850208661088,1,-2972.6596345671383
24.836209052263065,33.89439600433224,-2975.847725572189,17.582838575651838,17.582838575651838,17.45483326657918,171.67859765882582,1,-2975.774497221568
24.84621155288822,33.890197009359596,-2978.8364922967994,17.397747653360813,17.397747653360813,17.306093464304492,171.87118553561945,1,-2978.924918917156
24.856214053513376,33.88122168382866,-2981.8251344656783,17.481387134416092,17.481387134416092,17.33634535091824,172.0879293401631,1,-2981.7385327268694
24.866216554138536,33.87462884408147,-2984.81365208402,17.280566835073735,17.280566835073735,17.578146246334793,172.29273257454852,1,-2984.857135853981
24.87621905476369,33.8637533953161,-2987.802045157031,17.554208635844397,17.554208635844397,17.513415144251038,172.51929698934813,1,-2987.8158630636367
24.886221555388847,33.859172242190894,-2990.790313689716,17.404540440002695,17.404540440002695,17.35116966825845,172.7140728729345,1,-2990.7970892693243
24.896224056014002,33.84796131425506,-2993.77845768746,17.589646690728745,17.589646690728745,17.513841084192507,172.9425659853071,1,-2993.7296909513166
24.906226556639158,33.84209875940219,-2996.7664771554014,17.522821724716277,17.522821724716277,17.378120645661948,173.14399358052728,1,-2996.6188347600237
24.916229057264314,33.83385434727592,-2999.7543720985873,17.520575487290905,17.520575487290905,17.47052983284187,173.35761670851934,1,-2999.8683525192373
24.926231557889473,33.828087908780454,-3002.7421425222224,17.373797235537264,17.373797235537264,17.480314300596486,173.5586956260705,1,-3002.8204142291056
24.93623405851463,33.81805694946947,-3005.7297884315167,17.595582349316853,17.595582349316853,17.39265585677238,173.78162129307475,1,-3005.784449535685
24.946236559139784,33.814084647291025,-3008.717309831829,17.237562094083305,17.237562094083305,17.555806271231493,173.97367387946306,1,-3008.7693407841994
24.95623905976494,33.80961664992453,-3011.7047067278822,17.1788300113306,17.1788300113306,17.19475454628703,174.1683032819029,1,-3011.8080340859265
24.966241560390095,33.79711235644682,-3014.6919791250643,17.504695890574897,17.504695890574897,17.269960661300953,174.40419931767397,1,-3014.754685627898
24.976244061015255,33.790487635291754,-3017.679127028898,17.26516653551711,17.26516653551711,17.59401325810682,174.61004926182758,1,-3017.7235763360122
24.98624656164041,33.78058615416685,-3020.666150444578,17.571934080770824,17.571934080770824,17.316976966170362,174.8328331446056,1,-3020.6386774314133
24.996249062265566,33.77689040433974,-3023.653049376922,17.25504393051346,17.25504393051346,17.356405894102082,175.0237617383961,1,-3023.4903697495906
25.00625156289072,33.76707801231219,-3023.1775596021494,17.40167995896665,17.40167995896665,17.386287466445076,175.04695703085946,0,-3023.267324084337
25.016254063515877,33.761502661286016,-3020.746445599937,17.272601327614495,17.272601327614495,17.332047853966078,174.93571456699476,0,-3020.5427977592826
25.026256564141036,33.75205888660313,-3018.3154329151735,17.28172811388343,17.28172811388343,17.58166445149299,174.84436372609167,0,-3018.3668064386075
25.036259064766192,33.74201548741699,-3015.884521543677,17.602965605005867,17.602965605005867,17.297004662119978,174.75605532714195,0,-3015.854593376362
25.046261565391347,33.73540856439012,-3013.4537114811365,17.534480777191856,17.534480777191856,17.27632369760805,174.65000942371825,0,-3013.368797744796
25.056264066016503,33.730035004346384,-3011.0230027233647,17.254918628987436,17.254918628987436,17.49279657553292,174.5375820552798,0,-3011.030291914492
25.06626656664166,33.722087390071344,-3008.592395266054,17.346797021760654,17.346797021760654,17.35250438563292,174.43836248165408,0,-3008.6451438154195
25.076269067266818,33.71402597254453,-3006.1618891052735,17.41341597980541,17.41341597980541,17.27979435978057,174.33968708393874,0,-3006.1264320795567
25.086271567891973,33.70644468965857,-3003.7314842364144,17.362468562096996,17.362468562096996,17.370209359053636,174.2385025806986,0,-3003.4799333864767
25.09627406851713,33.699368982848085,-3001.301180655461,17.296914565759817,17.296914565759817,17.414002846461702,174.13468089458314,0,-3001.1187133824346
25.106276569142285,33.690297023482415,-2998.8709783581253,17.41118876119602,17.41118876119602,17.397582838498227,174.04107404766344,0,-2998.946205907643
25.11627906976744,33.68428806028119,-2996.4408773402743,17.291227166826744,17.291227166826744,17.390185289521142,173.9316960811214,0,-2996.5791301893487
25.126281570392596,33.67563541613675,-2994.010877597354,17.40650979765546,17.40650979765546,17.30886852138907,173.83585221558278,0,-2993.8484252567255
25.136284071017755,33.667533539412716,-2991.5809791255433,17.475929359522034,17.475929359522034,17.236659357144024,173.73713907827602,0,-2991.7063370645083
25.14628657164291,33.663260970782105,-2989.1511819204325,17.18098226210759,17.18098226210759,17.31879325318716,173.61874607741885,0,-2989.155313946167
25.156289072268066,33.65388083867992,-2986.721485977839,17.370184017036678,17.370184017036678,17.19876788791072,173.52650880214708,0,-2986.709866656308
25.166291572893222,33.64553217591088,-2984.291891293662,17.33676576002391,17.33676576002391,17.369259898710393,173.42893963878333,0,-2984.2935478968047
25.176294073518378,33.639635338637476,-2981.8623978634223,17.216955094539458,17.216955094539458,17.344773530990267,173.3187675220882,0,-2981.9223566296296
25.186296574143537,33.63179943322549,-2979.433005683087,17.262860594256942,17.262860594256942,17.279716032595363,173.21849144729012,0,-2979.480029176627
25.196299074768692,33.626804657291515,-2977.003714747686,17.130251445804454,17.130251445804454,17.145557241291428,173.1036322199173,0,-2976.975070665653
25.206301575393848,33.61640029306646,-2974.574525054547,17.172472570349388,17.172472570349388,17.473136532932926,173.01642133880478,0,-2974.6667676809125
25.216304076019004,33.59770569600748,-2972.145436598515,17.82703011136318,17.82703011136318,17.81958537353464,172.97158582867502,0,-2972.2361674504295
25.22630657664416,33.599949453752096,-2969.716449375444,17.362477243511307,17.362477243511307,17.263505471741972,172.81956733393775,0,-2969.7817075026014
25.23630907726932,33.59149496625093,-2967.28756338093,17.35343317279179,17.35343317279179,17.40115738690217,172.72224781921716,0,-2967.2462785411076
25.246311577894474,33.58545389222365,-2964.858778610871,17.309610692771134,17.309610692771134,17.246360836309513,172.61255238995156,0,-2965.098208354602
25.25631407851963,33.57772026321604,-2962.4300950611346,17.281613812985558,17.281613812985558,17.313798482135127,172.51146830857715,0,-2962.451881989415
25.266316579144785,33.56882106870951,-2960.0015127274123,17.348877741483424,17.348877741483424,17.36555587287068,172.41629516759497,0,-2960.0040174155065
25.27631907976994,33.55962067277387,-2957.573031605481,17.401074782788275,17.401074782788275,17.492633759896837,172.3226150409235,0,-2957.581239559624
25.286321580395096,33.55332091373705,-2955.1446516913675,17.298674701223245,17.298674701223245,17.493804482433433,172.2140869053603,0,-2955.014151411071
25.296324081020256,33.54672342626607,-2952.7163729806316,17.294681753343813,17.294681753343813,17.34282521322423,172.1070424415888,0,-2952.5947716260143
25.30632658164541,33.54207051247478,-2950.2881954690106,17.13025205892481,17.13025205892481,17.221040599410728,171.99004815038757,0,-2950.295543039241
25.316329082270567,33.531162681305155,-2947.860119152404,17.30434430453511,17.30434430453511,17.360450797992925,171.9049019891969,0,-2947.8189058429557
25.326331582895723,33.5246041797512,-2945.432144026394,17.289150541908327,17.289150541908327,17.226044505846822,171.79754491018736,0,-2945.514205981181
25.336334083520878,33.51584217677921,-2943.0042700869476,17.3206979490303,17.3206979490303,17.328682574385244,171.70137372268832,0,-2942.9896180949554
25.346336584146037,33.50574099613597,-2940.5764973298765,17.632482283795714,17.632482283795714,17.071723359569724,171.61197695847198,0,-2940.755706269774
25.356339084771193,33.501904325529864,-2938.14882575072,17.23540978993967,17.23540978993967,17.292813299253243,171.49064619609692,0,-2938.2126939101104
25.36634158539635,33.49455844345678,-2935.721255345431,17.28106371386784,17.28106371386784,17.15483530440176,171.38714303476357,0,-2935.6944042969794
25.376344086021504,33.489064961480985,-2933.2937861099854,17.12123076764084,17.12123076764084,17.14996458645115,171.27418134118125,0,-2933.379368233951
25.38634658664666,33.47984276725651,-2930.866418039878,17.199917457941073,17.199917457941073,17.227369097121905,171.18013962245416,0,-2930.937747186228
25.39634908727182,33.47278830304516,-2928.439151130836,17.1042378775342,17.1042378775342,17.328356914617796,171.0750370198601,0,-2928.535872017358
25.406351587896975,33.46521257463771,-2926.011985378783,17.163540283633566,17.163540283633566,17.1975736804859,170.97254348496944,0,-2926.2181577505894
25.41635408852213,33.45538290697185,-2923.5849207794363,17.2868878800891,17.2868878800891,17.276797266402113,170.88145380965992,0,-2923.580864113589
25.426356589147286,33.449449272014796,-2921.157957328634,17.151078483243296,17.151078483243296,17.28993338589122,170.7705401026715,0,-2921.098396098534
25.43635908977244,33.44056976693638,-2918.731095022175,17.285686676271062,17.285686676271062,17.204117412151398,170.67453868962374,0,-2918.7573013806577
25.446361590397597,33.434202853102626,-2916.3043338557595,17.243297848703616,17.243297848703616,17.09541340257963,170.56574828251058,0,-2916.392512645139
25.456364091022756,33.4263270725693,-2913.8776738253378,17.264396738660476,17.264396738660476,17.08606206362309,170.46457161202702,0,-2913.8029208107746
25.466366591647912,33.4185572054967,-2911.4511149264185,17.22641458027839,17.22641458027839,17.178997570706684,170.3628163721569,0,-2911.3861641032086
25.476369092273067,33.410373813148425,-2909.024657155018,17.220785412029485,17.220785412029485,17.26925595430637,170.2631146582326,0,-2909.089953657561
25.486371592898223,33.39986353562876,-2906.598300506843,17.366950527918878,17.366950527918878,17.40496238628106,170.1751551666611,0,-2906.626196194239
25.49637409352338,33.39455407582516,-2904.1720449776826,17.258612508163907,17.258612508163907,17.269555847724774,170.0608128085062,0,-2904.139153883991
25.506376594148538,33.383879295051045,-2901.745890563277,17.372804974675475,17.372804974675475,17.49389186740717,169.9735923557348,0,-2901.7534237834566
25.516379094773693,33.37817324845242,-2899.31983725952,17.313299228966724,17.313299228966724,17.32031428168872,169.8611812779129,0,-2899.307170975153
25.52638159539885,33.37044433892944,-2896.8938850621926,17.275855797396098,17.275855797396098,17.406041588720917,169.75896692784553,0,-2896.88067219911
25.536384096024005,33.36263789712735,-2894.4680339669676,17.363245147374897,17.363245147374897,17.253738557552495,169.65710305587913,0,-2894.5146796175745
25.54638659664916,33.35834310225315,-2892.04228396951,17.238711444733376,17.238711444733376,16.99854585339138,169.53745351809718,0,-2891.994564442085
25.55638909727432,33.348937293059805,-2889.6166350656054,17.251384828118464,17.251384828118464,17.235602138302202,169.4435905469338,0,-2889.6578904667085
25.566391597899475,33.342715539495345,-2887.1910872512194,17.16861038367334,17.16861038367334,17.185947865386225,169.33360399119195,0,-2887.2758745636716
25.57639409852463,33.33303191681657,-2884.7656405221837,17.24849672586371,17.24849672586371,17.330252184554602,169.24105347422324,0,-2884.649834931726
25.586396599149786,33.32100940093366,-2882.3402948741586,17.44599879669235,17.44599879669235,17.590164729469677,169.16025786656868,0,-2882.3654874937115
25.596399099774942,33.31737903019231,-2879.9150503032356,17.323577971853638,17.323577971853638,17.23109198445136,169.03707316581122,0,-2879.7362176521397
25.606401600400098,33.31204669118527,-2877.4899068047034,17.195226022453102,17.195226022453102,17.139191712254984,168.92244651567847,0,-2877.6220701400453
25.616404101025257,33.30833421683116,-2875.064864374525,16.979952114095806,16.979952114095806,16.978161683747178,168.799628163927,0,-2874.9576756541114
25.626406601650412,33.28949341072911,-2872.639923008832,17.540412907020247,17.540412907020247,17.53490123857705,168.7529886510478,0,-2872.685097283674
25.636409102275568,33.287081847715825,-2870.215082703043,17.239081939819037,17.239081939819037,17.350844845384792,168.62352874010185,0,-2870.1984421674365
25.646411602900724,33.2712437515954,-2867.7903434529067,17.689558780575823,17.689558780575823,17.677161572366,168.56164780900693,0,-2867.835142186414
25.65641410352588,33.27362244680892,-2865.3657052544063,17.208994194756375,17.208994194756375,17.13304150301104,168.40801035171864,0,-2865.2474523759834
25.66641660415104,33.264054991525654,-2862.941168103099,17.283731198853967,17.283731198853967,17.27025090125712,168.3144669887753,0,-2863.001296664635
25.676419104776194,33.25842821091533,-2860.5167319948655,17.189586808803327,17.189586808803327,17.154127422431962,168.20106229112065,0,-2860.5223811272804
25.68642160540135,33.251732262866234,-2858.092396925423,17.18054356575088,17.18054356575088,17.028185533397266,168.09299761287372,0,-2858.1363313923516
25.696424106026505,33.23879693581389,-2855.6681628907486,17.458523597079907,17.458523597079907,17.26410332358399,168.0162406713979,0,-2855.7594035089433
25.70642660665166,33.237070550704644,-2853.2440298863785,17.10363032838155,17.10363032838155,17.084437906516676,167.88313085948323,0,-2853.255223039875
25.71642910727682,33.226634840518535,-2850.8199979083265,17.37666694649381,17.37666694649381,16.955311859941027,167.79372143866792,0,-2850.899380823289
25.726431607901976,33.21995107397826,-2848.3960669523626,17.27589981509037,17.27589981509037,17.01100306013285,167.6854337570906,0,-2848.4938335004013
25.73643410852713,33.212884701319496,-2845.9722370141294,17.213612306944185,17.213612306944185,17.04713402708726,167.5790273416289,0,-2846.169874077146
25.746436609152287,33.2080444588827,-2843.5485080896447,16.972933092778934,16.972933092778934,17.106125791072824,167.46142191753307,0,-2843.7219403391637
25.756439109777443,33.1971894697401,-2841.1248801743814,17.182952251832813,17.182952251832813,17.165944841186302,167.37392668718104,0,-2841.1010479156494
25.7664416104026,33.19081206239178,-2838.701353264254,17.13496201800979,17.13496201800979,17.07015123238347,167.26394739520705,0,-2838.8461165277895
25.776444111027757,33.183347215575616,-2836.277927355168,17.207482243819076,17.207482243819076,16.89645279291377,167.15937671864552,0,-2836.1836850433
25.786446611652913,33.17586289634942,-2833.8546024428647,17.087671829767725,17.087671829767725,17.11033875066427,167.05486236667338,0,-2833.859908691392
25.79644911227807,33.166772858049626,-2831.431378523057,17.147020547289795,17.147020547289795,17.206770166762787,166.95834100009282,0,-2831.5298679019484
25.806451612903224,33.16196035273457,-2829.0082555914455,16.97808675798349,16.97808675798349,17.118146673025194,166.84037826389445,0,-2828.874513274116
25.81645411352838,33.15031362959945,-2826.585233644116,17.277731605398102,17.277731605398102,17.11749421363242,166.7565522788255,0,-2826.5342764162338
25.82645661415354,33.146417840542526,-2824.162312676516,16.878474633302456,16.878474633302456,17.352017202675583,166.63393251888385,0,-2824.236556049807
25.836459114778695,33.1391509554143,-2821.739492684673,16.983652400582724,16.983652400582724,17.083335652461905,166.52812657026703,0,-2821.833706722339
25.84646161540385,33.127399417894296,-2819.3167736643154,17.213732527439387,17.213732527439387,17.237550530213074,166.44467432728555,0,-2819.2664890428623
25.856464116029006,33.12334439751387,-2816.894155611268,16.950003414006126,16.950003414006126,17.224907825060093,166.32274557756674,0,-2816.7616594814017
25.86646661665416,33.11648699183186,-2814.4716385213483,16.964600791861095,16.964600791861095,17.075970034868305,166.21477252810658,0,-2814.649692440696
25.87646911727932,33.10558611921833,-2812.0492223900906,17.142605973904214,17.142605973904214,17.206748860901214,166.1269265748741,0,-2811.8084866375348
25.886471617904476,33.09597216286406,-2809.626907213441,17.390169572602353,17.390169572602353,17.005378109965246,166.03261124178644,0,-2809.6883342211954
25.896474118529632,33.092312746209636,-2807.2046929872567,17.153892441779984,17.153892441779984,16.878509296931593,165.90856849502885,0,-2807.063049730855
25.906476619154787,33.083665057770396,-2804.782579707204,17.128234679192456,17.128234679192456,17.078649755971384,165.80935003512167,0,-2804.6995507323063
25.916479119779943,33.07688512485694,-2802.360567369137,17.023004901767887,17.023004901767887,17.157775073785537,165.70078492583465,0,-2802.356048667389
25.926481620405102,33.069307761578884,-2799.9386559688223,17.0689219801024,17.0689219801024,17.054226345379067,165.59615019602433,0,-2799.921461826006
25.936484121030258,33.059420606416374,-2797.516845502166,17.18449709847869,17.18449709847869,17.15782996516803,165.50296611068552,0,-2797.5333356084634
25.946486621655414,33.05537805122656,-2795.0951359646897,16.948254436215173,16.948254436215173,17.08839156560585,165.3806625322724,0,-2795.164135827832
25.95648912228057,33.04311413472104,-2792.6735273525055,17.24571491549094,17.24571491549094,17.18474805060876,165.29920361133978,0,-2792.7307720931744
25.966491622905725,33.04035253317524,-2790.252019661232,16.913809966905763,16.913809966905763,17.114493239814873,165.1704615825464,0,-2790.1893650331504
25.97649412353088,33.030636377620105,-2787.830612886632,17.133222129649912,17.133222129649912,16.98479382713757,165.07624271882395,0,-2787.856906944066
25.98649662415604,33.024724517529805,-2785.409307024618,16.87755989580123,16.87755989580123,17.234599416329907,164.96308438490126,0,-2785.3505352589173
25.996499124781195,33.017553242208585,-2782.988102070978,16.91915942935545,16.91915942935545,17.078794473884738,164.85614132999552,0,-2782.9694850763553
26.00650162540635,33.00628189180283,-2780.56699802139,17.119176439185452,17.119176439185452,17.221171869187692,164.76949884488596,0,-2780.487854000512
26.016504126031506,32.99776977707954,-2778.1459948716965,17.199780163644448,17.199780163644448,17.188494071771597,164.6691161407505,0,-2778.0876697228787
26.026506626656662,32.99468432669976,-2775.7250926177294,16.955107038839273,16.955107038839273,16.99237185498014,164.54178529546775,0,-2775.7548945948106
26.03650912728182,32.98866544985239,-2773.3042912550345,16.869479712180425,16.869479712180425,16.918185163611618,164.42896775849752,0,-2773.3250408071167
26.046511627906977,32.97905544972706,-2770.883590779712,17.003519059756854,17.003519059756854,16.943332262879274,164.33389865234423,0,-2770.7738897594786
26.056514128532132,32.96907648000938,-2768.4629911874285,17.06847343304962,17.06847343304962,17.161999132227823,164.2406069406173,0,-2768.444861592209
26.066516629157288,32.962841948824284,-2766.042492473907,17.019644420110538,17.019644420110538,17.046574738690236,164.12873185259647,0,-2766.006492566592
26.076519129782444,32.9539058567201,-2763.62209463509,17.175239989898174,17.175239989898174,16.927535801958015,164.0301845046704,0,-2763.510528663889
26.086521630407603,32.94952789013913,-2761.2017976666657,16.94468736631693,16.94468736631693,16.897079820608198,163.9090502468299,0,-2761.2108096800243
26.09652413103276,32.94072831997224,-2758.7816015645944,17.02915772231852,17.02915772231852,16.89981596334833,163.80974061493038,0,-2758.814595258689
26.106526631657914,32.934101634034874,-2756.3615063244783,16.928320290425265,16.928320290425265,16.94724139702286,163.6996487664119,0,-2756.412442974613
26.11652913228307,32.923386054093186,-2753.9415119420114,17.202144062602958,17.202144062602958,16.858689537017643,163.6097112374527,0,-2753.955894823149
26.126531632908225,32.919360592846886,-2751.5216184133624,16.864259998123632,16.864259998123632,16.990028832626205,163.4866926290744,0,-2751.6133545881585
26.13653413353338,32.90700570494465,-2749.1018257339356,17.17771958380108,17.17771958380108,17.068106412535432,163.40474740075595,0,-2749.1306860710697
26.14653663415854,32.89812732532977,-2746.68213389972,17.215183818423917,17.215183818423917,17.176700671271078,163.3055931268736,0,-2746.8004807544203
26.156539134783696,32.89713019066618,-2744.262542906346,16.760112076915533,16.760112076915533,17.088190180768226,163.16753110347537,0,-2744.088649835589
26.16654163540885,32.887022164888315,-2741.8430527495784,16.976820356955127,16.976820356955127,17.022764439424854,163.07435467464987,0,-2741.8709484820993
26.176544136034007,32.88118535828872,-2739.4236634256627,16.932491782964664,16.932491782964664,16.83871967718945,162.96008579590477,0,-2739.3932457528567
26.186546636659163,32.872960089883854,-2737.0043749299966,16.907866042059972,16.907866042059972,16.973547098366797,162.85754158784403,0,-2736.9646814690577
26.19654913728432,32.86424910529741,-2734.585187258427,16.97921148195973,16.97921148195973,16.989295570141365,162.75734266733903,0,-2734.5998800128805
26.206551637909477,32.857605628675245,-2732.1661004067582,16.889427649565334,16.889427649565334,17.01718198508984,162.64692458769647,0,-2732.1700242577313
26.216554138534633,32.84922890882525,-2729.74711437087,17.002518420889405,17.002518420889405,16.899307244868616,162.5449910579574,0,-2729.771991114763
26.22655663915979,32.84151233217456,-2727.3282291465607,17.04186952557501,17.04186952557501,16.829891724323396,162.43976634920858,0,-2727.4417080539956
26.236559139784944,32.8259069715172,-2724.9094447296525,17.36963730218836,17.36963730218836,17.366960451238555,162.37327036084054,0,-2724.725923344948
26.246561640410103,32.82553223487714,-2722.490761116042,17.026689031583295,17.026689031583295,16.960862976515063,162.23187285250717,0,-2722.4812256036157
26.25656414103526,32.81936242754912,-2720.072178301062,16.886463453335868,16.886463453335868,17.018597426295013,162.1189225960886,0,-2720.046650196749
26.266566641660415,32.811891413056436,-2717.6536962807477,16.929312405327714,16.929312405327714,16.905369444539087,162.01232077915282,0,-2717.78371693666
26.27656914228557,32.805071084169654,-2715.235315050904,17.002625630429876,17.002625630429876,16.633615158302796,161.90248482973414,0,-2715.2377947008517
26.286571642910726,32.79558843397512,-2712.81703460727,16.97898143438997,16.97898143438997,16.95513147398903,161.80566219733203,0,-2712.951312897324
26.296574143535885,32.78816081332724,-2710.398854945815,16.92138342994826,16.92138342994826,17.036300544114855,161.69871695496244,0,-2710.4841668178915
26.30657664416104,32.77924998466981,-2707.9807760622316,16.95854974513298,16.95854974513298,17.15042653425909,161.59899574050633,0,-2708.1153277796266
26.316579144786196,32.77201720555979,-2705.5627979522933,17.034437935978772,17.034437935978772,16.935406624746072,161.4910081130728,0,-2705.3851903355608
26.326581645411352,32.76559670976582,-2703.1449206118605,16.962979044196267,16.962979044196267,16.893240752706124,161.37900277589708,0,-2703.0826496162117
26.336584146036508,32.75498621033225,-2700.727144036739,17.09724146172689,17.09724146172689,17.068134660680006,161.28746079432912,0,-2700.7688427316925
26.346586646661663,32.750987442203616,-2698.3094682226015,17.00432758410444,17.00432758410444,16.705629045055638,161.1635253129882,0,-2698.275546628141
26.356589147286822,32.7436249479541,-2695.89189316534,16.89961651850402,16.89961651850402,16.871279775561415,161.05600628041887,0,-2695.8432664744387
26.366591647911978,32.73610805191684,-2693.474418860719,16.881441392068098,16.881441392068098,16.88702349769628,160.94919927442757,0,-2693.3649170415256
26.376594148537134,32.727634284460244,-2691.0570453044797,17.038472289905613,17.038472289905613,16.695892971732732,160.8470225681999,0,-2691.195948169844
26.38659664916229,32.721362774437274,-2688.6397724925678,16.865704087272363,16.865704087272363,16.834022249021057,160.73404756261525,0,-2688.5619365930693
26.396599149787445,32.71468136893566,-2686.222600420532,16.731431870028995,16.731431870028995,16.95665555408667,160.6230351849338,0,-2686.2206213308973
26.406601650412604,32.70717082736268,-2683.805529084553,16.82716691094116,16.82716691094116,16.743638707355117,160.51602711462849,0,-2683.8949584839415
26.41660415103776,32.69690885668872,-2681.3885584800996,17.017018335625483,17.017018335625483,16.755112558248204,160.42239006544446,0,-2681.263595015793
26.426606651662915,32.691517135110026,-2678.97168860305,16.692846630841657,16.692846630841657,17.06410071771638,160.30496407127978,0,-2678.7996213307288
26.43660915228807,32.680653952103384,-2676.5549194493738,16.98043750760055,16.98043750760055,16.970280357345253,160.21415682303672,0,-2676.5952207972805
26.446611652913226,32.67159065062271,-2674.1382510146655,17.019244422551388,17.019244422551388,17.104052379131275,160.11452905870158,0,-2674.025950199838
26.456614153538386,32.66940664875045,-2671.72168329474,16.799157099160812,16.799157099160812,16.723723859766704,159.98136774160332,0,-2671.698477040769
26.46661665416354,32.664234323703546,-2669.3052162852186,16.588827399710194,16.588827399710194,16.772142686829767,159.86272701310054,0,-2669.286000429122
26.476619154788697,32.6554026747054,-2666.8888499821824,16.669871842377418,16.669871842377418,16.786712870107834,159.76184336202292,0,-2666.7870414803992
26.486621655413852,32.64356085277896,-2664.4725843813017,16.91264512800693,16.91264512800693,16.929358196483726,159.67554178288418,0,-2664.4844235653886
26.496624156039008,32.63626323444583,-2662.056419478848,16.89747971568085,16.89747971568085,16.90623579737826,159.5671019470423,0,-2662.0550806570836
26.506626656664164,32.62868379476447,-2659.640355270074,16.923232784991104,16.923232784991104,16.84355980099798,159.4599882473545,0,-2659.568627062365
26.516629157289323,32.62328039880085,-2657.2243917511,16.707488528633498,16.707488528633498,16.93746748342311,159.34226829482222,0,-2657.138717200404
26.52663165791448,32.61535964079306,-2654.808528917174,16.820262904012377,16.820262904012377,16.751962771882344,159.2367276355287,0,-2654.8027719669303
26.536634158539634,32.60881066687266,-2652.392766764625,16.69139219335629,16.69139219335629,16.843977222766224,159.12448945979727,0,-2652.391944019643
26.54663665916479,32.60195630776581,-2649.9771052890173,16.625702948497512,16.625702948497512,16.855443669470244,159.0136923088491,0,-2649.9180814999618
26.556639159789945,32.589707060809836,-2647.5615444862246,17.096217637866747,17.096217637866747,16.603739218225883,158.92899374264348,0,-2647.5909525494667
26.566641660415105,32.584078873550084,-2645.14608435211,16.88348405960031,16.88348405960031,16.725373289681897,158.8121636623775,0,-2645.188484206443
26.57664416104026,32.57520502018895,-2642.7307248823436,16.924629003727595,16.924629003727595,16.826107003094595,158.71101136546207,0,-2642.7943663676633
26.586646661665416,32.57063255132208,-2640.3154660727246,16.737606668844233,16.737606668844233,16.73797438113915,158.58899548412464,0,-2640.2710256157943
26.59664916229057,32.56425274388551,-2637.900307918886,16.712566125325445,16.712566125325445,16.59699329854113,158.47569087263022,0,-2637.759968472929
26.606651662915727,32.55233361012999,-2635.485250417112,16.873411785929296,16.873411785929296,16.915131265166085,158.3891257128342,0,-2635.405020482661
26.616654163540886,32.54106798383722,-2633.070293562869,17.075137938663243,17.075137938663243,17.053489630579396,158.29934411582965,0,-2633.073015617597
26.626656664166042,32.53479134816036,-2630.655437352547,17.092298769919694,17.092298769919694,16.8126111189706,158.18539933106152,0,-2630.6073852396576
26.636659164791197,32.53177247373555,-2628.2406817810484,16.749145011003137,16.749145011003137,16.80371895013096,158.05568731329777,0,-2628.2982668182703
26.646661665416353,32.52594295363529,-2625.826026844424,16.723755148930117,16.723755148930117,16.58090601313455,157.93951758637766,0,-2626.0387193619695
26.65666416604151,32.516865624546156,-2623.411472538671,16.770315858323265,16.770315858323265,16.701364556275728,157.8389758564363,0,-2623.341961132735
26.666666666666664,32.50800352318245,-2620.9970188595717,16.80425273110165,16.80425273110165,16.81478883161951,157.73734626703396,0,-2621.0835255317434
26.676669167291823,32.50181705501361,-2618.5826658030583,16.534675556859728,16.534675556859728,17.133892494134315,157.62277261928958,0,-2618.3955953758577
26.68667166791698,32.48981870599505,-2616.1684133645836,16.927054661526864,16.927054661526864,17.000877720255293,157.5361580377889,0,-2616.091263128536
26.696674168542135,32.48745109117417,-2613.7542615401853,16.75161880564659,16.75161880564659,16.558884000066442,157.4031068542188,0,-2613.833963917828
26.70667666916729,32.47948007924857,-2611.3402103254834,16.707271324049106,16.707271324049106,16.69523257749338,157.29700218373034,0,-2611.460870439732
26.716679169792446,32.471332594522075,-2608.9262597165107,16.67694823068913,16.67694823068913,16.830002523088172,157.1917002982657,0,-2608.96860194024
26.726681670417605,32.4586512988126,-2606.512409708736,16.97698546416391,16.97698546416391,16.98413741672656,157.10815365760888,0,-2606.5500563498354
26.73668417104276,32.45325563837815,-2604.0986602987164,16.837906476183026,16.837906476183026,16.923639898831958,156.9895208058607,0,-2604.063520107804
26.746686671667916,32.443429643234694,-2601.685011481418,16.93496349425395,16.93496349425395,17.05543816726336,156.89213957762118,0,-2601.7743182523213
26.756689172293072,32.441493782557295,-2599.271463252901,16.694766971950784,16.694766971950784,16.678229434497794,156.75681435731116,0,-2599.255795718775
26.766691672918228,32.43231838134835,-2596.858015608938,16.749569895713297,16.749569895713297,16.796960405704883,156.65621683237487,0,-2596.8541202885754
26.776694173543387,32.42595743836282,-2594.4446685454136,16.700830571417832,16.700830571417832,16.700610929723066,156.5420667297013,0,-2594.4373349759376
26.786696674168542,32.419857183334784,-2592.0314220581213,16.623693746672323,16.623693746672323,16.62195751996172,156.42662806889865,0,-2592.0060789392796
26.796699174793698,32.410384611025165,-2589.6182761431824,16.720772948047575,16.720772948047575,16.700709827103342,156.3273121945562,0,-2589.5844371232247
26.806701675418854,32.40173057543927,-2587.2052307959566,16.75713920639056,16.75713920639056,16.77811731254108,156.22402289462144,0,-2587.3067648095666
26.81670417604401,32.39553235440529,-2584.7922860122985,16.71781505403629,16.71781505403629,16.638540999720558,156.10892517636339,0,-2584.813441385639
26.826706676669165,32.38364480209792,-2582.379441788057,16.982328463520464,16.982328463520464,16.744694779791402,156.02101957685633,0,-2582.371673096666
26.836709177294324,32.37878046797459,-2579.9666981190903,16.779409351600012,16.779409351600012,16.7322339551721,155.89944922737996,0,-2580.052916076867
26.84671167791948,32.371239183587875,-2577.554055001267,16.805623824416713,16.805623824416713,16.663048783409767,155.79064778783345,0,-2577.4986598950463
26.856714178544635,32.3653085374095,-2575.1415124302025,16.70603901852405,16.70603901852405,16.60387507037654,155.6741040450158,0,-2575.0090015386804
26.86671667916979,32.35839723066696,-2572.729070401818,16.595805367566793,16.595805367566793,16.713101597853186,155.56220767699773,0,-2572.777579600452
26.876719179794947,32.35356419003315,-2570.3167289117555,16.491939332041554,16.491939332041554,16.497863502560552,155.44034826134356,0,-2570.35648316633
26.886721680420106,32.3379341644648,-2567.904487956156,16.988388906803344,16.988388906803344,16.701537678623403,155.36998229999296,0,-2567.974360449638
26.89672418104526,32.33336496932,-2565.4923475306646,16.729479876388346,16.729479876388346,16.75680738656985,155.24677042837646,0,-2565.288135341163
26.906726681670417,32.325129987437144,-2563.0803076309207,16.778344380142045,16.778344380142045,16.7464080877006,155.14100793936362,0,-2563.1032614090986
26.916729182295573,32.31873448954614,-2560.6683682530343,16.731757209531395,16.731757209531395,16.65098626081351,155.0264303818601,0,-2560.759198876326
26.926731682920728,32.310730431887734,-2558.2565293924,16.727064861522017,16.727064861522017,16.7130734745908,154.91947587265565,0,-2558.19590216681
26.936734183545887,32.304916800685305,-2555.8447910454834,16.58841629299423,16.58841629299423,16.714494840639254,154.8020451947741,0,-2555.80740111937
26.946736684171043,32.29727647877366,-2553.433153207389,16.62873486297842,16.62873486297842,16.63200205556722,154.6932704866774,0,-2553.328681817905
26.9567391847962,32.28380413465809,-2551.0216158742237,16.871476935471318,16.871476935471318,17.01946885358008,154.61219516059404,0,-2550.900065727713
26.966741685421354,32.28274607509157,-2548.6101790418725,16.42470989491205,16.42470989491205,16.923811054247256,154.4720180412455,0,-2548.815329774957
26.97674418604651,32.27047391908183,-2546.1988427059737,16.84953812345657,16.84953812345657,16.767084341554543,154.38512110581507,0,-2546.118415647979
26.98674668667167,32.26596237793918,-2543.787606862265,16.76627923448957,16.76627923448957,16.46244970040739,154.2612928080928,0,-2543.86684880002
26.996749187296825,32.26287112867431,-2541.3764715066586,16.436257954620526,16.436257954620526,16.438301615787488,154.13069444145123,0,-2541.3331354029574
27.00675168792198,32.25635647523721,-2538.9654366352547,16.377836426413207,16.377836426413207,16.384457399948094,154.01631517521352,0,-2539.031240233186
27.016754188547136,32.24182204857609,-2536.5545022437927,16.716780229861943,16.716780229861943,16.738844182676438,153.93992829973163,0,-2536.410976394542
27.02675668917229,32.235440066946566,-2534.143668327513,16.746804738734554,16.746804738734554,16.488223040751382,153.8248189259271,0,-2534.1707567737526
27.036759189797447,32.230883359228116,-2531.7329348828302,16.516441306053306,16.516441306053306,16.484580576910528,153.70102189126257,0,-2531.6457146466623
27.046761690422606,32.22072261993403,-2529.3223019050643,16.651294960819115,16.651294960819115,16.591123676228552,153.60373309757608,0,-2529.2879500979416
27.056764191047762,32.21301253876951,-2526.9117693903854,16.656240875013612,16.656240875013612,16.58988286858649,153.49478681271307,0,-2526.8865076413404
27.066766691672917,32.205814403655225,-2524.5013373344223,16.589624520480733,16.589624520480733,16.65498169799521,153.3833720913799,0,-2524.286999769855
27.076769192298073,32.198549250494054,-2522.0910057330325,16.570304264149932,16.570304264149932,16.635545967638468,153.27223055926302,0,-2522.022605770566
27.08677169292323,32.191935470308685,-2519.6807745820793,16.420884849969234,16.420884849969234,16.778605006971386,153.15796609387877,0,-2519.7151519113468
27.096774193548388,32.18338572517934,-2517.270643877166,16.485588119730604,16.485588119730604,16.78382469856075,153.05280679554548,0,-2517.2255353316245
27.106776694173544,32.176295204585315,-2514.8606136142816,16.496894861739754,16.496894861739754,16.676957239014946,152.94070671534203,0,-2514.892395025315
27.1167791947987,32.16828354461359,-2512.4506837892727,16.600109965441334,16.600109965441334,16.52444582462813,152.8329109015884,0,-2512.316932411969
27.126781695423855,32.16084602587404,-2510.0408543980448,16.56584832546711,16.56584832546711,16.560764380312367,152.72235882800254,0,-2510.0748077735243
27.13678419604901,32.1552412819207,-2507.6311254362217,16.46552521100844,16.46552521100844,16.454295241669065,152.6031201603483,0,-2507.505446532951
27.14678669667417,32.146799582255746,-2505.2214968996536,16.482341930727497,16.482341930727497,16.53909361874088,152.49721444311777,0,-2505.226732477635
27.156789197299325,32.13782401509492,-2502.811968784054,16.533840410272674,16.533840410272674,16.634616529421574,152.39377404739426,0,-2502.860813139302
27.16679169792448,32.127307983024245,-2500.4025410853696,16.70709367041837,16.70709367041837,16.71770159138699,152.2975361159531,0,-2500.243524694085
27.176794198549636,32.12061294224656,-2497.9932137994642,16.69002775723444,16.69002775723444,16.60827598978472,152.18325470181753,0,-2497.978574852818
27.186796699174792,32.1151349391242,-2495.5839869220317,16.52045556731209,16.52045556731209,16.62131197326711,152.06320679556615,0,-2495.5484466467547
27.196799199799948,32.10471738983757,-2493.174860448882,16.854612343664417,16.854612343664417,16.367826497701436,151.96634771333675,0,-2493.022564112199
27.206801700425107,32.10147697858501,-2490.765834375761,16.467421226063344,16.467421226063344,16.480473434044388,151.83570096343615,0,-2490.6208975094696
27.216804201050262,32.091203570948444,-2488.356908698551,16.635957771806783,16.635957771806783,16.53661873812868,151.73806190582266,0,-2488.219263631268
27.226806701675418,32.0842510347932,-2485.9480834131195,16.546454961739865,16.546454961739865,16.610713739032445,151.62477440768018,0,-2486.0967082896614
27.236809202300574,32.07694370769497,-2483.539358515278,16.476766666498733,16.476766666498733,16.69840016263284,151.5131086349572,0,-2483.71232347859
27.24681170292573,32.0704822990158,-2481.1307340007243,16.472392764841917,16.472392764841917,16.52857653868791,151.3974309437008,0,-2481.089790007442
27.25681420355089,32.065065089445255,-2478.7222098652232,16.347705398828104,16.347705398828104,16.442758326541668,151.27681879130597,0,-2478.7960840044966
27.266816704176044,32.05516968654827,-2476.313786104487,16.31226312141067,16.31226312141067,16.850191611028244,151.17714918562,0,-2476.1732735699875
27.2768192048012,32.047464299572,-2473.905462714921,16.483762177525637,16.483762177525637,16.515227201215065,151.06716832763695,0,-2473.9861649643008
27.286821705426355,32.03996922396731,-2471.497239691804,16.488900665904644,16.488900665904644,16.481447205116865,150.95615633634324,0,-2471.5095333085847
27.29682420605151,32.027599356828226,-2469.0891170311584,16.72250115364516,16.72250115364516,16.72196295465086,150.8679058031004,0,-2469.18509711628
27.30682670667667,32.02275979674087,-2466.6810947286767,16.575997525432854,16.575997525432854,16.593146864649597,150.7443717714981,0,-2466.5981341490437
27.316829207301826,32.013505115842925,-2464.273172780181,16.636290911098637,16.636290911098637,16.713010479390253,150.64144134013972,0,-2464.083657392697
27.32683170792698,32.009815383618204,-2461.865351181525,16.43892503713955,16.43892503713955,16.513454072144622,150.51246001706613,0,-2461.902922156969
27.336834208552137,31.99937226525308,-2459.4576299285222,16.57475853549238,16.57475853549238,16.66051053531175,150.41498204865593,0,-2459.4508254545312
27.346836709177293,31.995349440254483,-2457.050009017096,16.446525315181383,16.446525315181383,16.372655475742043,150.2874839966506,0,-2456.9557660129426
27.356839209802448,31.987932670000358,-2454.6424884428598,16.315853695304032,16.315853695304032,16.598776380709737,150.17578596781718,0,-2454.6600835330246
27.366841710427607,31.97942806212315,-2452.2350682016126,16.46620995313688,16.46620995313688,16.426025082397704,150.06911290981478,0,-2452.1505906772195
27.376844211052763,31.96987555373909,-2449.8277482894114,16.541328098171466,16.541328098171466,16.560932814395727,149.96727185156695,0,-2449.7754265726344
27.38684671167792,31.9650367997802,-2447.420528701889,16.377750914163123,16.377750914163123,16.466173223480187,149.84342344411718,0,-2447.498278117396
27.396849212303074,31.952752448170383,-2445.013409434806,16.632956347889383,16.632956347889383,16.650695421706597,149.754198113328,0,-2444.951826013215
27.40685171292823,31.94931987542711,-2442.606390484245,16.349820214250286,16.349820214250286,16.584130007802784,149.62372161961065,0,-2442.481202176393
27.41685421355339,31.94013076379259,-2440.1994718455753,16.545803493339466,16.545803493339466,16.42282116379444,149.5199859809379,0,-2440.1612723783082
27.426856714178545,31.932784031859605,-2437.792653514953,16.442735876459412,16.442735876459412,16.58325757470123,149.40763378804868,0,-2437.7948855356444
27.4368592148037,31.9242503628815,-2435.3859354881447,16.591907333938536,16.591907333938536,16.417258601655174,149.30074957981333,0,-2435.323856790405
27.446861715428856,31.921715692303877,-2432.97931776089,16.284338005935158,16.284338005935158,16.264896713567833,149.1659644900438,0,-2432.9611698228887
27.45686421605401,31.91182520578655,-2430.572800329182,16.350047107369946,16.350047107369946,16.469348280639704,149.06528593617213,0,-2430.642751930579
27.46686671667917,31.90182253433124,-2428.1663831887536,16.539255124285713,16.539255124285713,16.443630941361736,148.96507139487446,0,-2428.071754948159
27.476869217304326,31.899208426879724,-2425.760066335003,16.255842696570898,16.255842696570898,16.254888491303994,148.83055133686642,0,-2425.719889123879
27.486871717929482,31.881194579006802,-2423.353849764551,16.774672780766966,16.774672780766966,16.77160702277727,148.76735772141978,0,-2423.38638603625
27.496874218554638,31.88059460106856,-2420.947733472486,16.424521710397187,16.424521710397187,16.414222500786998,148.6234195993562,0,-2420.9831589479854
27.506876719179793,31.870987580506878,-2418.5417174549175,16.49111178347153,16.49111178347153,16.574415010108495,148.52116127107425,0,-2418.386010757389
27.51687921980495,31.865876188816575,-2416.135801707621,16.358813473690432,16.358813473690432,16.458044436754626,148.39804958408865,0,-2416.272884940974
27.526881720430108,31.850217840240813,-2413.729986226534,16.79329255813453,16.79329255813453,16.790162019323244,148.32367347566327,0,-2413.623912226619
27.536884221055264,31.849804233405646,-2411.3242710074337,16.44038261726842,16.44038261726842,16.410347416514043,148.17875025184145,0,-2411.5905727125637
27.54688672168042,31.84291651073532,-2408.918656045854,16.365192196500544,16.365192196500544,16.44622375457895,148.06372344299442,0,-2408.89122919044
27.556889222305575,31.83620303528214,-2406.5131413377526,16.395618430966866,16.395618430966866,16.244736392090584,147.94784869841283,0,-2406.6719956666248
27.56689172293073,31.824090476750598,-2404.1077268791028,16.56652178125451,16.56652178125451,16.57215748183387,147.85684181508063,0,-2403.999221754702
27.57689422355589,31.81812205232493,-2401.70241266575,16.524694992844953,16.524694992844953,16.403417573384022,147.73743103204498,0,-2401.6837897996115
27.586896724181045,31.81290385483949,-2399.29719869319,16.426500271949124,16.426500271949124,16.234891727458585,147.6145239536196,0,-2399.0287147475915
27.5968992248062,31.804662160101607,-2396.8920849573274,16.397068372704588,16.397068372704588,16.38237324268842,147.50550883707797,0,-2396.7081976727927
27.606901725431356,31.795626276827218,-2394.4870714540666,16.455574877823864,16.455574877823864,16.473111080397185,147.40010001310162,0,-2394.5629710181393
27.616904226056512,31.787864573660727,-2392.0821581796918,16.472028049045893,16.472028049045893,16.456814159187267,147.28877333756043,0,-2392.1893779887596
27.62690672668167,31.780859460336536,-2389.6773451292856,16.449449552211803,16.449449552211803,16.405107815713457,147.1739184470167,0,-2389.7352696620665
27.636909227306827,31.770838165786124,-2387.2726322990184,16.580776780264717,16.580776780264717,16.498018459876505,147.07288523432823,0,-2387.38243228291
27.646911727931982,31.768121826560602,-2384.8680196844807,16.237430488789325,16.237430488789325,16.444543270520082,146.93822875579707,0,-2384.7252899841533
27.656914228557138,31.75758132015699,-2382.4635072818087,16.47925328852087,16.47925328852087,16.394352389270395,146.8394772405464,0,-2382.5553289909385
27.666916729182294,31.751989748351146,-2380.059095086601,16.32476902647314,16.32476902647314,16.39444168998547,146.7179508282192,0,-2380.11699971353
27.676919229807453,31.743699172452583,-2377.654783094633,16.387455372987333,16.387455372987333,16.365048412238355,146.60876705721532,0,-2377.7929741425405
27.68692173043261,31.735973027097675,-2375.250571301836,16.39896098712075,16.39896098712075,16.35335537071996,146.496944639704,0,-2375.2035201391122
27.696924231057764,31.72564354612856,-2372.846459704039,16.528919751947566,16.528919751947566,16.495259277033867,146.3970038766179,0,-2372.9487890831697
27.70692673168292,31.719696782840884,-2370.442448297213,16.4337616748992,16.4337616748992,16.429985792743327,146.2769284346566,0,-2370.403058355516
27.716929232308075,31.714939223446393,-2368.0385370768527,16.265248120250845,16.265248120250845,16.333052439175777,146.15137120849744,0,-2368.073702146368
27.72693173293323,31.70155148844247,-2365.6347260389693,16.66229366855629,16.66229366855629,16.399529172351922,146.06526310222873,0,-2365.498356244624
27.73693423355839,31.698799252852446,-2363.231015179202,16.27785974811265,16.27785974811265,16.43364905951443,145.93044537309922,0,-2363.3095413102774
27.746936734183546,31.690204714466304,-2360.8274044936875,16.391354944476795,16.391354944476795,16.34825240236841,145.8223044214254,0,-2360.7506406655684
27.7569392348087,31.68425325352728,-2358.4238939779407,16.312991805586286,16.312991805586286,16.250119346767757,145.7020389973279,0,-2358.552777946025
27.766941735433857,31.675471037531917,-2356.0204836280163,16.40704915931792,16.40704915931792,16.23175751644335,145.594655427411,0,-2355.9435464793937
27.776944236059013,31.670356762700983,-2353.6171734396294,16.200412729204032,16.200412729204032,16.264595204178317,145.47048448015104,0,-2353.5843407351563
27.786946736684172,31.661891625231302,-2351.213963408347,16.26036544266751,16.26036544266751,16.26689737859272,145.3615561245683,0,-2351.2192050216663
27.796949237309327,31.650945701377488,-2348.810853530353,16.444406550794508,16.444406550794508,16.393139236810384,145.26388210777174,0,-2348.9339485058663
27.806951737934483,31.646354009898353,-2346.4078438012193,16.28587974732686,16.28587974732686,16.251390666387913,145.13719972047488,0,-2346.4178268475493
27.81695423855964,31.63512579134683,-2344.0049342169427,16.635584580209343,16.635584580209343,16.088659249851823,145.04069774124767,0,-2343.9646588264163
27.826956739184794,31.632591722744564,-2341.602124773337,16.11541771729106,16.11541771729106,16.361550363232606,144.90457065477568,0,-2341.48529045206
27.836959239809953,31.62675803646875,-2339.1994154660974,16.10298414342244,16.10298414342244,16.113924155881822,144.78342726189297,0,-2339.152492154819
27.84696174043511,31.616257869672566,-2336.7968062910586,16.23294253827463,16.23294253827463,16.281492129373497,144.68344951371898,0,-2336.667234718909
27.856964241060265,31.60642441374198,-2334.394297244141,16.3916410042224,16.3916410042224,16.29157529474627,144.58038272337862,0,-2334.4479338677206
27.86696674168542,31.599124620319888,-2331.991888321053,16.401185445293958,16.401185445293958,16.219923578131073,144.46575373106757,0,-2331.892655763218
27.876969242310576,31.593629690762228,-2329.5895795176975,16.177284746950242,16.177284746950242,16.34443565216097,144.3428886427245,0,-2329.747550885607
27.88697174293573,31.58576053072103,-2327.187370830013,16.227097472266845,16.227097472266845,16.27765385109994,144.23075249346456,0,-2327.328025493723
27.89697424356089,31.578587812396044,-2324.7852622534083,16.215023211189262,16.215023211189262,16.23019462420257,144.1154102479073,0,-2324.862462056142
27.906976744186046,31.56967109285593,-2322.3832537841163,16.237033856192813,16.237033856192813,16.37616412663535,144.00792149773082,0,-2322.3682356371073
27.916979244811202,31.551781845029186,-2319.981345417929,16.79758966751506,16.79758966751506,16.79092215398896,143.94101542803952,0,-2319.9072846709178
27.926981745436358,31.55548029861312,-2317.5795371506924,16.20755925341792,16.20755925341792,16.2686958883624,143.77629678224105,0,-2317.519336818668
27.936984246061513,31.547738700793793,-2315.1778289778595,16.24018076528373,16.24018076528373,16.2171866866924,143.66333768701188,0,-2315.180277767671
27.946986746686672,31.54137334435382,-2312.7762208954778,16.064145487188977,16.064145487188977,16.376559006374286,143.5441094252682,0,-2312.843013642866
27.956989247311828,31.532136094823564,-2310.3747128994823,16.25478697559785,16.25478697559785,16.233361446191083,143.43781101191917,0,-2310.518519523703
27.966991747936984,31.523834681728957,-2307.973304985488,16.243232132803154,16.243232132803154,16.354188943661303,143.32723113131465,0,-2307.9825825004727
27.97699424856214,31.51629342588257,-2305.5719971493872,16.323091653261493,16.323091653261493,16.178169174740056,143.21316897556127,0,-2305.3755624938717
27.986996749187295,31.50858547159142,-2303.1707893869734,16.28352603740724,16.28352603740724,16.266010598354484,143.09981018047068,0,-2303.0504923349886
27.996999249812454,31.495934018738478,-2300.7696816942102,16.500810482154574,16.500810482154574,16.581677285833692,143.00868780562334,0,-2300.88022415729
28.00700175043761,31.493194325147485,-2298.368674066694,16.271394253409884,16.271394253409884,16.303990923771472,142.8728331034337,0,-2298.3648662439955
28.017004251062765,31.485888296920322,-2295.967766500443,16.302202503743427,16.302202503743427,16.190807553600525,142.7575167638967,0,-2296.034502987788
28.02700675168792,31.47774940499709,-2293.566958991341,16.28672859899743,16.28672859899743,16.295117345080612,142.64590075716623,0,-2293.480829031145
28.037009252313077,31.472176436819282,-2291.1662515350286,16.23996473920665,16.23996473920665,16.077124993528464,142.52269392380921,0,-2291.0969107732435
28.047011752938232,31.461640341949504,-2288.765644127517,16.35588362723062,16.35588362723062,16.278235261884493,142.42175563081884,0,-2288.949783588453
28.05701425356339,31.45522298704993,-2286.3651367645084,16.298855938812917,16.298855938812917,16.207431374274726,142.30225138445462,0,-2286.3754007351604
28.067016754188547,31.448354702539984,-2283.9647294416727,16.312213841950943,16.312213841950943,16.06350569317148,142.18472893197193,0,-2283.8372216755
28.077019254813703,31.44010975245229,-2281.5644221550747,16.2681885949639,16.2681885949639,16.240846432183485,142.07333821643266,0,-2281.5948156583377
28.087021755438858,31.431145096327924,-2279.1642149001054,16.299522627971296,16.299522627971296,16.375441891513375,141.96512297553676,0,-2279.2874199726557
28.097024256064014,31.427673554991255,-2276.764107673402,16.088131343593638,16.088131343593638,16.17150612801851,141.83223238183868,0,-2276.739588187232
28.107026756689173,31.41697978734333,-2274.364100470119,16.284514135277803,16.284514135277803,16.235367824806097,141.73166298101978,0,-2274.3376865348
28.11702925731433,31.41102108676022,-2271.9641932862587,16.029037425559856,16.029037425559856,16.492693104754455,141.6098318023202,0,-2271.9198568274446
28.127031757939484,31.397283535265124,-2269.5643861177464,16.510477654076897,16.510477654076897,16.443012765001317,141.52276725333093,0,-2269.672506260291
28.13703425856464,31.39624942243811,-2267.1646789603146,16.200183214692377,16.200183214692377,16.071290237520035,141.37881011191791,0,-2267.362553089539
28.147036759189795,31.384345810150208,-2264.765071809692,16.34799277790663,16.34799277790663,16.413792587249716,141.28341792531918,0,-2264.787426690602
28.157039259814955,31.37912953516408,-2262.3655646619845,16.33277684141268,16.33277684141268,16.07924230327984,141.15808350497323,0,-2262.5205844061006
28.16704176044011,31.374106060782136,-2259.966157512688,16.156711392980327,16.156711392980327,16.037480795210634,141.0318530731435,0,-2259.88742008597
28.177044261065266,31.365201055530786,-2257.5668503578704,16.206855964563562,16.206855964563562,16.12552919497217,140.9229021145336,0,-2257.6590331993966
28.18704676169042,31.35693300418156,-2255.167643193103,16.30197878544125,16.30197878544125,16.02808820096743,140.81105543015843,0,-2255.0416931242676
28.197049262315577,31.3516724369959,-2252.768536014646,16.02734252784667,16.02734252784667,16.2190359679262,140.68575497250575,0,-2252.664870419597
28.207051762940736,31.345466302985095,-2250.3695288176546,16.000008172239045,16.000008172239045,16.05723425435785,140.56462863673866,0,-2250.3653905888928
28.217054263565892,31.3357537180145,-2247.9706215985498,16.076373677458545,16.076373677458545,16.21399661828996,140.45906416399026,0,-2247.9981625040464
28.227056764191047,31.327116675836002,-2245.5718143529944,16.161853051659598,16.161853051659598,16.19120230998519,140.34865606286206,0,-2245.629677480061
28.237059264816203,31.318018289247913,-2243.1731070768024,16.228667648869813,16.228667648869813,16.27494212671924,140.24024438207914,0,-2243.073778083179
28.24706176544136,31.311156573790374,-2240.774499765711,16.19418230837365,16.19418230837365,16.22578754976308,140.1218372045341,0,-2240.929018937772
28.257064266066514,31.304756335930414,-2238.3759924155956,16.113798169579855,16.113798169579855,16.1992133067968,140.00133521440458,0,-2238.523495031996
28.267066766691674,31.297283916388107,-2235.977585022251,16.07788821741955,16.07788821741955,16.244523575588286,139.88554792472533,0,-2236.0332815865745
28.27706926731683,31.290649112554505,-2233.579277581601,16.054447327060974,16.054447327060974,16.13925518968804,139.76599683182968,0,-2233.5641919765667
28.287071767941985,31.283836108780505,-2231.1810700895862,16.03007516148362,16.03007516148362,16.062576869152203,139.64719100215348,0,-2231.2625181397775
28.29707426856714,31.27429476717168,-2228.782962541798,16.06308722589251,16.06308722589251,16.280387252937516,139.54042469821908,0,-2228.631056677544
28.307076769192296,31.260219015024727,-2226.3849549340266,16.486284492005726,16.486284492005726,16.397996731659543,139.45367974906125,0,-2226.5039692514288
28.317079269817455,31.262792317544044,-2223.9870472621565,15.92010970976142,15.92010970976142,15.99699776262677,139.2931753492605,0,-2223.956282174159
28.32708177044261,31.247633598745505,-2221.589239521866,16.334587877640946,16.334587877640946,16.294507510358933,139.21108942482908,0,-2221.5709894970028
28.337084271067766,31.242287770102653,-2219.1915317096214,16.190944104636262,16.190944104636262,16.236314503770352,139.08554512361596,0,-2219.1645440139055
28.347086771692922,31.23720291987767,-2216.7939238207814,16.07459506963747,16.07459506963747,16.084390102740844,138.95881145188255,0,-2216.849337821153
28.357089272318078,31.229353447681945,-2214.3964158510425,16.139497247849746,16.139497247849746,15.984666383414718,138.84424450625178,0,-2214.4132910967683
28.367091772943237,31.21931351093641,-2211.999007796424,16.270360885274723,16.270360885274723,16.081591937779827,138.739289803726,0,-2212.0586191053667
28.377094273568392,31.212599153687894,-2209.60169965272,16.18151099159094,16.18151099159094,16.119111416825934,138.6196094075479,0,-2209.3136288439546
28.387096774193548,31.206688875001124,-2207.2044914156545,15.898066412156783,15.898066412156783,16.425216273099814,138.4963408806016,0,-2207.135244486188
28.397099274818704,31.195279194550476,-2204.8073830811845,16.233671863680893,16.233671863680893,16.318134126778165,138.39724930747124,0,-2204.839600375291
28.40710177544386,31.191609430835523,-2202.4103746451783,16.069169670964282,16.069169670964282,16.050281071179615,138.26402216608994,0,-2202.4828378519296
28.417104276069015,31.182964192092737,-2200.0134661033076,16.179876134675222,16.179876134675222,15.978339221163091,138.15265013803054,0,-2200.011009380038
28.427106776694174,31.175226721171743,-2197.616657451569,16.125944519464703,16.125944519464703,16.099509136556442,138.03723216821174,0,-2197.7798859270815
28.43710927731933,31.169923190703432,-2195.2199486856475,15.989359605036414,15.989359605036414,16.020900873760645,137.9110714240612,0,-2195.208977656546
28.447111777944485,31.16421558322478,-2192.823339801465,15.874528328997984,15.874528328997984,15.959399702754636,137.78664753136525,0,-2193.0110872812775
28.45711427856964,31.155293555409823,-2190.4268307949415,15.907800507111597,15.907800507111597,16.083854014148596,137.6762842883235,0,-2190.564530717881
28.467116779194797,31.14518520332852,-2188.030421661607,16.040552777367733,16.040552777367733,16.187307378767493,137.5710658627127,0,-2187.9338541131333
28.477119279819956,31.13868509328114,-2185.634112397513,15.990388979271271,15.990388979271271,16.115358726868827,137.44997217360196,0,-2185.5238336542448
28.48712178044511,31.125946184159915,-2183.2379029984972,16.23934459917415,16.23934459917415,16.380993082127198,137.3561595306289,0,-2183.373429159696
28.497124281070267,31.124459795705636,-2180.8417934603854,15.860913844952421,15.860913844952421,16.213524120243473,137.21301299089333,0,-2180.878771116421
28.507126781695423,31.113813385875225,-2178.4457837792797,16.183052037605922,16.183052037605922,16.01891226708732,137.10991848364824,0,-2178.360642215321
28.517129282320578,31.10252722495665,-2176.0498739502987,16.322783303165934,16.322783303165934,16.28509545261502,137.00955717723923,0,-2176.0010414645685
28.527131782945737,31.10034063346426,-2173.654063969787,16.035535908530882,16.035535908530882,16.040299714165847,136.86936394550284,0,-2173.6844097560265
28.537134283570893,31.091593399408506,-2171.2583538335016,16.220129906684438,16.220129906684438,15.835919534823107,136.7577974737257,0,-2171.4592103995847
28.54713678419605,31.08571564191771,-2168.862743537173,16.006386293560325,16.006386293560325,15.997798777866093,136.63365315453163,0,-2169.0050711826816
28.557139284821204,31.07459854935148,-2166.467233076717,16.186462935504984,16.186462935504984,16.157940235373154,136.5323157083564,0,-2166.3816801273874
28.56714178544636,31.06995028228502,-2164.0718224479797,16.11403151246436,16.11403151246436,15.85277590758802,136.40271499042368,0,-2164.005178617511
28.577144286071515,31.061634695905802,-2161.6765116463594,16.296449807096533,16.296449807096533,15.588028030085267,136.28905287120713,0,-2161.7125830760997
28.587146786696675,31.055809826069197,-2159.281300668252,15.915140036205008,15.915140036205008,16.077125713823662,136.164494888665,0,-2159.325052003959
28.59714928732183,31.045984202997325,-2156.8861895091995,16.04602174755406,16.04602174755406,16.141961147338794,136.05729839291337,0,-2156.8119878873053
28.607151787946986,31.04012958517817,-2154.491178164989,15.93412146704103,15.93412146704103,16.096719096299754,135.93277593637012,0,-2154.4103663530905
28.61715428857214,31.032195876485698,-2152.0962666319174,16.01458421743854,16.01458421743854,15.978606589039178,135.81724461215396,0,-2152.1590548941176
28.627156789197297,31.025908404140065,-2149.7014549053647,15.957664324021984,15.957664324021984,15.888332748240355,135.6945131759103,0,-2149.6154965829496
28.637159289822456,31.01624689146554,-2147.3067429813414,16.00220949762985,16.00220949762985,16.10123684485057,135.58637735774377,0,-2147.459940510721
28.647161790447612,31.00821972518533,-2144.9121308555204,16.126826266411463,16.126826266411463,15.908853887059802,135.47109248250175,0,-2144.938787644722
28.657164291072768,31.00189375295254,-2142.5176185237488,16.018465323664923,16.018465323664923,15.927254671451205,135.3483815408373,0,-2142.4706962929713
28.667166791697923,30.99467399675509,-2140.123205982039,15.953498358733953,15.953498358733953,15.992935853097215,135.22949739250836,0,-2140.1488783549744
28.67716929232308,30.98842395970863,-2137.7288932262645,15.881894703658004,15.881894703658004,15.926431727316771,135.10636739174564,0,-2137.7458970314533
28.687171792948238,30.978808278309405,-2135.334680252048,16.012092416993454,16.012092416993454,15.961178472587942,134.99775036912808,0,-2135.465703120395
28.697174293573394,30.971976519539584,-2132.9405670553797,15.881211019698759,15.881211019698759,16.100496266748927,134.87703751291937,0,-2132.9330246862587
28.70717679419855,30.960905775123933,-2130.546553631977,16.104965437582205,16.104965437582205,16.166395637954825,134.77459078049162,0,-2130.6479203335316
28.717179294823705,30.95729257577841,-2128.152639977742,15.943307751656118,15.943307751656118,15.884490251171888,134.63987570908256,0,-2128.0796436458922
28.72718179544886,30.94778664964196,-2125.758826088351,16.039159224779358,16.039159224779358,15.971484146666258,134.53055598771112,0,-2125.6601467723035
28.737184296074016,30.940740446199786,-2123.3651119597266,16.087234214021407,16.087234214021407,15.78507793758147,134.4105686587309,0,-2123.426417534516
28.747186796699175,30.932608157896183,-2120.9714975880293,16.030206063750477,16.030206063750477,15.971783893085773,134.2952129437105,0,-2120.8573821377677
28.75718929732433,30.924810308896866,-2118.57798296866,16.03619737077106,16.03619737077106,15.982294236748213,134.1783625429775,0,-2118.6327795569287
28.767191797949486,30.916334566649468,-2116.1845680977153,16.06480750125342,16.06480750125342,16.049250380113925,134.06437706945138,0,-2116.2024493261574
28.777194298574642,30.911095535261342,-2113.7912529707273,15.981063509381048,15.981063509381048,15.855418662431713,133.93641408107257,0,-2113.6453699781564
28.787196799199798,30.905296918081714,-2111.398037583691,15.814031340050365,15.814031340050365,15.912105731828046,133.81081867429813,0,-2111.4911093507085
28.797199299824957,30.897239908664293,-2109.0049219324283,15.85310339720967,15.85310339720967,15.895348194361281,133.6948808487885,0,-2109.025210347371
28.807201800450112,30.8868035652508,-2106.611906012814,16.0009960700059,16.0009960700059,16.017853039257144,133.58910190034283,0,-2106.5458906984827
28.817204301075268,30.879997185943754,-2104.21898982068,15.963188778160253,15.963188778160253,15.967266853745684,133.46768422872137,0,-2104.1396239386195
28.827206801700424,30.87435618099457,-2101.8261733517716,15.908124393293582,15.908124393293582,15.776395488357963,133.34122379889644,0,-2101.8372690329825
28.83720930232558,30.86545952909262,-2099.433456602193,15.937031896035254,15.937031896035254,15.905924466299386,133.22866926014126,0,-2099.4498960347432
28.84721180295074,30.85624732832204,-2097.040839567598,16.036736612371143,16.036736612371143,15.941194922483445,133.1174071734114,0,-2096.965107141465
28.857214303575894,30.854542683242546,-2094.6483222438997,15.713232251404602,15.713232251404602,15.69675097045105,132.9739650736645,0,-2094.7401383008582
28.86721680420105,30.84175873117966,-2092.2559046270308,15.9329059917081,15.9329059917081,16.027844081789148,132.87787097507643,0,-2092.2572935453227
28.877219304826205,30.836502562279055,-2089.8635867123335,15.860174457052105,15.860174457052105,15.814595287416672,132.7495330205992,0,-2089.855652968612
28.88722180545136,30.826985540822548,-2087.4713684958992,15.951041612112233,15.951041612112233,15.91328277069689,132.63935004226002,0,-2087.55991646487
28.89722430607652,30.81971812959124,-2085.0792499736176,15.917557921610566,15.917557921610566,15.923234142660148,132.51950465299316,0,-2085.0036412842683
28.907226806701676,30.813201581070697,-2082.68723114135,15.88434710526789,15.88434710526789,15.820013222754786,132.3964070460639,0,-2082.6097199198034
28.91722930732683,30.79890647574335,-2080.2953119950544,16.21580597015281,16.21580597015281,16.154234919974627,132.30641796335982,0,-2080.293528307656
28.927231807951987,30.798348595448367,-2077.90349253026,15.818511847161252,15.818511847161252,15.88538834899524,132.157824159306,0,-2077.960372132926
28.937234308577143,30.78912862104373,-2075.5117727429097,15.902827815975686,15.902827815975686,15.95264132629988,132.04608889302955,0,-2075.3298481998795
28.9472368092023,30.78199655810143,-2073.1201526289124,15.878961089587964,15.878961089587964,15.923075914065343,131.9254118427196,0,-2072.930978095802
28.957239309827457,30.770940846389497,-2070.7286321839574,16.173653794550273,16.173653794550273,15.84494723757329,131.8213642560086,0,-2070.6980883137717
28.967241810452613,30.766183807108472,-2068.3372114043045,15.91388913746082,15.91388913746082,15.930925482150734,131.69048680782302,0,-2068.3805003155253
28.97724431107777,30.761808946437206,-2065.9458902854126,15.724019887295842,15.724019887295842,15.819792709943528,131.5579531329868,0,-2065.9794410332215
28.987246811702924,30.751668765441707,-2063.5546688231875,15.884445847916584,15.884445847916584,15.872871685480733,131.4498401953523,0,-2063.555924967882
28.99724931232808,30.74198614126798,-2061.1635470135234,15.999699816951058,15.999699816951058,15.947663168712765,131.3397222606718,0,-2061.1578538894896
29.00725181295324,30.737328491400614,-2058.7725248520583,15.805246444918161,15.805246444918161,15.888132335948411,131.20825116379623,0,-2058.7296794068448
29.017254313578395,30.728106695592913,-2056.3816023350637,15.912101838325503,15.912101838325503,15.910599513244174,131.09606724363232,0,-2056.4266034867924
29.02725681420355,30.72128206752423,-2053.9907794580317,15.845703885525294,15.845703885525294,15.920004120279115,130.97367969507397,0,-2053.9128909871506
29.037259314828706,30.714746461703726,-2051.600056216714,15.810671250010301,15.810671250010301,15.823333764138312,130.85002217934846,0,-2051.550480047637
29.04726181545386,30.708445810339818,-2049.209432607146,15.747703163422523,15.747703163422523,15.747293095789004,130.7253257814486,0,-2049.3504422048086
29.05726431607902,30.700024687385707,-2046.818908625112,15.783443510510152,15.783443510510152,15.791910016798216,130.6095361122674,0,-2046.8946675974885
29.067266816704176,30.692727937116135,-2044.4284842662357,15.75959616738739,15.75959616738739,15.787057858569298,130.48894544519888,0,-2044.5830088305297
29.077269317329332,30.684385747639254,-2042.0381595267115,15.678442338558785,15.678442338558785,16.05363329244599,130.37271140991777,0,-2042.0936761594799
29.087271817954488,30.675180824135904,-2039.647934402274,15.880412702716185,15.880412702716185,15.883372871401466,130.26005578288922,0,-2039.70070260122
29.097274318579643,30.66954958752266,-2037.2578088888094,15.712497016480738,15.712497016480738,15.916832219032782,130.13229029261888,0,-2037.2854008509216
29.1072768192048,30.65779558638318,-2034.8677829820952,15.986880753155424,15.986880753155424,15.984110282844602,130.03024808066027,0,-2034.7803021708662
29.117279319829958,30.653240977058488,-2032.4778566778539,15.822465169012156,15.822465169012156,15.849085089497992,129.89785312877225,0,-2032.4118694021365
29.127281820455114,30.64256118061538,-2030.0880299718926,16.041827894486488,16.041827894486488,15.865289418139955,129.79116425692013,0,-2030.26732567775
29.13728432108027,30.636134614281577,-2027.6983028600314,15.949133936349465,15.949133936349465,15.867631276722634,129.66654199000484,0,-2027.6920299436672
29.147286821705425,30.628467956284133,-2025.3086753383386,16.205139611573532,16.205139611573532,15.358588214188822,129.54707817829077,0,-2025.2818407864033
29.15728932233058,30.622237391566678,-2022.9191474026366,15.880124186228045,15.880124186228045,15.796174525898998,129.42153799100737,0,-2022.9189083189312
29.16729182295574,30.614825031656967,-2020.5297190486817,15.837932827068078,15.837932827068078,15.84538603047256,129.30090551780128,0,-2020.5476302583813
29.177294323580895,30.60882011424799,-2018.140390272284,15.663187963206445,15.663187963206445,15.948593292607491,129.17432700919738,0,-2018.3240163025414
29.18729682420605,30.60030173551851,-2015.7511610692557,15.849989533436707,15.849989533436707,15.705732894235233,129.0582227909928,0,-2015.766357658999
29.197299324831206,30.59498382225636,-2013.3620314356517,15.619570021989624,15.619570021989624,15.817243366751123,128.92867653891946,0,-2013.38648933721
29.207301825456362,30.580851017800878,-2010.97300136678,16.10088637835978,16.10088637835978,15.827532826384223,128.83592949658035,0,-2010.9059254029453
29.21730432608152,30.579013726243325,-2008.5840708592168,15.706364916906999,15.706364916906999,15.745162324835784,128.69173880841234,0,-2008.5803966829315
29.227306826706677,30.572325340051236,-2006.1952399083036,15.602330813505763,15.602330813505763,15.809490011120744,128.5677758561759,0,-2006.2192144679075
29.237309327331833,30.568244612249607,-2003.8065085095202,15.420936089359909,15.420936089359909,15.637411450435195,128.4328932509754,0,-2003.7750513371423
29.247311827956988,30.55334687219451,-2001.4178766596833,15.859425522756572,15.859425522756572,15.848103684984466,128.34304914291602,0,-2001.4944891205737
29.257314328582144,30.54629125694879,-1999.0293443546161,15.816066850408443,15.816066850408443,15.846161289737738,128.2204541211315,0,-1999.0493595828627
29.2673168292073,30.542380979071208,-1996.6409115892825,15.644554225700977,15.644554225700977,15.628744495846822,128.08471991064795,0,-1996.6233292378245
29.27731932983246,30.53361261449045,-1994.2525783599397,15.605513615467277,15.605513615467277,15.875100491096052,127.96915564101586,0,-1994.0586620725508
29.287321830457614,30.523937615477532,-1991.8643446624592,15.832865401115509,15.832865401115509,15.724669683055835,127.85729917297377,0,-1991.888410546933
29.29732433108277,30.517655283353836,-1989.4762104926347,15.697872765226538,15.697872765226538,15.790032076488174,127.73128775090633,0,-1989.519961839921
29.307326831707925,30.510435996500195,-1987.0881758464084,15.68070695634865,15.68070695634865,15.76028492459449,127.60911873853672,0,-1987.177163287831
29.31732933233308,30.50105458138759,-1984.7002407194968,15.887332096786043,15.887332096786043,15.607280307833765,127.49586451719262,0,-1984.4683535445422
29.32733183295824,30.49531736106954,-1982.312405107681,15.713614324571672,15.713614324571672,15.668339550951611,127.36744421780882,0,-1982.2329022643225
29.337334333583396,30.488524204703424,-1979.924669007012,15.565382257550624,15.565382257550624,15.83681781358339,127.2433540799543,0,-1980.0388188917036
29.34733683420855,30.478773303899935,-1977.5370324130233,15.716618693765525,15.716618693765525,15.850031377632378,127.1314539361403,0,-1977.6120553452508
29.357339334833707,30.472004659811827,-1975.1494953220606,15.789199269093777,15.789199269093777,15.573211461896674,127.00715515018555,0,-1975.3087093003444
29.367341835458863,30.46557172499905,-1972.7620577296425,15.663567524242106,15.663567524242106,15.642464188884125,126.88142034043987,0,-1972.6443308473742
29.377344336084022,30.456607653885765,-1970.3747196313282,15.722549421751005,15.722549421751005,15.722174112300547,126.76608985783106,0,-1970.269114526264
29.387346836709177,30.45298799104512,-1967.9874810237618,15.52068400430419,15.52068400430419,15.521904096915028,126.62864649719045,0,-1968.0244410843893
29.397349337334333,30.43656224579122,-1965.6003419021586,15.964597731858175,15.964597731858175,15.950996230778717,126.54397680658509,0,-1965.6474531099905
29.40735183795949,30.43615420650113,-1963.2133022623616,15.544022736226776,15.544022736226776,15.706417928782159,126.39319631856884,0,-1963.1505903873092
29.417354338584644,30.427354655071113,-1960.8263621002031,15.651863110393084,15.651863110393084,15.663744050218751,126.27695855043717,0,-1960.858016504983
29.4273568392098,30.417764943570745,-1958.4395214120027,15.758027965170061,15.758027965170061,15.742937368834566,126.16391117782125,0,-1958.4476258476436
29.43735933983496,30.410272776611983,-1956.0527801931603,15.823928241039807,15.823928241039807,15.588035297455134,126.04217349934436,0,-1955.8996187738064
29.447361840460115,30.40342933085603,-1953.6661384395295,15.68849738862942,15.68849738862942,15.738494096932317,125.91771674164337,0,-1953.605213144517
29.45736434108527,30.397141248959407,-1951.279596146901,15.655050638667241,15.655050638667241,15.601688704701107,125.79093029971799,0,-1951.2712384953757
29.467366841710426,30.388820153391517,-1948.8931533113623,15.643536566638717,15.643536566638717,15.725970286527701,125.67243778842331,0,-1949.1219229423848
29.47736934233558,30.378947113188982,-1946.5068099286557,15.820752570366276,15.820752570366276,15.705587093477378,125.56024971512208,0,-1946.410035356526
29.48737184296074,30.3741765168898,-1944.1205659945633,15.659993720432634,15.659993720432634,15.595792736630372,125.42708951111425,0,-1944.1873393268856
29.497374343585896,30.363537182640435,-1941.7344215049554,15.867033716148338,15.867033716148338,15.630716261958797,125.31791766223267,0,-1941.7969930075874
29.507376844211052,30.357879691969224,-1939.3483764558136,15.713882841226495,15.713882841226495,15.638745175470927,125.18829253175511,0,-1939.3410113926989
29.517379344836208,30.352085004087225,-1936.9624308428076,15.59089819768039,15.59089819768039,15.607027251746986,125.0591862157529,0,-1937.0347640173566
29.527381845461363,30.343606629133692,-1934.57658466184,15.619730026088003,15.619730026088003,15.674233511304788,124.94099773794714,0,-1934.4529407786083
29.537384346086522,30.33558375059914,-1932.190837908714,15.707870540062784,15.707870540062784,15.554503315838637,124.82089033708982,0,-1932.4084760065948
29.547386846711678,30.32914790267574,-1929.8051905792643,15.625733148721402,15.625733148721402,15.537280138337637,124.6942528858556,0,-1929.9366921932601
29.557389347336834,30.31711468406563,-1927.4196426694907,15.817447122717185,15.817447122717185,15.8119603231292,124.59038201345807,0,-1927.5250381421117
29.56739184796199,30.314349535520304,-1925.0341941752445,15.470103563300107,15.470103563300107,15.774545374866477,124.44868126204526,0,-1925.0709001566036
29.577394348587145,30.30771352532182,-1922.6488450923018,15.480476525554336,15.480476525554336,15.60232917553953,124.32270963748816,0,-1922.6062954109564
29.587396849212304,30.29721133815047,-1920.2635954162329,15.647216074914853,15.647216074914853,15.697318085925678,124.21241013982518,0,-1920.4237529134923
29.59739934983746,30.289732353208464,-1917.8784451431532,15.634415910998506,15.634415910998506,15.697908792772687,124.08975377801123,0,-1917.928800331946
29.607401850462615,30.281799182255046,-1915.4933942689306,15.762255254890492,15.762255254890492,15.485350297006175,123.96888755014525,0,-1915.594689682249
29.61740435108777,30.276313298254344,-1913.1084427891171,15.45864099744855,15.45864099744855,15.768617637689761,123.83803434536652,0,-1913.2130235755383
29.627406851712927,30.267388416374068,-1910.7235907001261,15.658879836297128,15.658879836297128,15.56002123355172,123.72108215030543,0,-1910.7521903741836
29.637409352338082,30.257990460858466,-1908.3388379974108,15.949542249782313,15.949542249782313,15.241544524861498,123.60598422310805,0,-1908.536453605946
29.64741185296324,30.25161640984994,-1905.9541846768257,15.662282793425002,15.662282793425002,15.625331340952995,123.47857717134553,0,-1905.938303660629
29.657414353588397,30.244088421850343,-1903.5696307342228,15.654527822415352,15.654527822415352,15.623205022151586,123.35579100720435,0,-1903.5060092812632
29.667416854213553,30.237811260731647,-1901.1851761654991,15.564623728572508,15.564623728572508,15.597756486397513,123.22789376509598,0,-1901.1298058993104
29.677419354838708,30.22952354691209,-1898.8008209664285,15.606393906522644,15.606393906522644,15.610548272381195,123.10807061614426,0,-1898.830076960826
29.687421855463864,30.217289599024532,-1896.416565132938,15.84229049114031,15.84229049114031,15.827025577613066,123.00411921582283,0,-1896.4470092419062
29.697424356089023,30.211747817966796,-1894.0324086613577,15.800931429772989,15.800931429772989,15.594176404683612,122.87308806569644,0,-1893.9532906929455
29.70742685671418,30.20809981280775,-1891.6483515468963,15.540106755171045,15.540106755171045,15.516200431123929,122.73438310237651,0,-1891.5821824593188
29.717429357339334,30.200052257968835,-1889.2643937852724,15.551433398041482,15.551433398041482,15.553866779221108,122.6133651076532,0,-1889.0873179765215
29.72743185796449,30.18963733724993,-1886.880535372695,15.810227029554074,15.810227029554074,15.451704594977896,122.5018159969277,0,-1886.9639745419324
29.737434358589645,30.18443388895363,-1884.496776304783,15.620071651026457,15.620071651026457,15.465727602313873,122.36923775394006,0,-1884.60453810076
29.747436859214805,30.17661079910497,-1882.1131165775168,15.585885963778235,15.585885963778235,15.560761069261845,122.24714478324428,0,-1882.210232021137
29.75743935983996,30.17239065894502,-1879.7295561869253,15.38496424114922,15.38496424114922,15.448821841082477,122.11053109886893,0,-1879.5687055326825
29.767441860465116,30.16329117089668,-1877.3460951284744,15.49781336989425,15.49781336989425,15.441253272312004,121.99345486712225,0,-1877.181734763837
29.77744436109027,30.15464910310352,-1874.9627333982469,15.512955232666078,15.512955232666078,15.560488595171384,121.87448078946659,0,-1874.8213798053457
29.787446861715427,30.146097697524656,-1872.5794709919323,15.57420912698623,15.57420912698623,15.573908100458421,121.75508174005644,0,-1872.6184128627801
29.797449362340583,30.14295335968749,-1870.196307905343,15.07475579336063,15.07475579336063,15.897690608755331,121.61398162232635,0,-1870.168340737353
29.807451862965742,30.129089837730216,-1867.8132441349126,15.636006006970229,15.636006006970229,15.707933210152396,121.51571972981363,0,-1867.724750320423
29.817454363590898,30.124219943652733,-1865.4302796757756,15.607374837488297,15.607374837488297,15.348907228585233,121.38142300357892,0,-1865.2410426428087
29.827456864216053,30.118596373507827,-1863.0474145241385,15.4019034820816,15.4019034820816,15.456614169770477,121.25009827551631,0,-1863.1286697071416
29.83745936484121,30.108844236811358,-1860.6646486756752,15.53651230907023,15.53651230907023,15.503452512303781,121.13520175587387,0,-1860.5478761801016
29.847461865466364,30.10063813573477,-1858.2819821263934,15.579367880155385,15.579367880155385,15.50189360254275,121.01407269053988,0,-1858.2848672429202
29.857464366091524,30.09456580656976,-1855.8994148720872,15.503818872757474,15.503818872757474,15.41708135916912,120.88438330363702,0,-1855.781014407586
29.86746686671668,30.087379510583197,-1853.5169469085358,15.498235641783602,15.498235641783602,15.359438183676204,120.75908182773978,0,-1853.5796992198598
29.877469367341835,30.076721025555987,-1851.1345782314843,15.659866929561643,15.659866929561643,15.488203220500417,120.6475379421944,0,-1851.0293220185088
29.88747186796699,30.07238155152734,-1848.7523088371752,15.373160139246997,15.373160139246997,15.56578892726352,120.51080369944744,0,-1848.7659086090232
29.897474368592146,30.062211705911547,-1846.3701387211395,15.545831143649409,15.545831143649409,15.599181182996437,120.3971882304346,0,-1846.3861886177033
29.907476869217305,30.056149516747244,-1843.9880678789152,15.556278251943361,15.556278251943361,15.34088912073679,120.26720027657616,0,-1843.9660009201004
29.91747936984246,30.051539496793872,-1841.6060963070836,15.193419921941983,15.193419921941983,15.611375387165205,120.13140927781491,0,-1841.5595914541916
29.927481870467616,30.043144715813817,-1839.2242240010173,15.39529284385617,15.39529284385617,15.320121420225,120.01057380241446,0,-1839.271611729555
29.937484371092772,30.032933781065367,-1836.8424509569265,15.5218789356007,15.5218789356007,15.45186073250426,119.8968667094233,0,-1836.8331931123482
29.947486871717928,30.02079233945128,-1834.4607771704523,15.713280064812228,15.713280064812228,15.743549199396831,119.79072712324496,0,-1834.429571706057
29.957489372343083,30.01501514709003,-1832.0792026374327,15.604729054507668,15.604729054507668,15.68050809415415,119.65934274807336,0,-1831.895406799259
29.967491872968242,30.008683219202382,-1829.6977273540717,15.512100183227902,15.512100183227902,15.66882525239313,119.53010530299626,0,-1829.697846706395
29.977494373593398,30.00245515905751,-1827.3163513155732,15.484541464803412,15.484541464803412,15.511434808847362,119.40040983729497,0,-1827.4303730631457
29.987496874218554,29.997667399966726,-1824.93507451803,15.355657879773519,15.355657879773519,15.340654040584957,119.26498832595848,0,-1824.9159958417501
29.99749937484371,29.988062186403223,-1822.5538969573297,15.389121873035526,15.389121873035526,15.567800133246886,119.14850701795226,0,-1822.667013257868
30.007501875468865,29.981604465602054,-1820.1728186291405,15.291392750706128,15.291392750706128,15.585218167898525,119.01956641362139,0,-1820.2373678586646
30.017504376094024,29.973844731974285,-1817.7918395297693,15.337488556338963,15.337488556338963,15.510283360706556,118.89569765390294,0,-1817.8732407189166
30.02750687671918,29.96272276658191,-1815.4109596548212,15.591716928972826,15.591716928972826,15.523421105575821,118.78498680050274,0,-1815.3974317337872
30.037509377344335,29.960468073457545,-1813.0301789997084,15.278748494191587,15.278748494191587,15.340878399381511,118.63937263376306,0,-1813.0048578916628
30.04751187796949,29.949749486976305,-1810.6494975610547,15.465600414522621,15.465600414522621,15.42827124532928,118.5269470881326,0,-1810.7983956861565
30.057514378594647,29.941133360905656,-1808.2689153340957,15.49299561844163,15.49299561844163,15.51922017842604,118.40620266564126,0,-1808.0921039384868
30.067516879219806,29.93708553772797,-1805.8884323150778,15.272071919904059,15.272071919904059,15.42156064705723,118.2674977995519,0,-1805.7856071759447
30.07751937984496,29.930187216221295,-1803.508048499625,15.27754330670025,15.27754330670025,15.298692061206513,118.13991699935342,0,-1803.4877733083201
30.087521880470117,29.9171684097956,-1801.1277638838994,15.56900308147512,15.56900308147512,15.521915989000414,118.03622231320062,0,-1801.0457944962434
30.097524381095273,29.909640153685803,-1798.7475784634,15.560651768660884,15.560651768660884,15.521187163943429,117.9109783523069,0,-1798.6411153556012
30.10752688172043,29.906431311070982,-1796.3674922339724,15.266089490603456,15.266089490603456,15.44497600050687,117.76881031305454,0,-1796.2886897146673
30.117529382345587,29.901345135587786,-1793.9875051916463,15.193456968651855,15.193456968651855,15.20650739420104,117.63394052268963,0,-1793.9695362271857
30.127531882970743,29.88949039084456,-1791.6076173325248,15.415725766079827,15.415725766079827,15.39351585637486,117.52541286422434,0,-1791.6809629895554
30.1375343835959,29.881614646619795,-1789.2278286519154,15.469159130516411,15.469159130516411,15.32135640955452,117.40130361204507,0,-1789.316588434513
30.147536884221054,29.87550444630811,-1786.8481391457192,15.37412337381741,15.37412337381741,15.281313316638514,117.27026377887773,0,-1786.8142503469542
30.15753938484621,29.867440903053527,-1784.468548810096,15.279692350694512,15.279692350694512,15.53306228382991,117.14677233804017,0,-1784.406490121092
30.167541885471366,29.85677767079432,-1782.0890576411302,15.511661844910995,15.511661844910995,15.521956446418523,117.03332302813072,0,-1782.102173525492
30.177544386096525,29.8479867754536,-1779.7096656340452,15.539206795552335,15.539206795552335,15.63886157014234,116.91252756912301,0,-1779.6039529420343
30.18754688672168,29.842049007820897,-1777.3303727850437,15.480985522488728,15.480985522488728,15.499331504595427,116.78059682793956,0,-1777.4650607556507
30.197549387346836,29.83655918324742,-1774.9511790896222,15.375347159518517,15.375347159518517,15.387456697027005,116.64688377631725,0,-1775.0293233467032
30.20755188797199,29.828801145070848,-1772.572084544034,15.383405237098874,15.383405237098874,15.388421118107823,116.52191171193039,0,-1772.6640160766524
30.217554388597147,29.81998517088389,-1770.193089144134,15.42232815707721,15.42232815707721,15.486346287320208,116.40097507010918,0,-1770.259058471396
30.227556889222306,29.814823519379235,-1767.814192885525,15.36272600356778,15.36272600356778,15.233180901342962,116.26584380872477,0,-1767.731098170739
30.237559389847462,29.80672372054988,-1765.4353957642013,15.28239366066017,15.28239366066017,15.46220134326027,116.14202102659989,0,-1765.4901496452283
30.247561890472618,29.79194865783047,-1763.056697776172,15.72983891634545,15.72983891634545,15.636954687750814,116.04390866946633,0,-1763.1796883860907
30.257564391097773,29.790525123073003,-1760.6780989169558,15.454103778919054,15.454103778919054,15.2553484333839,115.89418901325807,0,-1760.6493178765897
30.26756689172293,29.785417358764487,-1758.2995991826524,15.263791660574835,15.263791660574835,15.255531767208772,115.75865453351707,0,-1758.3836834494248
30.277569392348088,29.7773822748459,-1755.92119856908,15.305832365378379,15.305832365378379,15.23010963644437,115.6343482617616,0,-1755.985022634132
30.287571892973244,29.769844708044577,-1753.5428970719531,15.28280648820124,15.28280648820124,15.260199626820063,115.5080676550089,0,-1753.5469917231626
30.2975743935984,29.760725327868343,-1751.164694687233,15.324519496662454,15.324519496662454,15.398087052347723,115.38780906607079,0,-1751.326361822035
30.307576894223555,29.754273238156685,-1748.7865914106346,15.162320132977321,15.162320132977321,15.54371306831064,115.25723984219506,0,-1748.8651332831585
30.31757939484871,29.74681595104618,-1746.4085872383341,15.222586182348067,15.222586182348067,15.39518540879578,115.13047699553607,0,-1746.3200627442122
30.327581895473866,29.736326109212836,-1744.0306821658833,15.43048014359188,15.43048014359188,15.406291897750949,115.01528331639035,0,-1744.406536885892
30.337584396099025,29.72996054447277,-1741.6528761893433,15.364441792021882,15.364441792021882,15.34662186418734,114.88421408253595,0,-1741.5381920155974
30.34758689672418,29.723319024240286,-1739.275169304381,15.361407413365402,15.361407413365402,15.202343346325307,114.75415129011277,0,-1739.2463566762735
30.357589397349336,29.71360750089302,-1736.8975615069214,15.378062168493656,15.378062168493656,15.479190987073837,114.63577645252184,0,-1736.778209873653
30.367591897974492,29.70980401822384,-1734.5200527928444,15.161125372084202,15.161125372084202,15.337018782378667,114.49475683383773,0,-1734.643850803164
30.377594398599648,29.69825269508521,-1732.1426431580114,15.399942132857273,15.399942132857273,15.44551845157841,114.38327991452607,0,-1732.3398961196563
30.387596899224807,29.694016274387348,-1729.7653325981753,15.19369759066295,15.19369759066295,15.34691134075852,114.24381907446207,0,-1729.611527373337
30.397599399849963,29.6825867407467,-1727.3881211093149,15.440883983564113,15.440883983564113,15.42041154731579,114.13173399496088,0,-1727.4349351549083
30.407601900475118,29.673486107133094,-1725.0110086873185,15.516621845335584,15.516621845335584,15.487474987205848,114.01069880299745,0,-1724.9107318939682
30.417604401100274,29.668167066783354,-1722.6339953280617,15.510158864889387,15.510158864889387,15.151701681214629,113.87520659363848,0,-1722.6110995314116
30.42760690172543,29.661928712993273,-1720.2570810271907,15.335887776079925,15.335887776079925,15.289448445740872,113.74316642976612,0,-1720.2262520527827
30.43760940235059,29.648059131128736,-1717.8802657808387,15.649113382693967,15.649113382693967,15.596884465995581,113.64006260604116,0,-1717.8781713832395
30.447611902975744,29.643451851812877,-1715.5035495843695,15.466539225534186,15.466539225534186,15.506587863912367,113.5017058426029,0,-1715.5154065991094
30.4576144036009,29.634850457652306,-1713.126932434002,15.516314984463131,15.516314984463131,15.550710890564337,113.37845662189754,0,-1713.0059060662961
30.467616904226055,29.63150545991338,-1710.7504143255724,15.40102386813492,15.40102386813492,15.136511023251206,113.23522915324176,0,-1711.0141205624443
30.47761940485121,29.62319188361544,-1708.3739952551675,15.345941526605813,15.345941526605813,15.347176278903547,113.11077657748731,0,-1708.4529943821417
30.487621905476367,29.617259328811752,-1705.9976752184305,15.2266470109516,15.2266470109516,15.329114902226666,112.97725771332149,0,-1706.1748583214141
30.497624406101526,29.609584858807967,-1703.6214542108546,15.261227019134887,15.261227019134887,15.264604790899801,112.85027155153539,0,-1703.5147187040682
30.50762690672668,29.602492218524958,-1701.2453322284596,15.179350156566748,15.179350156566748,15.345742098791236,112.72103015645752,0,-1701.0834158923708
30.517629407351837,29.593176559859348,-1698.869309267455,15.330469353947127,15.330469353947127,15.294337594246132,112.60011601105488,0,-1698.7922547902122
30.527631907976993,29.585373142958318,-1696.4933853232226,15.443254135858401,15.443254135858401,15.092777324752449,112.47343402201794,0,-1696.3774188837485
30.53763440860215,29.579442188649942,-1694.1175603920203,15.287194065013182,15.287194065013182,15.14803706755384,112.33964313450775,0,-1694.0548979664277
30.547636909227307,29.570695119706286,-1691.7418344696955,15.344915313515619,15.344915313515619,15.198151281070665,112.2163955867722,0,-1691.7327161964145
30.557639409852463,29.56503959917399,-1689.3662075519858,15.189282689562779,15.189282689562779,15.211244471109,112.08146486544247,0,-1689.5460900514583
30.56764191047762,29.553985452090707,-1686.9906796346104,15.521731200486805,15.521731200486805,15.05797688271269,111.96675561832504,0,-1686.9100958756753
30.577644411102774,29.549955109835867,-1684.6152507134975,15.162507068616572,15.162507068616572,15.234489224788566,111.82561835422123,0,-1684.7281220552172
30.58764691172793,29.543122258243667,-1682.2399207845358,15.148821317757896,15.148821317757896,15.140305584577712,111.69494880801251,0,-1682.3509792317282
30.59764941235309,29.53134793710919,-1679.8646898438528,15.351134494278446,15.351134494278446,15.355340886094922,111.58272599039798,0,-1679.8207571022215
30.607651912978245,29.522492799471358,-1677.489557887079,15.428948468104345,15.428948468104345,15.381500168142312,111.45949685491583,0,-1677.4272303134364
30.6176544136034,29.51791775172155,-1675.1145249099445,15.286516209307527,15.286516209307527,15.20614520670342,111.32020157434754,0,-1675.1990166750807
30.627656914228556,29.511608293559995,-1672.739590908133,15.17185793219564,15.17185793219564,15.235415661139013,111.18734500603337,0,-1672.5276136665527
30.63765941485371,29.50369594149285,-1670.364755877923,15.1955976853515,15.1955976853515,15.228323608030436,111.0604172394538,0,-1670.427300869922
30.647661915478867,29.49674987466419,-1667.990019814933,15.168009252730439,15.168009252730439,15.178951583400174,110.9298265842296,0,-1667.906741272694
30.657664416104026,29.489824442662744,-1665.615382715226,15.101815590992901,15.101815590992901,15.203695149958868,110.79910410433195,0,-1665.5373594654434
30.667666916729182,29.477734552163607,-1663.2408445746476,15.39581304433508,15.39581304433508,15.282726019793218,110.68754047674244,0,-1663.2595523294674
30.677669417354338,29.472625676566913,-1660.8664053888276,15.226153292885817,15.226153292885817,15.241926430644046,110.54993720301529,0,-1660.937053946123
30.687671917979493,29.466633180272805,-1658.4920651537643,15.155869707045811,15.155869707045811,15.134920850018613,110.41557370787038,0,-1658.3703317835461
30.69767441860465,29.45679492246727,-1656.1178238652126,15.318582376685953,15.318582376685953,15.138793214155353,110.29542939304655,0,-1655.980063771462
30.707676919229808,29.449927359197808,-1653.7436815191413,15.248602136864843,15.248602136864843,15.16245012908507,110.1641985279512,0,-1653.7413615399657
30.717679419854964,29.443093263048063,-1651.3696381114974,15.168183246667649,15.168183246667649,15.201964699987546,110.03278904182679,0,-1651.4878286476744
30.72768192048012,29.434308033784717,-1648.995693637962,15.245188802589984,15.245188802589984,15.219305818136963,109.90854389213953,0,-1649.089424663485
30.737684421105275,29.426606496270416,-1646.6218480944751,15.239016294557672,15.239016294557672,15.24045238078464,109.78022489957733,0,-1646.466644338118
30.74768692173043,29.416144321066394,-1644.2481014767716,15.349783603090053,15.349783603090053,15.441821624826506,109.6620419856224,0,-1644.2064442318112
30.75768942235559,29.412547757478798,-1641.87445378105,15.166658587734787,15.166658587734787,15.20113054472075,109.51844472870508,0,-1641.85722746345
30.767691922980745,29.40344482721997,-1639.5009050026824,15.238277344851326,15.238277344851326,15.276917768193764,109.39511417977472,0,-1639.3701100461092
30.7776944236059,29.398657650247326,-1637.127455137976,15.029308236798641,15.029308236798641,15.266515593175578,109.25581938641513,0,-1637.0920648536787
30.787696924231057,29.389988291260714,-1634.754104182502,15.130339242636907,15.130339242636907,15.218446614947768,109.13076708423766,0,-1634.6564247643773
30.797699424856212,29.38264816640771,-1632.3808521321396,15.118203777252678,15.118203777252678,15.197330983325479,109.00076148932254,0,-1632.337188307254
30.80770192548137,29.37555623977633,-1630.0076989829818,15.053695129146787,15.053695129146787,15.243730725985193,108.86978605471485,0,-1630.066652907331
30.817704426106527,29.366204519647425,-1627.6346447304584,15.208638077805718,15.208638077805718,15.190207393123526,108.74704464239016,0,-1627.521137961104
30.827706926731683,29.357833835041777,-1625.261689370903,15.274568393569854,15.274568393569854,15.167551429367135,108.62063515618846,0,-1625.0964626130885
30.837709427356838,29.349272228186248,-1622.888832899727,15.27270137405862,15.27270137405862,15.309138703113337,108.49485938282288,0,-1622.8408563121513
30.847711927981994,29.346056056648266,-1620.5160753133273,15.000357703096618,15.000357703096618,15.189858846310594,108.3494593047852,0,-1620.670999171546
30.85771442860715,29.33582630566723,-1618.1434166072243,15.223562313434881,15.223562313434881,15.131523856392766,108.22966413517213,0,-1618.1162505608027
30.86771692923231,29.329656197983294,-1615.7708567770587,15.114601065660937,15.114601065660937,15.128584769216143,108.09496641800328,0,-1615.8752898393068
30.877719429857464,29.32300816960391,-1613.3983958189128,15.003984424307587,15.003984424307587,15.200648934612254,107.96196186048853,0,-1613.5209633772802
30.88772193048262,29.31175572258996,-1611.0260337288366,15.428610427232924,15.428610427232924,14.892889529722236,107.84568468736313,0,-1611.259874913093
30.897724431107775,29.304918870255655,-1608.6537705025967,15.239235043993958,15.239235043993958,15.150795255399407,107.71324304641442,0,-1608.8015957165976
30.90772693173293,29.293611583602146,-1606.2816061357787,15.421226215667305,15.421226215667305,15.336542289308802,107.59701120895302,0,-1606.1216317231842
30.91772943235809,29.290593030539505,-1603.9095406245233,15.18173702383058,15.18173702383058,15.121941318986824,107.45056396513125,0,-1603.9147717405704
30.927731932983246,29.282076242880564,-1601.5375739646006,15.28324874738823,15.28324874738823,15.050077576457756,107.32405359384825,0,-1601.3916123531237
30.9377344336084,29.27545330859229,-1599.1657061519272,15.147040889283637,15.147040889283637,15.169577209750255,107.1906061706285,0,-1599.0709606870316
30.947736934233557,29.26736887528826,-1596.7939371821828,15.198975596917212,15.198975596917212,15.132023844631535,107.06240100056107,0,-1596.9345514509093
30.957739434858713,29.2627613646477,-1594.4222670513693,14.943354562439884,14.943354562439884,15.188046826848682,106.92154474158521,0,-1594.3596447713423
30.967741935483872,29.254431492666072,-1592.0506957554746,15.051383873863383,15.051383873863383,15.07512297118096,106.79411031537323,0,-1592.1344985996927
30.977744436109028,29.247784962966733,-1589.679223289964,14.862487200358615,14.862487200358615,15.303560483648972,106.66052827551368,0,-1589.76487126622
30.987746936734183,29.239324954538542,-1587.3078496511464,15.085683766401807,15.085683766401807,14.97983148330722,106.53343705846605,0,-1587.3668663493952
30.99774943735934,29.230290125405,-1584.9365748345795,15.123392032962856,15.123392032962856,15.11330879275273,106.40835168791307,0,-1584.9007464555166
31.007751937984494,29.22258504037305,-1582.565398836704,15.157134576288994,15.157134576288994,15.055246325993993,106.27840473688903,0,-1582.6821523477295
31.01775443860965,29.214268209377295,-1580.194321652356,15.170537219601506,15.170537219601506,15.129644475710192,106.15059762154686,0,-1580.1966557979547
31.02775693923481,29.20963487032312,-1577.8233432782508,14.967346293455519,14.967346293455519,15.08470106351792,106.00948036325074,0,-1577.891200185895
31.037759439859965,29.201957275985983,-1575.452463709755,14.992812612056936,14.992812612056936,15.039090329018467,105.87925725342856,0,-1575.4929987621763
31.04776194048512,29.191550545317828,-1573.0816829428045,15.115706870617954,15.115706870617954,15.208000878599602,105.75876527673213,0,-1572.9978212023982
31.057764441110276,29.18034513594953,-1570.711000973515,15.3394327049813,15.3394327049813,15.295049724725628,105.64105793357174,0,-1570.715328231029
31.06776694173543,29.179082249147427,-1568.3404177977845,15.003462553467479,15.003462553467479,15.010110764091879,105.48765133070546,0,-1568.4347526792017
31.07776944236059,29.170053399758064,-1565.9699334110899,15.082854236625685,15.082854236625685,15.059351719612447,105.36201500325014,0,-1565.9007745907365
31.087771942985746,29.161871390464178,-1563.5995478094937,15.121856168081042,15.121856168081042,15.062349819061527,105.23328051352719,0,-1563.5902963350884
31.097774443610902,29.15369818149213,-1561.2292609888416,15.161845089845137,15.161845089845137,15.062057938866326,105.1044489267938,0,-1561.261403908908
31.107776944236058,29.14649975335842,-1558.859072944887,15.0978195043213,15.0978195043213,15.123584919370249,104.97207429532524,0,-1559.0170026611854
31.117779444861213,29.14344101750112,-1556.4889836737295,14.84147802224821,14.84147802224821,14.948790294463514,104.82489090580204,0,-1556.4994336834811
31.127781945486372,29.131717422625588,-1554.1189931711895,15.04917823831413,15.04917823831413,15.14564262013385,104.70852081581454,0,-1554.1706789105826
31.137784446111528,29.126344753586466,-1551.7491014328025,14.931561783431631,14.931561783431631,15.040499864313635,104.56947563129836,0,-1551.661309959577
31.147786946736684,29.11794389476238,-1549.3793084547467,15.032559678424029,15.032559678424029,14.952358651960191,104.44114222219562,0,-1549.3267389301127
31.15778944736184,29.105505709349163,-1547.0096142328905,15.244997751285672,15.244997751285672,15.246937628057148,104.32707220760359,0,-1546.9830783685363
31.167791947986995,29.10076828435869,-1544.6400187634683,15.09787948419271,15.09787948419271,15.105506608511652,104.18559864586601,0,-1544.5303576947986
31.17779444861215,29.095247653836683,-1542.2705220417804,15.06202026811799,15.06202026811799,14.85904500138884,104.04685942255121,0,-1542.1484218151393
31.18779694923731,29.08699506007925,-1539.90112406356,15.056481164209679,15.056481164209679,14.961747794828941,103.91773966325296,0,-1539.8944933197388
31.197799449862465,29.080415729132778,-1537.5318248247404,14.983169669083761,14.983169669083761,14.949014150270155,103.78263884876144,0,-1537.6001238564688
31.20780195048762,29.07384422618241,-1535.1626243213113,14.915331463090595,14.915331463090595,14.924164419968776,103.64745585288209,0,-1535.1635958795332
31.217804451112777,29.06440795770327,-1532.793522549262,15.00608572111888,15.00608572111888,15.011845819261225,103.52232256621653,0,-1532.8855842901019
31.227806951737932,29.05822887220535,-1530.4245195046083,14.921195337484686,14.921195337484686,14.962236104982239,103.38563675030902,0,-1530.4976760540349
31.23780945236309,29.04876509456955,-1528.0556151830035,15.028758541378389,15.028758541378389,15.020425736108699,103.26046120188012,0,-1528.06767501026
31.247811952988247,29.04260682859532,-1525.6868095800642,14.957981312143568,14.957981312143568,14.93947881076311,103.12358605851415,0,-1525.7070159791315
31.257814453613403,29.03597131075154,-1523.3181026917368,14.939945470091615,14.939945470091615,14.824643893461237,102.98833577632739,0,-1523.3928396454291
31.26781695423856,29.028356384340615,-1520.9494945137503,14.923426574063784,14.923426574063784,14.853696942914167,102.85646676605295,0,-1520.9034573429446
31.277819454863714,29.01934584943711,-1518.5809850424894,15.031018624521888,15.031018624521888,14.843865896954608,102.72942733579443,0,-1518.4327333465037
31.287821955488873,29.00810158857209,-1516.2125742735386,15.14718185383919,15.14718185383919,15.151955326033725,102.61013933945098,0,-1516.2154387748196
31.29782445611403,29.00610361701046,-1513.844262202953,14.78617598593971,14.78617598593971,15.027438390337602,102.45841318710198,0,-1514.002230114126
31.307826956739184,28.995406090246693,-1511.4760488264876,15.047267959313682,15.047267959313682,14.963660729116764,102.33706800909623,0,-1511.4235954146445
31.31782945736434,28.98995936726029,-1509.1079341397149,14.908776888344269,14.908776888344269,14.91143799277103,102.19730720563813,0,-1509.1176197104567
31.327831957989495,28.98190920947166,-1506.7399181389133,14.909945702921158,14.909945702921158,14.970408994237586,102.06657845387146,0,-1506.6643858987968
31.33783445861465,28.97467264671678,-1504.3720008195269,14.897480138543912,14.897480138543912,14.93461893849638,101.9329494504072,0,-1504.4186091576119
31.34783695923981,28.964089180154826,-1502.00418217778,15.094812354561062,15.094812354561062,14.981268673347325,101.81090801758111,0,-1502.0388333105611
31.357839459864966,28.958574853281572,-1499.6364622091899,14.947101867699864,14.947101867699864,14.957641840171496,101.67115862244532,0,-1499.6473982995697
31.36784196049012,28.9520499745292,-1497.268840909864,14.850602073851606,14.850602073851606,14.98317886557326,101.53487159940244,0,-1497.3102379995912
31.377844461115277,28.94519709753414,-1494.9013182757458,14.84274544101916,14.84274544101916,14.88062961045908,101.39966744519496,0,-1494.8032399539472
31.387846961740433,28.9365043295046,-1492.533894302348,14.904620923779955,14.904620923779955,14.914609347465035,101.2707810689253,0,-1492.4572035120939
31.397849462365592,28.92755343787064,-1490.1665689858635,14.98506812677891,14.98506812677891,14.950165005275093,101.14271743824868,0,-1490.2380136473416
31.407851962990748,28.92205448822713,-1487.7993423220412,14.855224298327643,14.855224298327643,14.88851526840222,101.00264409471211,0,-1487.8505480598553
31.417854463615903,28.913898479541245,-1485.4322143067097,14.91903090993533,14.91903090993533,14.838128234497473,100.87170103178907,0,-1485.4743434519842
31.42785696424106,28.90473378080968,-1483.0651849358194,14.94518366394972,14.94518366394972,15.014354861197281,100.74417136577662,0,-1483.1720341665807
31.437859464866214,28.89645703045368,-1480.6982542052556,15.013745085071346,15.013745085071346,14.9725737201794,100.61350635966963,0,-1480.729199099398
31.447861965491374,28.890748443182165,-1478.3314221108471,14.883854830436091,14.883854830436091,14.942474175661777,100.47392987188893,0,-1478.3967938578096
31.45786446611653,28.883822363147726,-1475.9646886482105,14.69292166243447,14.69292166243447,15.217093546917036,100.33849193010447,0,-1475.8286430635183
31.467866966741685,28.87555995284973,-1473.598053813648,14.86115150462767,14.86115150462767,14.97383414095176,100.20758666815108,0,-1473.545832604956
31.47786946736684,28.869949065073353,-1471.2315176024654,14.80125327607845,14.80125327607845,14.789114714664622,100.06751355094315,0,-1471.13743935214
31.487871967991996,28.861114856041805,-1468.86508001101,14.868356260753293,14.868356260753293,14.833890653104874,99.9384412135291,0,-1468.914802161269
31.497874468617155,28.852758086088933,-1466.4987410351223,14.970057081648873,14.970057081648873,14.737855209186538,99.80766143971512,0,-1466.5742106318628
31.50787696924231,28.841810120919593,-1464.132500670427,15.120944653437022,15.120944653437022,14.932131966442247,99.68567781877344,0,-1464.3434818652543
31.517879469867466,28.837473649555534,-1461.766358912761,14.91742044308139,14.91742044308139,14.843515260623182,99.54101077852933,0,-1461.763375286631
31.527881970492622,28.83197176697452,-1459.400315758204,14.788584765783503,14.788584765783503,14.780334619169905,99.40028412776353,0,-1459.4228493456674
31.537884471117778,28.824055357179397,-1457.0343712025408,14.738588707217202,14.738588707217202,14.921657309501292,99.26774138886867,0,-1457.073605587784
31.547886971742933,28.815312387768,-1454.6685252418658,14.7924691999384,14.7924691999384,14.97920837221155,99.13794745708225,0,-1454.7264024185781
31.557889472368092,28.80627526832288,-1452.3027778716703,14.965088997366129,14.965088997366129,14.843410415731187,99.00908218381058,0,-1452.2211717318926
31.567891972993248,28.79968927157097,-1449.9371290878883,14.890721884885155,14.890721884885155,14.833923182391914,98.87181217018393,0,-1449.8863069800216
31.577894473618404,28.79365961864997,-1447.5715788864484,14.687153520955523,14.687153520955523,14.999390464009801,98.73259761439098,0,-1447.5089172532635
31.58789697424356,28.784767532316664,-1445.2061272633487,14.812410086220059,14.812410086220059,14.936573086030974,98.6030363366925,0,-1445.2489965053999
31.597899474868715,28.778156750576894,-1442.8407742142217,14.780139907422459,14.780139907422459,14.846619575615616,98.46567472623902,0,-1442.7438533120417
31.607901975493874,28.771357914488192,-1440.4755197349582,14.79057575048109,14.79057575048109,14.699467545581928,98.32889280678127,0,-1440.3933411022142
31.61790447611903,28.764056463382836,-1438.1103638217362,14.693985643629105,14.693985643629105,14.841757021461165,98.19375119529525,0,-1438.0172872916276
31.627906976744185,28.75396982924259,-1435.7453064701722,14.930881475341355,14.930881475341355,14.734855760857227,98.067948959851,0,-1435.8609984655243
31.63790947736934,28.7487810598967,-1433.380347675895,14.743351625389456,14.743351625389456,14.742135763947275,97.92554929812223,0,-1433.452608318344
31.647911977994497,28.73831486384082,-1431.0154874349762,14.889890821189802,14.889890821189802,14.87289602467198,97.80087787867598,0,-1430.9255170485133
31.657914478619656,28.733366735097942,-1428.65072574348,14.73099050708939,14.73099050708939,14.786824439571463,97.65755622896931,0,-1428.7699936688973
31.66791697924481,28.722991380924803,-1426.2860625970586,14.850896399304592,14.850896399304592,14.957228897837116,97.53242828774643,0,-1426.2033687046144
31.677919479869967,28.71147203383794,-1423.9214979913988,15.086898463820281,15.086898463820281,15.067049024641323,97.41105788072893,0,-1423.9771946337396
31.687921980495123,28.711333521300567,-1421.5570319226765,14.688020818075886,14.688020818075886,14.739504595813933,97.2514286564737,0,-1421.5717814719674
31.69792448112028,28.6990239256826,-1419.192664386973,14.964177339553903,14.964177339553903,14.887550021519498,97.13255651873727,0,-1419.1234846842262
31.707926981745434,28.692196832323027,-1416.8283953796467,15.000403633699564,15.000403633699564,14.693089034463364,96.99524277329564,0,-1416.6938571015626
31.717929482370593,28.6859134971086,-1414.4642248967084,14.870960139070212,14.870960139070212,14.74840862829839,96.85605330213241,0,-1414.4735153311328
31.72793198299575,28.678512978094194,-1412.1001529340529,14.804233775411692,14.804233775411692,14.845875541947587,96.72053820923821,0,-1412.128359304158
31.737934483620904,28.672165927778245,-1409.7361794876006,14.77486109411933,14.77486109411933,14.710617358833208,96.58144786923164,0,-1409.6023278333287
31.74793698424606,28.663645115738042,-1407.3723045533409,14.819275697570246,14.819275697570246,14.753848295904394,96.44954066395087,0,-1407.3147788299946
31.757939484871216,28.65620792979404,-1405.008528126716,14.835900403967702,14.835900403967702,14.69012508510019,96.31395728876424,0,-1405.018473705621
31.767941985496375,28.649856784453117,-1402.6448502038575,14.6522666437688,14.6522666437688,14.864015984261485,96.1747022440953,0,-1402.6283101841825
31.77794448612153,28.6380679632746,-1400.2812707806436,15.042861757424246,15.042861757424246,14.70510347444728,96.05343705058759,0,-1400.361212751741
31.787946986746686,28.632354652308724,-1397.9177898531177,14.827799528498579,14.827799528498579,14.846177611599757,95.91193499362916,0,-1397.8950034913823
31.79794948737184,28.620617901446263,-1395.5544074168154,15.037262039847773,15.037262039847773,15.041724910450043,95.79032833463731,0,-1395.4371779030844
31.807951987996997,28.61744929128028,-1393.1911234675356,14.782129076041437,14.782129076041437,14.881250317691299,95.64028454996254,0,-1393.0664465680866
31.817954488622156,28.61080140273865,-1390.8279380014205,14.765372040979553,14.765372040979553,14.765916957714081,95.50170491260529,0,-1390.7933897424634
31.827956989247312,28.604350515130104,-1388.4648510143393,14.697747918190915,14.697747918190915,14.722768923487385,95.36241766594779,0,-1388.3776447017738
31.837959489872468,28.59679445101979,-1386.1018625018974,14.683799897434934,14.683799897434934,14.738052784148982,95.2267157012627,0,-1386.1577591181638
31.847961990497623,28.58795063593395,-1383.7389724601742,14.745066201833387,14.745066201833387,14.796072965122875,95.0951870499373,0,-1383.8703302925937
31.85796449112278,28.58335322314337,-1381.37618088502,14.548241651601364,14.548241651601364,14.733317173681357,94.94962426823206,0,-1381.3503349061293
31.867966991747934,28.573226895952832,-1379.0134877715948,14.784280054153026,14.784280054153026,14.634192598219883,94.82217241300437,0,-1378.8923311891956
31.877969492373094,28.56652880629073,-1376.6508931170024,14.694174894580543,14.694174894580543,14.673109041051957,94.68339269943486,0,-1376.5298477265121
31.88797199299825,28.559645359617353,-1374.2883969166344,14.651753059162825,14.651753059162825,14.644463551285973,94.5451617121107,0,-1374.2050206717417
31.897974493623405,28.549379309268705,-1371.9259991661831,14.786558875477018,14.786558875477018,14.768758655418388,94.4179378643513,0,-1372.0944810665753
31.90797699424856,28.54149331280982,-1369.5636998615705,14.75148513487935,14.75148513487935,14.875808734233988,94.28284975670691,0,-1369.5508843097882
31.917979494873716,28.53542728049578,-1367.2014989983531,14.69669368684105,14.69669368684105,14.749311028862166,94.14175280877802,0,-1367.1292499765
31.927981995498875,28.523509551012328,-1364.8393965730204,14.905950717979989,14.905950717979989,14.972467146543801,94.01968196419874,0,-1364.6579796406024
31.93798449612403,28.521131850366704,-1362.4773925814322,14.66180993428907,14.66180993428907,14.671410936422461,93.86644250565568,0,-1362.3506366144943
31.947986996749187,28.509815395063832,-1360.115487019087,14.844663109960253,14.844663109960253,14.85718523002823,93.7422528040254,0,-1360.0658837867204
31.957989497374342,28.503181052209072,-1357.7536798820297,14.906574027647926,14.906574027647926,14.582528028803612,93.6027571749259,0,-1357.7661742123375
31.967991997999498,28.49798503716826,-1355.3919711657375,14.66826329894542,14.66826329894542,14.692575167075395,93.45853657757455,0,-1355.5238116791918
31.977994498624657,28.49070291935522,-1353.0303608666957,14.659407459427594,14.659407459427594,14.656623140119715,93.32102938878222,0,-1352.9876966721833
31.987996999249813,28.481716138973244,-1350.668848980241,14.837295346249652,14.837295346249652,14.502891011301948,93.18897588915596,0,-1350.6233149999287
31.997999499874968,28.476057053185215,-1348.3074355021947,14.604917739125602,14.604917739125602,14.67054465603512,93.04608804234294,0,-1348.3542460142908
32.00800200050013,28.468595872317135,-1345.9461204286738,14.516122951081766,14.516122951081766,14.821349794628938,92.90896768665876,0,-1345.979347391113
32.01800450112528,28.45810267393359,-1343.5849037555645,14.823515306473853,14.823515306473853,14.634585677155982,92.78155981892753,0,-1343.734267967388
32.02800700175044,28.452199032562955,-1341.2237854787725,14.745093889617582,14.745093889617582,14.531016934912936,92.63928018311303,0,-1341.2657231175958
32.038009502375594,28.445447787595725,-1338.8627655938715,14.637575655550382,14.637575655550382,14.61279068916546,92.49967459642079,0,-1338.8539381833007
32.04801200300075,28.442625257320746,-1336.5018440968033,14.38412019394004,14.38412019394004,14.397138174463771,92.3473901026578,0,-1336.5769267297035
32.058014503625905,28.430401958406126,-1334.141020984191,14.662515843582066,14.662515843582066,14.527887127838,92.22523658257379,0,-1334.0951498995694
32.06801700425106,28.423713747315393,-1331.7802962507199,14.50031513049622,14.50031513049622,14.709582102131575,92.08524378366735,0,-1331.9286316984007
32.07801950487622,28.41407629275565,-1329.4196698928538,14.709149027560526,14.709149027560526,14.591596586719968,91.9546314877255,0,-1329.2266927370051
32.08802200550137,28.40554786478788,-1327.0591419063283,14.773689841308933,14.773689841308933,14.595848524390046,91.82039128926222,0,-1327.100272576568
32.09802450612653,28.398038767099806,-1324.6987122870294,14.83317673363816,14.83317673363816,14.457313477142165,91.68282207113076,0,-1324.865579865354
32.10802700675169,28.39073379521155,-1322.3383810311668,14.756094651267702,14.756094651267702,14.561294064943285,91.54453580760061,0,-1322.220065187521
32.118029507376846,28.382895034198235,-1319.9781481340983,14.760210730954084,14.760210730954084,14.582955270530562,91.40788534365143,0,-1319.8914060301101
32.128032008002,28.37669807636721,-1317.6180135918892,14.596077423120422,14.596077423120422,14.694848580369218,91.2659432584184,0,-1317.6424405738626
32.13803450862716,28.36832120783409,-1315.257977400279,14.741639909504663,14.741639909504663,14.514343632182118,91.13087131007418,0,-1315.3521175284413
32.14803700925231,28.36330471149681,-1312.8980395553463,14.528582025756181,14.528582025756181,14.54702526839407,90.98506397109122,0,-1313.1239855842348
32.15803950987747,28.35485984601846,-1310.5382000531918,14.540202712043737,14.540202712043737,14.64460130907348,90.85007419323028,0,-1310.3042806282888
32.168042010502624,28.346751129622195,-1308.1784588891717,14.658555586401347,14.658555586401347,14.478298658680034,90.71394684532389,0,-1308.1345225522623
32.17804451112778,28.33834785168776,-1305.8188160592179,14.643862494823642,14.643862494823642,14.622278621364874,90.5786794524767,0,-1305.8258434471295
32.188047011752936,28.332446888783736,-1303.4592715593164,14.545448023796224,14.545448023796224,14.558357694531315,90.43543894595433,0,-1303.43720379495
32.19804951237809,28.320489386838922,-1301.0998253854211,14.726935630032504,14.726935630032504,14.843115005142137,90.31124127129989,0,-1301.1502584843815
32.20805201300325,28.316479200254474,-1298.7404775333243,14.60548542265363,14.60548542265363,14.541653838398046,90.1619141797153,0,-1298.7532388111047
32.21805451362841,28.304597662627355,-1296.381227998893,14.837581414195807,14.837581414195807,14.71380601096528,90.03730543244598,0,-1296.1340137817108
32.228057014253565,28.30108883054479,-1294.0220767780006,14.584850610076069,14.584850610076069,14.599708910500425,89.88629452805435,0,-1294.2693781038602
32.23805951487872,28.292405673591375,-1291.6630238663668,14.644374949178701,14.644374949178701,14.637256513551804,89.7514814881939,0,-1291.7326699206676
32.248062015503876,28.285936125014164,-1289.3040692600587,14.61912437100326,14.61912437100326,14.512314240982748,89.60965744828425,0,-1289.1476203191812
32.25806451612903,28.27839748515647,-1286.9452129551426,14.652491098571375,14.652491098571375,14.430497961894364,89.47111988216521,0,-1286.8783383181228
32.26806701675419,28.27039379016015,-1284.5864549468595,14.623233831742956,14.623233831742956,14.543699179433778,89.33396828331016,0,-1284.486305036609
32.27806951737934,28.265180985821285,-1282.2277952316779,14.474102686376899,14.474102686376899,14.478011922798709,89.18803725972161,0,-1282.1093420843727
32.2880720180045,28.25702545323193,-1279.8692338052172,14.490605029637305,14.490605029637305,14.522469888998678,89.05122799055154,0,-1279.8625958420378
32.298074518629655,28.24772105262711,-1277.510770662985,14.566877600585947,14.566877600585947,14.619728729052282,88.91792207031416,0,-1277.3386231152667
32.30807701925481,28.238767864024105,-1275.1524058012876,14.705166063754211,14.705166063754211,14.540274959226101,88.78344327253001,0,-1275.2395990238956
32.318079519879966,28.23375491499592,-1272.7941392156206,14.452113175258086,14.452113175258086,14.652477347410695,88.63665385934813,0,-1272.8623513812254
32.32808202050513,28.222957669869256,-1270.4359709026223,14.685912831782845,14.685912831782845,14.65861076765649,88.50775012044085,0,-1270.505948714865
32.338084521130284,28.219055963498146,-1268.0779008573124,14.45392151642827,14.45392151642827,14.562006311356757,88.3574028293265,0,-1268.1441019731724
32.34808702175544,28.208311457170716,-1265.7199290758622,14.629913330382594,14.629913330382594,14.675859546295756,88.22817549215581,0,-1265.5907813866738
32.358089522380595,28.19367388516814,-1263.3620555543785,14.993615718805707,14.993615718805707,14.998249916227087,88.11088331378227,0,-1263.344512027597
32.36809202300575,28.19214068315485,-1261.0042802887892,14.848597979243488,14.848597979243488,14.372422061264135,87.95303944571131,0,-1261.0665619411427
32.37809452363091,28.184174891939218,-1258.6466032743406,14.706907969660017,14.706907969660017,14.704838076139469,87.8149948028145,0,-1258.703456985348
32.38809702425606,28.172684869655352,-1256.2890245074466,14.902046157206119,14.902046157206119,14.89223089005729,87.68772163326842,0,-1256.3502536927706
32.39809952488122,28.172206538543957,-1253.9315439837535,14.526926552223363,14.526926552223363,14.568389036489705,87.52651747989079,0,-1253.8319801490638
32.40810202550637,28.161896115245327,-1251.5741616987266,14.675055293039373,14.675055293039373,14.672876682955286,87.3954671370724,0,-1251.41646549996
32.41810452613153,28.15291558070766,-1249.2168776488422,14.652250861610774,14.652250861610774,14.919745957366898,87.26025262596644,0,-1249.4009269641936
32.42810702675669,28.147506246712098,-1246.8596918296128,14.61251730942981,14.61251730942981,14.664799813331609,87.11403154764028,0,-1246.8535102632181
32.43810952738185,28.141561285347205,-1244.5026042367674,14.618361742655656,14.618361742655656,14.399051271642529,86.96939729481065,0,-1244.559457437624
32.448112028007,28.133297864227345,-1242.145614866545,14.603248962157542,14.603248962157542,14.522987170223175,86.83178150511087,0,-1242.3085355565654
32.45811452863216,28.12598069270019,-1239.788723714647,14.559055550839455,14.559055550839455,14.563151537504638,86.69120861008071,0,-1239.8506926302434
32.468117029257314,28.11983346708425,-1237.4319307770002,14.457667711253823,14.457667711253823,14.542216099296592,86.54700995104871,0,-1237.3326975497557
32.47811952988247,28.11026261354592,-1235.0752360496276,14.603025873175007,14.603025873175007,14.541332529463698,86.4131564649089,0,-1235.1260662111094
32.488122030507625,28.10609727717432,-1232.7186395284598,14.315069601184994,14.315069601184994,14.596248451357562,86.26281723181495,0,-1232.75574092083
32.49812453113278,28.096881136081226,-1230.3621412082107,14.505746252172393,14.505746252172393,14.451542805882632,86.12774036820937,0,-1230.420493369538
32.50812703175794,28.088246198507452,-1228.0057410862019,14.61444538259671,14.61444538259671,14.383603040853792,85.99082298696277,0,-1228.060067321631
32.51812953238309,28.082653157653954,-1225.6494391575852,14.46162902211705,14.46162902211705,14.38241677275431,85.84463687765731,0,-1225.7934661535508
32.52813203300825,28.07312075561015,-1223.2932354186885,14.566254137542446,14.566254137542446,14.457248539303501,85.71028462978036,0,-1223.1852029220227
32.53813453363341,28.06661671449619,-1220.9371298648175,14.47462164406793,14.47462164406793,14.470350376372469,85.56672225944891,0,-1220.9568494303926
32.548137034258566,28.058737165200178,-1218.5811224922006,14.433674890755764,14.433674890755764,14.588407993886404,85.42723876621542,0,-1218.4056505745787
32.55813953488372,28.050027610202022,-1216.22521329645,14.522177850924994,14.522177850924994,14.572073515953539,85.29017780318935,0,-1216.1022925781733
32.56814203550888,28.045327948151108,-1213.8694022736831,14.403021526394797,14.403021526394797,14.369574566848017,85.1410063873262,0,-1213.8633202919448
32.57814453613403,28.027641362136258,-1211.5136894196603,14.96894129626623,14.96894129626623,14.744965155356944,85.03071031919,0,-1211.3822697511175
32.58814703675919,28.028715297767828,-1209.1580747303447,14.459972323616638,14.459972323616638,14.456055896349696,84.86411122678139,0,-1209.3486037624632
32.598149537384344,28.01997057076609,-1206.8025582012942,14.501825282553458,14.501825282553458,14.538309711563848,84.72686071237277,0,-1206.7680227164863
32.6081520380095,28.01561372411961,-1204.4471398284209,14.35896060882208,14.35896060882208,14.331823166173573,84.57643929858368,0,-1204.5404446310176
32.618154538634656,28.006967259235896,-1202.0918196079035,14.428915206362179,14.428915206362179,14.343140398420475,84.4387556384611,0,-1202.0174142516871
32.62815703925981,27.998401101735507,-1199.736597535453,14.463185701434075,14.463185701434075,14.413782551742523,84.30075482290137,0,-1199.7024197036865
32.63815953988497,27.986712458682568,-1197.3814736069003,14.61526778923874,14.61526778923874,14.717177864002098,84.17195483850651,0,-1197.4987843881386
32.64816204051013,27.985806931228367,-1195.0264478180181,14.300378038685707,14.300378038685707,14.33705486694919,84.01105700711197,0,-1194.8056372721348
32.658164541135285,27.975723922562413,-1192.6715201648058,14.399463066039614,14.399463066039614,14.505606984911198,83.87733470698394,0,-1192.6862200805635
32.66816704176044,27.967700537330177,-1190.316690643029,14.476021991830144,14.476021991830144,14.410272279536954,83.73742932571255,0,-1190.4324009332302
32.6781695423856,27.962342343879495,-1187.961959248633,14.356677261688377,14.356677261688377,14.306968811300495,83.5895778107027,0,-1187.954675869966
32.68817204301075,27.954761379249508,-1185.6073259773868,14.283811036675973,14.283811036675973,14.444128675323919,83.44823164224474,0,-1185.5082054556622
32.69817454363591,27.947476145825515,-1183.2527908251964,14.345283050149023,14.345283050149023,14.268256077558185,83.30594467142133,0,-1183.239576724093
32.70817704426106,27.938825866012362,-1180.8983537878996,14.342990481513768,14.342990481513768,14.424673794629957,83.16760470798309,0,-1180.7950979381842
32.71817954488622,27.931306625421623,-1178.544014861257,14.342952338516211,14.342952338516211,14.406933082182688,83.02586422523653,0,-1178.6583272483947
32.728182045511375,27.923463913112165,-1176.189774041857,14.237087715888393,14.237087715888393,14.649356962812925,82.88500280094836,0,-1176.158432520815
32.73818454613653,27.91653636379955,-1173.8356313247052,14.250588440370034,14.250588440370034,14.515784706636106,82.74138931698927,0,-1173.7181840293645
32.74818704676169,27.907428230057544,-1171.4815867056966,14.460648456773164,14.460648456773164,14.316189760777563,82.60408711910817,0,-1171.4440869311036
32.75818954738685,27.90012566889592,-1169.1276401808925,14.432309114135494,14.432309114135494,14.32256167651936,82.4614299406342,0,-1169.1185095589144
32.768192048012004,27.889369877565162,-1166.7737917463444,14.566219456751316,14.566219456751316,14.52241873026654,82.32877369092127,0,-1166.8269594983121
32.77819454863716,27.884421386537994,-1164.4200413978194,14.366388000095826,14.366388000095826,14.51866626932669,82.17911177350787,0,-1164.5269464989908
32.788197049262315,27.876855197882342,-1162.0663891309937,14.489806704964963,14.489806704964963,14.261073926428235,82.0370124045506,0,-1161.912405101176
32.79819954988747,27.869598575962094,-1159.712834941673,14.395353492118543,14.395353492118543,14.392797333849833,81.89394416578118,0,-1159.7239047734524
32.80820205051263,27.860500194224624,-1157.3593788259082,14.456156008424623,14.456156008424623,14.490276179048042,81.75614639912183,0,-1157.240884109835
32.81820455113778,27.854032401774734,-1155.0060207798065,14.42741436702639,14.42741436702639,14.372252689092454,81.61065170057321,0,-1155.1374101538136
32.82820705176294,27.846417494290254,-1152.6527607988007,14.357771513124169,14.357771513124169,14.508105541631194,81.46841097072264,0,-1152.8066300539642
32.83820955238809,27.837729281537623,-1150.2995988785985,14.444126175993622,14.444126175993622,14.492968929390917,81.32919630779884,0,-1150.2539992169127
32.84821205301325,27.829181835403894,-1147.9465350157802,14.541976577425661,14.541976577425661,14.433720657223828,81.18949594959548,0,-1147.840846137314
32.85821455363841,27.826074441429256,-1145.5935692055743,14.291427064640093,14.291427064640093,14.255272233718813,81.03406672483722,0,-1145.6269876089484
32.86821705426357,27.816765408366127,-1143.2407014439248,14.335121400128811,14.335121400128811,14.418588119526971,80.89641825640038,0,-1143.232261798122
32.87821955488872,27.808735473649627,-1140.8879317270369,14.416387497833135,14.416387497833135,14.314894699593891,80.75501587905477,0,-1140.8086767811228
32.88822205551388,27.7959368218032,-1138.5352600505307,14.639973618147648,14.639973618147648,14.64187267987673,80.62719730324413,0,-1138.5089405161334
32.898224556139034,27.796471792028118,-1136.1826864107227,14.228808761889486,14.228808761889486,14.238303789506967,80.46113301386329,0,-1136.1880518546175
32.90822705676419,27.78491943427257,-1133.8302108031746,14.406816734596148,14.406816734596148,14.469489008903745,80.32957786742917,0,-1133.8572780021038
32.918229557389346,27.78025608385009,-1131.4778332228625,14.209789411421154,14.209789411421154,14.417412358910925,80.17828047179043,0,-1131.436476085785
32.9282320580145,27.770062848274236,-1129.1255536665594,14.431913256086862,14.431913256086862,14.356516037926493,80.04267585999362,0,-1129.137284268757
32.93823455863966,27.76594003162797,-1126.7733721301952,14.226233315999286,14.226233315999286,14.240662872292203,79.88972723149216,0,-1126.5904394536624
32.94823705926481,27.756464604350764,-1124.4212886090206,14.30153690578695,14.30153690578695,14.365745037935476,79.75192378474976,0,-1124.4481338606186
32.958239559889975,27.743044575257365,-1122.0693030994064,14.61171282161515,14.61171282161515,14.612773149156983,79.6252107013028,0,-1122.2157656215466
32.96824206051513,27.740591637418138,-1119.7174155973598,14.46468225311412,14.46468225311412,14.129147886655913,79.46734793446748,0,-1119.6897698354576
32.978244561140286,27.733660201922785,-1117.3656260981124,14.34837941460047,14.34837941460047,14.25585180451284,79.32210971504347,0,-1117.4473429647219
32.98824706176544,27.728099354521387,-1115.0139345979062,14.173969399248605,14.173969399248605,14.293184034065511,79.17294150400828,0,-1114.9589975280003
32.9982495623906,27.721510613349935,-1112.6623410928055,14.153773028832685,14.153773028832685,14.176271062418227,79.02661338530247,0,-1112.6863835589286
33.00825206301575,27.709171360868446,-1110.3108455780923,14.415556378263869,14.415556378263869,14.357984924647003,78.89638512438586,0,-1110.4929571321877
33.01825456364091,27.704595572897233,-1107.95944804975,14.231394472576078,14.231394472576078,14.267076631806939,78.7442558705242,0,-1107.9774605976734
33.028257064266064,27.695629577098575,-1105.6081485036743,14.308619916204318,14.308619916204318,14.31193102407025,78.60438283982516,0,-1105.5760336747567
33.03825956489122,27.689913089934798,-1103.2569469357609,14.165818314248682,14.165818314248682,14.309418594182404,78.45533537346937,0,-1103.3219042026183
33.048262065516376,27.679358220897505,-1100.905843342015,14.337439845371952,14.337439845371952,14.403819589358097,78.31974644705048,0,-1100.9885866926686
33.05826456614153,27.67279094141781,-1098.5548377183593,14.30258310006229,14.30258310006229,14.313039791166144,78.17293890036066,0,-1098.571627810686
33.068267066766694,27.663682916596002,-1096.2039300605786,14.385781586780409,14.385781586780409,14.367263776598703,78.03314292831642,0,-1096.2698293523192
33.07826956739185,27.65841991265232,-1093.853120364565,14.313449438659738,14.313449438659738,14.155797677062985,77.88257220420503,0,-1093.9205044914809
33.088272068017005,27.652527920278533,-1091.5024086259732,14.193858183225823,14.193858183225823,14.133203786589736,77.73369640874118,0,-1091.4461077643487
33.09827456864216,27.641068605181523,-1089.1517948407243,14.520261669231596,14.520261669231596,14.053723218025612,77.60018935640797,0,-1089.1688357425517
33.10827706926732,27.634001799288463,-1086.8012790048476,14.3311000440809,14.3311000440809,14.346497435008848,77.45442385546288,0,-1086.7601072433858
33.11827956989247,27.627712444138744,-1084.450861113963,14.319813716107435,14.319813716107435,14.166909020499713,77.30644333178573,0,-1084.5299271467316
33.12828207051763,27.619484049066152,-1082.1005411641543,14.314609979377112,14.314609979377112,14.266012455381768,77.16374905070833,0,-1082.251464308444
33.13828457114278,27.612896731031327,-1079.7503191509963,14.284045154200838,14.284045154200838,14.169683039220013,77.01645857280324,0,-1079.7002171185263
33.14828707176794,27.605024136447344,-1077.4001950705483,14.351201733813937,14.351201733813937,14.070704803649754,76.87263712810126,0,-1077.4229207269311
33.158289572393095,27.59723496258869,-1075.050168918577,14.305766610170208,14.305766610170208,14.184401044942446,76.72851161396483,0,-1075.0017488526698
33.16829207301825,27.591134077436838,-1072.7002406910933,14.198657452983397,14.198657452983397,14.168203157908753,76.57968665045931,0,-1072.6192265690381
33.17829457364341,27.5834523118142,-1070.35041038364,14.193941981832708,14.193941981832708,14.184357092076688,76.43512589591953,0,-1070.3527491166012
33.18829707426857,27.569151985564222,-1068.0006779925066,14.561737105510653,14.561737105510653,14.448272617515359,76.30856658574665,0,-1067.8456985095804
33.198299574893724,27.567737262698596,-1065.6510435131536,14.269603685426441,14.269603685426441,14.099210984815272,76.14674160046677,0,-1065.7397356520628
33.20830207551888,27.561163996980884,-1063.301506941447,14.110343418680976,14.110343418680976,14.258190458500154,75.99894161656611,0,-1063.2716482644414
33.218304576144035,27.550037576476885,-1060.9520682735313,14.335323505712715,14.335323505712715,14.331662777823416,75.86344855241747,0,-1060.9913415264782
33.22830707676919,27.545461377293407,-1058.6027275051072,14.209802584565024,14.209802584565024,14.123607165624392,75.71008287290262,0,-1058.608804846242
33.23830957739435,27.53532091544344,-1056.2534846321478,14.34293130334458,14.34293130334458,14.232892586924232,75.57173934636263,0,-1056.2918931987472
33.2483120780195,27.52838036362312,-1053.904339650129,14.285993318075757,14.285993318075757,14.242333029101175,75.4246486432303,0,-1053.869514384453
33.25831457864466,27.52257952146602,-1051.5552925551451,14.25519931109162,14.25519931109162,14.02853250721214,75.274414835747,0,-1051.456274258738
33.26831707926981,27.516568269744184,-1049.2063433431247,14.036920315599433,14.036920315599433,14.22126535230346,75.12469140280612,0,-1049.1391239813534
33.278319579894976,27.505404286363603,-1046.8574920098215,14.27282990316294,14.27282990316294,14.278534539080807,74.98876756289066,0,-1046.9966380401252
33.28832208052013,27.499200544319887,-1044.5087385511645,14.27623751109115,14.27623751109115,14.056773822455964,74.83941887586546,0,-1044.4344585829997
33.29832458114529,27.49156468332595,-1042.1600829627635,14.188464604001872,14.188464604001872,14.232198825915713,74.6938484446608,0,-1042.183086004846
33.30832708177044,27.479691992590322,-1039.8115252409532,14.425751945665136,14.425751945665136,14.393025441137825,74.55954373918985,0,-1039.815394259011
33.3183295823956,27.47591876335329,-1037.4630653812235,14.213234633352675,14.213234633352675,14.238546601540413,74.40348530186714,0,-1037.2798755126025
33.328332083020754,27.469776532269705,-1035.1147033792165,14.050066292437611,14.050066292437611,14.340728453392233,74.25370779792553,0,-1035.2333341428075
33.33833458364591,27.462057385103794,-1032.7664392312493,14.171100594423441,14.171100594423441,14.111041962205283,74.10806796851942,0,-1032.8263257645076
33.348337084271066,27.456918233821707,-1030.4182729325298,13.99004952673087,13.99004952673087,14.098538370526192,73.95549724562164,0,-1030.5376809975119
33.35833958489622,27.447674397103764,-1028.070204479594,14.07301157139817,14.07301157139817,14.17371001398141,73.81376369428284,0,-1028.0287091521477
33.36834208552138,27.43922111753475,-1025.7222338683648,14.146465372226322,14.146465372226322,14.149311825422231,73.66984781014261,0,-1025.7922931703608
33.37834458614653,27.432571395368505,-1023.3743610940014,14.052312850294774,14.052312850294774,14.189602797789082,73.52108193920968,0,-1023.252585862541
33.388347086771695,27.424525860658715,-1021.0265861527901,13.994082108930177,13.994082108930177,14.367423962077877,73.37593435766146,0,-1020.8689517185863
33.39834958739685,27.416020534309673,-1018.6789090406564,14.209630147029012,14.209630147029012,14.066656804597564,73.23191989868782,0,-1018.4384407742026
33.408352088022006,27.40311784249913,-1016.3313297531785,14.421444715846466,14.421444715846466,14.432966845086652,73.09939089398132,0,-1016.3923098884574
33.41835458864716,27.399146194218286,-1013.9838482865896,14.23443614662576,14.23443614662576,14.257264893969982,72.94328564461202,0,-1013.7978423952035
33.42835708927232,27.394014677436893,-1011.6364646363979,14.008012965486715,14.008012965486715,14.334376965536908,72.79018155644661,0,-1011.5928390169707
33.43835958989747,27.38646934878868,-1009.2891787983164,14.084668678733983,14.084668678733983,14.167409985382646,72.6433410453732,0,-1009.5305200219659
33.44836209052263,27.379384139006273,-1006.9419907682783,14.11012872490366,14.11012872490366,14.033821833579582,72.49522502461153,0,-1007.1469572145073
33.458364591147784,27.369902845909664,-1004.5949005425716,14.196163578325697,14.196163578325697,14.138493745213694,72.3532853094003,0,-1004.6540372367486
33.46836709177294,27.363163314897452,-1002.247908116276,14.139232520103793,14.139232520103793,14.117844369018991,72.20411887163941,0,-1002.2402884099288
33.478369592398096,27.35523073667526,-999.901013485793,14.142924338145836,14.142924338145836,14.154907312101498,72.05798481203493,0,-999.7537474826449
33.48837209302326,27.346110094434213,-997.5542166468053,14.221220016401448,14.221220016401448,14.220976046697716,71.91485372013062,0,-997.6553057427893
33.498374593648414,27.341998570365057,-995.2075175952782,14.02416326638333,14.02416326638333,14.086383654147454,71.7586685452522,0,-995.182714754395
33.50837709427357,27.333371607632277,-992.8609163267402,14.106962949123128,14.106962949123128,14.069401619867609,71.61410677928356,0,-992.5750604230575
33.518379594898725,27.327195004193054,-990.5144128373513,13.911407579721857,13.911407579721857,14.241577451953509,71.46314187242251,0,-990.6039681100626
33.52838209552388,27.31756362252667,-988.1680071233767,14.158465293342958,14.158465293342958,14.046737856650903,71.32100784653234,0,-988.1507698428882
33.53838459614904,27.310956370044288,-985.8216991794347,14.064318385325858,14.064318385325858,14.08070427107343,71.171009657752,0,-985.7656921938224
33.54838709677419,27.303260528907412,-983.4754890022012,14.057611361007567,14.057611361007567,14.103080263300727,71.02373758973124,0,-983.5122585789497
33.55838959739935,27.294715221350966,-981.1293765873853,14.17617054196522,14.17617054196522,14.002347241080923,70.87856413295356,0,-981.0154894163327
33.5683920980245,27.290133897885504,-978.7833619310074,13.959591758576911,13.959591758576911,13.97729273176268,70.72317771373442,0,-978.8279993316323
33.57839459864966,27.28187526993999,-976.4374450286978,14.00309190066518,14.00309190066518,13.98368002565962,70.57712306629,0,-976.4531555736735
33.588397099274815,27.273483718592455,-974.0916258765203,14.054423304645963,14.054423304645963,13.994343265818872,70.43132532105008,0,-974.0201237675019
33.59839959989998,27.268922091660635,-971.7459044694257,13.790846188700067,13.790846188700067,14.060350666216,70.27571364715877,0,-971.7259338528653
33.60840210052513,27.256145866285387,-969.4002808044967,14.156650606203646,14.156650606203646,14.099778452722362,70.14088863220387,0,-969.4776953061826
33.61840460115029,27.248757867950612,-967.0547548769612,14.126228839464554,14.126228839464554,14.123429080382257,69.99229875325707,0,-966.952400171706
33.628407101775444,27.240916175684823,-964.7093266827437,14.162272377658851,14.162272377658851,14.082206172547032,69.84478183392477,0,-964.7744807545305
33.6384096024006,27.234914038462705,-962.3639962173737,14.120651732224914,14.120651732224914,13.92038680671347,69.69254685380955,0,-962.3931652393761
33.648412103025755,27.226482610833514,-960.0187634772367,14.062497887173757,14.062497887173757,14.15602615698128,69.54636725851434,0,-959.9730313702862
33.65841460365091,27.22001746579146,-957.6736284576108,13.83033481090257,13.83033481090257,14.444750157991539,69.39516308398018,0,-957.6278691442993
33.66841710427607,27.2119723521102,-955.3285911549558,14.044778012052236,14.044778012052236,14.077254543647769,69.24785639109389,0,-955.3683279399027
33.67841960490122,27.20684375072208,-952.9836515645862,13.92370448702868,13.92370448702868,13.943322314683998,69.09316933693887,0,-953.1919485871532
33.68842210552638,27.19396959409881,-950.6388096825237,14.149787373521821,14.149787373521821,14.276914054045763,68.95778158198199,0,-950.6764367947769
33.698424606151534,27.189054801632597,-948.2940655045473,14.121388028280956,14.121388028280956,13.925570118337097,68.80241817123213,0,-948.1175552125806
33.708427106776696,27.17695184478304,-945.9494190267466,14.28248629354054,14.28248629354054,14.273455635674383,68.6648978550183,0,-945.9785612835703
33.71842960740185,27.173558729405887,-943.6048702449242,14.061082919774764,14.061082919774764,14.079868833190487,68.5056177228296,0,-943.7293082922837
33.72843210802701,27.165349056503594,-941.2604191545133,14.125267475275477,14.125267475275477,14.037597346459146,68.35824564707013,0,-941.2411406593422
33.73843460865216,27.16128790139672,-938.9160657515678,13.844936090374135,13.844936090374135,14.062083770390224,68.20052592672484,0,-938.6653082941916
33.74843710927732,27.15195142333279,-936.5718100319987,14.044922994463638,14.044922994463638,13.917234414617493,68.05579169302752,0,-936.4620479952042
33.758439609902474,27.14556746877607,-934.2276519913638,14.001485666403516,14.001485666403516,13.816362047164118,67.90368722481884,0,-934.3095071269471
33.76844211052763,27.137366582301418,-931.8835916258074,13.94739688572712,13.94739688572712,14.00933405620273,67.75598741780848,0,-931.920292519329
33.778444611152786,27.127688000595438,-929.5396289309872,14.09548937128295,14.09548937128295,14.019602471347572,67.61183358501381,0,-929.6139686157294
33.78844711177794,27.117891144063147,-927.1957639029436,14.176939340826276,14.176939340826276,14.18089820103288,67.46787375359506,0,-927.4055752948252
33.7984496124031,27.115394915317072,-924.85199653749,13.943465425801328,13.943465425801328,13.87694887613253,67.30595965442744,0,-924.9152546603459
33.80845211302826,27.105335770621664,-922.5083268301402,14.122432457683226,14.122432457683226,13.882561737731656,67.16247821218788,0,-922.4410667434652
33.818454613653415,27.098069226523275,-920.164754777017,14.031654523824328,14.031654523824328,14.008776186248678,67.0120936415523,0,-920.2300901205516
33.82845711427857,27.090868383722583,-917.8212803735988,14.002692947233822,14.002692947233822,14.001510371162182,66.86147567415487,0,-917.8707506181651
33.838459614903726,27.08183964029892,-915.4779036161829,14.071559807974568,14.071559807974568,14.072772456034704,66.7152198029268,0,-915.5704152913921
33.84846211552888,27.07278495949881,-913.1346245011279,14.12744121460682,14.12744121460682,14.173886804878398,66.56893620976979,0,-913.242785588537
33.85846461615404,27.070003165958305,-910.7914430226039,13.834811372731686,13.834811372731686,14.031109218129158,66.40740148351814,0,-910.8434540527935
33.86846711677919,27.060020589487152,-908.4483591773838,14.024292318841232,14.024292318841232,14.004230192757854,66.26320275332446,0,-908.3272619435335
33.87846961740435,27.04853659401027,-906.1053729616384,14.19901567794989,14.19901567794989,14.232076115377051,66.1225192503572,0,-906.0833785662869
33.888472118029505,27.04730371295153,-903.7624843705256,13.895369950826666,13.895369950826666,13.879001120007928,65.9570947352881,0,-903.7188964488035
33.89847461865466,27.036956311546646,-901.4196933995138,14.092855606154536,14.092855606154536,13.890855363075687,65.8135042930212,0,-901.3700288772712
33.908477119279816,27.02795236776343,-899.0770000454588,14.071952804506385,14.071952804506385,14.137964676204296,65.66659642973922,0,-899.1280110941444
33.91847961990498,27.02629357616164,-896.7344043039262,13.70601247589367,13.70601247589367,13.973377253368005,65.50206266923912,0,-896.7784682914327
33.928482120530134,27.01645678325446,-894.3919061704797,13.787336275197655,13.787336275197655,14.140967157712101,65.35699098310721,0,-894.3752380961175
33.93848462115529,27.008289377441763,-892.0495056415733,13.935342344487102,13.935342344487102,13.924779376514676,65.20785169813956,0,-892.1702498973597
33.948487121780445,27.001831249628275,-889.7072027122555,13.900238873626552,13.900238873626552,13.818426634174935,65.05457415398207,0,-889.6821244296277
33.9584896224056,26.991791185035257,-887.3649973781648,13.990677161503193,13.990677161503193,13.998291496272586,64.90971029219969,0,-887.3498971483874
33.96849212303076,26.986381576075093,-885.0228896357663,13.890768210747892,13.890768210747892,13.864282527327584,64.75380458479968,0,-885.0198163171162
33.97849462365591,26.979440955653597,-882.680879480625,13.88694328527807,13.88694328527807,13.767761407566773,64.60145239965611,0,-882.7949239881915
33.98849712428107,26.969174554422302,-880.3389669085517,13.963035352526617,13.963035352526617,14.010277715828662,64.45685323875065,0,-880.2979611375814
33.99849962490622,26.959985972227358,-877.9971519158054,14.048109179886763,14.048109179886763,14.07315476470118,64.30961985969137,0,-878.0695809306802
34.00850212553138,26.955449176130912,-875.655434497432,13.89082578826263,13.89082578826263,13.92298798087702,64.15139300926116,0,-875.6997508961874
34.01850462615654,26.948573414141464,-873.3138146498814,13.787237612961114,13.787237612961114,14.016274984591906,63.9985873311007,0,-873.2878390410821
34.0285071267817,26.942321970161494,-870.9722923688529,13.749566667301742,13.749566667301742,13.884081112602741,63.844254412824135,0,-871.0213078603517
34.03850962740685,26.931603859376498,-868.630867649898,13.9322617791682,13.9322617791682,13.981160648357662,63.70025415227891,0,-868.5233779214897
34.04851212803201,26.923956068214146,-866.2895404888221,13.923527329531218,13.923527329531218,14.00055699118879,63.54901257614382,0,-866.2966676208126
34.058514628657164,26.91505738616912,-863.9483108818788,13.990263709265351,13.990263709265351,14.056643863519557,63.40059206477589,0,-863.863833773117
34.06851712928232,26.908552376376655,-861.6071788243825,14.024355770899865,14.024355770899865,13.818975082286011,63.24654274248774,0,-861.7526925086099
34.078519629907476,26.90147330976326,-859.2661443124797,13.959948705167557,13.959948705167557,13.86441426157814,63.09375097449488,0,-859.4999852355833
34.08852213053263,26.89565793706935,-856.9252073415222,13.854185469947959,13.854185469947959,13.803020195514646,62.937975526373684,0,-856.987728635553
34.09852463115779,26.887805871397532,-854.5843679080261,13.890828010778991,13.890828010778991,13.762315792667577,62.78681961477781,0,-854.4916532664081
34.10852713178294,26.879983256226645,-852.2436260071921,13.897362060873126,13.897362060873126,13.777417743255771,62.63551491700424,0,-852.2491946313402
34.1185296324081,26.870189302290097,-849.9029816350039,13.973824795798828,13.973824795798828,13.948367291422878,62.488639983553554,0,-850.1588218452132
34.12853213303326,26.85978992311934,-847.5624347875963,14.121651517217627,14.121651517217627,14.067401616491464,62.343047653878955,0,-847.4741806856472
34.138534633658416,26.854254616596272,-845.2219854603097,14.001418078528285,14.001418078528285,13.992951741562242,62.186265014385405,0,-845.2268538458868
34.14853713428357,26.847765939413726,-842.8816336497049,13.919405613915073,13.919405613915073,13.985060016763407,62.03159195862714,0,-842.6648947141296
34.15853963490873,26.83768577545603,-840.5413793506915,14.04893659923722,14.04893659923722,14.092812961141677,61.88499787683274,0,-840.5195814206089
34.16854213553388,26.834224682915504,-838.2012225594015,13.82820191612206,13.82820191612206,13.908239943797257,61.723318668972155,0,-838.371932442684
34.17854463615904,26.829324260808416,-835.8611632712381,13.694307207236212,13.694307207236212,13.76589605757676,61.56485379965084,0,-835.941019326963
34.188547136784194,26.82022209909817,-833.5212014826228,13.770658705537528,13.770658705537528,13.833320701721998,61.4158015431462,0,-833.5510842233392
34.19854963740935,26.813433170430507,-831.1813371890064,13.72346664205551,13.72346664205551,13.80085297090884,61.26145586150934,0,-831.2383962784462
34.208552138034506,26.80323327546209,-828.8415703863701,13.892419368858544,13.892419368858544,13.847743256259022,61.114688264351756,0,-828.8191605268731
34.21855463865966,26.796401495570265,-826.501901070964,13.825549272209841,13.825549272209841,13.861057649823875,60.9602784705089,0,-826.5481403789707
34.22855713928482,26.790029219992018,-824.1623292374405,13.726902876509886,13.726902876509886,13.869012390119055,60.80477120353294,0,-824.2840954205999
34.23855963990998,26.781769201792024,-821.8228548821014,13.810919236537927,13.810919236537927,13.79480859452228,60.653401455789755,0,-821.7556038014187
34.248562140535135,26.774169561507247,-819.4834780010802,13.797986537958108,13.797986537958108,13.815446709675042,60.50047778603888,0,-819.521523967419
34.25856464116029,26.763027990326698,-817.1441985898842,13.950466040042631,13.950466040042631,14.036554939346301,60.35532865088723,0,-817.1693830742681
34.26856714178545,26.759899695690322,-814.8050166446912,13.715933429221787,13.715933429221787,13.829694959026394,60.192335186980536,0,-814.7564967319331
34.2785696424106,26.74757005262843,-812.4659321609685,13.95887905948515,13.95887905948515,14.048084795853178,60.04961718067227,0,-812.4553210615561
34.28857214303576,26.74115993955528,-810.1269451345815,13.934686226761409,13.934686226761409,13.912824995655454,59.893734785680266,0,-810.0674912016478
34.29857464366091,26.73518831897333,-807.7880555614107,13.864787059645858,13.864787059645858,13.803205590739568,59.7368213485502,0,-807.8979865651755
34.30857714428607,26.729645856713393,-805.4492634368177,13.750884006504167,13.750884006504167,13.717228306246295,59.578904356411826,0,-805.4042742115671
34.318579644911225,26.723264511403414,-803.1105687567959,13.672530808912835,13.672530808912835,13.68598875867767,59.422762870045034,0,-802.9989643217586
34.32858214553638,26.71288221068881,-800.7719715182596,13.789865729183495,13.789865729183495,13.863504419481409,59.27528083093196,0,-800.7824416258129
34.33858464616154,26.699903934968756,-798.4334717151415,14.082237049943409,14.082237049943409,14.08035947143311,59.13334283129703,0,-798.2988842216106
34.3485871467867,26.701494442288773,-796.0950693441365,13.580669407274385,13.580669407274385,13.699777353830958,58.959632864367315,0,-796.1163447883221
34.358589647411854,26.690690622933673,-793.7567644002893,13.70810513357356,13.70810513357356,13.920350863085323,58.812784681873424,0,-793.6245734864345
34.36859214803701,26.68346497012957,-791.418556880673,13.733233188181108,13.733233188181108,13.808808956314868,58.658091866940836,0,-791.4894243952252
34.378594648662165,26.674661932799324,-789.0804467807957,13.911871164408435,13.911871164408435,13.62685323453501,58.50672276208626,0,-788.8894031781803
34.38859714928732,26.667430085168554,-786.7424340955142,13.771077837673442,13.771077837673442,13.848093676244511,58.35188156478157,0,-786.7116806304431
34.39859964991248,26.66006714931818,-784.4045188211954,13.787055693087634,13.787055693087634,13.775458353253386,58.197244704891986,0,-784.3767534867601
34.40860215053763,26.653289776715734,-782.0667009540873,13.752398707171658,13.752398707171658,13.716254705450556,58.0412763073964,0,-782.1638308939333
34.41860465116279,26.64450512308237,-779.7289804894137,13.821002223648241,13.821002223648241,13.751626887954023,57.88952116278096,0,-779.7801957112829
34.42860715178794,26.640215848202573,-777.391357422632,13.6433297793234,13.6433297793234,13.605253509164237,57.72809888030849,0,-777.2914067387903
34.4386096524131,26.629191188844544,-775.0538317502221,13.780608090406654,13.780608090406654,13.839285358788699,57.58093924961634,0,-775.0510729664668
34.44861215303826,26.623035669491617,-772.7164034676443,13.70934610464252,13.70934610464252,13.760030434240846,57.42334356568081,0,-772.8039829157622
34.45861465366342,26.614088991606305,-770.3790725710851,13.797698965181375,13.797698965181375,13.780217313723865,57.27158297811795,0,-770.2824938493018
34.46861715428857,26.60542551130864,-768.0418390555086,13.887102606036057,13.887102606036057,13.75583239903385,57.1191300807904,0,-768.1092468893276
34.47861965491373,26.599972517895456,-765.704702916973,13.777045762228655,13.777045762228655,13.648800678325529,56.95983008889085,0,-765.740642905999
34.488622155538884,26.591973330768823,-763.367664151688,13.824712281209743,13.824712281209743,13.608250207622527,56.80581480930572,0,-763.3264843686252
34.49862465616404,26.586362265793444,-761.0307227552496,13.590685973452445,13.590685973452445,13.772868512622193,56.646715043061306,0,-760.8945690325938
34.508627156789196,26.579458528821835,-758.6938787229609,13.57785710504965,13.57785710504965,13.68900081901782,56.490253822819795,0,-758.6643481711615
34.51862965741435,26.569419272576216,-756.3571320508416,13.754624421454906,13.754624421454906,13.696273090710946,56.340248487270294,0,-756.2470992964313
34.52863215803951,26.56111177519465,-754.0204827351847,13.818846862434986,13.818846862434986,13.668868232530166,56.186538532100165,0,-754.1512560837959
34.53863465866466,26.553882180436727,-751.6839307708208,13.775904954961456,13.775904954961456,13.694116883341731,56.03050557688519,0,-751.5639689766672
34.54863715928982,26.54830128595569,-749.3474761537699,13.602891364936507,13.602891364936507,13.73221037601893,55.87098695891153,0,-749.2738974640969
34.55863965991498,26.53879511660998,-747.0111188804669,13.747779447679664,13.747779447679664,13.723288742139834,55.71950059235124,0,-747.0433702501701
34.568642160540136,26.52987194286487,-744.6748589460392,13.82751689680304,13.82751689680304,13.757224996108736,55.566713661821545,0,-744.7331071187377
34.57864466116529,26.524454677689715,-742.3386963462144,13.741430885468848,13.741430885468848,13.596928224308046,55.40663882567465,0,-742.2783516010031
34.58864716179045,26.513696729370846,-740.0026310771109,13.863673826141575,13.863673826141575,13.821077295504947,55.257432658204806,0,-740.044119538258
34.5986496624156,26.51094106081863,-737.6666631344143,13.583128296045764,13.583128296045764,13.650463594564174,55.09178006331475,0,-737.7083987865935
34.60865216304076,26.49868529610006,-735.3307925137889,13.86126545656495,13.86126545656495,13.787502435788674,54.94543331767442,0,-735.168890020182
34.618654663665914,26.493033670935443,-732.9950192112866,13.85873410835855,13.85873410835855,13.495256707461051,54.78554736485292,0,-732.8842775330769
34.62865716429107,26.485851291420953,-730.6593432222395,13.748879595433861,13.748879595433861,13.647275625392098,54.62869962515107,0,-730.726953139964
34.638659664916226,26.477265868254836,-728.3237645423652,13.733657979378354,13.733657979378354,13.820490879083339,54.47460743550256,0,-728.3265849931852
34.64866216554138,26.471111368153434,-725.9882831674412,13.742252183441561,13.742252183441561,13.581441191360351,54.31552585190745,0,-725.893719571511
34.658664666166544,26.462613280547785,-723.6528990934204,13.754160860722923,13.754160860722923,13.687302969941857,54.1610850721123,0,-723.6617504598302
34.6686671667917,26.45706234570958,-721.3176123162272,13.516331918374776,13.516331918374776,13.850566950348238,54.00064761612284,0,-721.3143538080028
34.678669667416855,26.447512190079845,-718.9824228306603,13.733778684036755,13.733778684036755,13.703175355235674,53.84814011758224,0,-719.064970584097
34.68867216804201,26.441633820183462,-716.6473306339155,13.571947923467881,13.571947923467881,13.763563875712924,53.688212091073645,0,-716.7606226572597
34.69867466866717,26.43215658792254,-714.3123357207403,13.779298549103506,13.779298549103506,13.625425404246295,53.53537205797324,0,-714.2688415714156
34.70867716929232,26.425763682603538,-711.977438087052,13.657136796341028,13.657136796341028,13.683666618960238,53.37631563898346,0,-712.1947824554251
34.71867966991748,26.41919111809569,-709.6426377284267,13.643389660109134,13.643389660109134,13.552033590179608,53.21754449549174,0,-709.3829080918026
34.72868217054263,26.40939907388878,-707.307934641274,13.72269264238903,13.72269264238903,13.71721930587323,53.06504779209909,0,-707.2107138470867
34.73868467116779,26.40586859785399,-704.973328820628,13.488570341866497,13.488570341866497,13.570026778477132,52.90013523503935,0,-705.0783637744573
34.748687171792945,26.39582413616792,-702.6388202623117,13.666863873219917,13.666863873219917,13.575105608773908,52.74795299224313,0,-702.6930326294877
34.7586896724181,26.387226465374678,-700.3044089625206,13.697341774825084,13.697341774825084,13.658796002097326,52.592833100877755,0,-700.203655506695
34.76869217304326,26.381054637453136,-697.9700949166819,13.592233464854665,13.592233464854665,13.649785298940317,52.432889365677845,0,-698.0355563546588
34.77869467366842,26.37287169193668,-695.6358781202001,13.645779877670323,13.645779877670323,13.625140004584143,52.276787862245975,0,-695.572804726072
34.788697174293574,26.367296703271393,-693.3017585689049,13.531176338889578,13.531176338889578,13.545606843283897,52.11554035384796,0,-693.1725750354007
34.79869967491873,26.3604430655638,-690.9677362589329,13.489864092410974,13.489864092410974,13.511288733666829,51.956703419075716,0,-690.8694447643122
34.808702175543885,26.350360151892474,-688.6338111856815,13.611449496822262,13.611449496822262,13.635571217708021,51.80401638642573,0,-688.4111140010588
34.81870467616904,26.343073101376916,-686.2999833453702,13.584075388346664,13.584075388346664,13.638391196890082,51.645843880441745,0,-686.2727843982034
34.8287071767942,26.335120484819853,-683.9662527330321,13.615766259840958,13.615766259840958,13.622922996171257,51.48886698959448,0,-684.0886861600317
34.83870967741935,26.32448024452954,-681.6326193447255,13.796538695813632,13.796538695813632,13.71243758813765,51.33694111706205,0,-681.7103133867138
34.84871217804451,26.320661592727756,-679.2990831757976,13.595623291283905,13.595623291283905,13.542096669617074,51.17189302181571,0,-679.3096620341129
34.858714678669664,26.313717793766408,-676.9656442223136,13.391954080577044,13.391954080577044,13.846037888863208,51.0127432650333,0,-677.0597537450117
34.868717179294826,26.305858678439755,-674.6323024800404,13.543871761447148,13.543871761447148,13.576104444621448,50.85525133593491,0,-674.7175064403739
34.87871967991998,26.29174495273931,-672.2990579446467,13.890621764943106,13.890621764943106,13.854700091679685,50.709495166399115,0,-672.3537613210444
34.88872218054514,26.291345843446866,-669.9659106115399,13.484444541086205,13.484444541086205,13.581963675664253,50.537735267875654,0,-669.806070499089
34.89872468117029,26.284435836542777,-667.6328604761861,13.458546308089414,13.458546308089414,13.525312849917595,50.37820575023677,0,-667.6160651387589
34.90872718179545,26.272474900461983,-665.2999075349329,13.73094357289675,13.73094357289675,13.62971102480983,50.228061884081086,0,-665.4159990257305
34.918729682420604,26.26734750828781,-662.9670517834253,13.52126167064341,13.52126167064341,13.673237224100141,50.06502067863294,0,-662.8944655666558
34.92873218304576,26.26024514982617,-660.6342932172308,13.6736895294797,13.6736895294797,13.288791710617168,49.90560079264143,0,-660.6306282817212
34.938734683670916,26.25208602076159,-658.3016318319956,13.592513014109228,13.592513014109228,13.530074027829016,49.74806410695562,0,-658.2799775714778
34.94873718429607,26.240524670339724,-655.9690676231182,13.765351038224892,13.765351038224892,13.773667565515124,49.596736668940714,0,-656.0381467495106
34.95873968492123,26.23322358598832,-653.6366005873108,13.755578755228226,13.755578755228226,13.743436029591699,49.43741553060302,0,-653.5119233389897
34.96874218554638,26.228099278331992,-651.3042307193222,13.618949892040991,13.618949892040991,13.640407125399992,49.274006098656336,0,-651.2771243063646
34.978744686171545,26.2202472879334,-648.9719580150717,13.609963334932143,13.609963334932143,13.691248992846313,49.11554492706445,0,-648.9066266086315
34.9887471867967,26.21363096029467,-646.639782470338,13.57592592402344,13.57592592402344,13.606844925612542,48.95473542091119,0,-646.6535151438654
34.998749687421856,26.207499955814153,-644.3077040802391,13.557550891890955,13.557550891890955,13.418326300228731,48.79296685466976,0,-644.4607993280455
35.00875218804701,26.198804139906773,-641.9757228408365,13.517978565320162,13.517978565320162,13.656927832659301,48.63579278420558,0,-641.8944968421139
35.01875468867217,26.192380668288223,-639.6438387477896,13.443558394295772,13.443558394295772,13.624377411907854,48.474402509398494,0,-639.6277638599727
35.02875718929732,26.18681635007514,-637.3120517971926,13.349913105547431,13.349913105547431,13.501402992745867,48.31138799505835,0,-637.3077651618929
35.03875968992248,26.17717667727416,-634.9803619848684,13.53578665133128,13.53578665133128,13.430690942312868,48.15565161655635,0,-635.0158609707087
35.048762190547635,26.17112495704427,-632.6487693053678,13.374008011758034,13.374008011758034,13.517100894684118,47.99336423437163,0,-632.6256653076022
35.05876469117279,26.161918029289648,-630.317273754767,13.506410766684484,13.506410766684484,13.488434567930227,47.83665696098574,0,-630.3752993803676
35.068767191797946,26.15420106948377,-627.9858753290674,13.547050600079263,13.547050600079263,13.419800085261597,47.677187286141915,0,-628.1322936731304
35.0787696924231,26.14729678186202,-625.6545740238487,13.503869505055482,13.503869505055482,13.396908779711552,47.51618490619923,0,-625.5453312193201
35.088772193048264,26.134949532287013,-623.323369834786,13.703081442607965,13.703081442607965,13.705677521890733,47.36475878638466,0,-623.3638819522439
35.09877469367342,26.131006704448254,-620.9922627571741,13.495140090483051,13.495140090483051,13.568095715018936,47.198333361356674,0,-621.1099094399974
35.108777194298575,26.12487699538632,-618.6612527866818,13.380158846312924,13.380158846312924,13.572631698590827,47.03571820183895,0,-618.7474115588062
35.11877969492373,26.116981022147097,-616.3303399191317,13.44436998100933,13.44436998100933,13.483726217160731,46.87613628798707,0,-616.3800258240956
35.12878219554889,26.103862570197148,-613.999524150497,13.730659714831459,13.730659714831459,13.734035028034906,46.725611362638716,0,-614.037085841318
35.13878469617404,26.101994870112485,-611.6688054762776,13.413162395354988,13.413162395354988,13.504306500811293,46.55529812042904,0,-611.8009924357128
35.1487871967992,26.095176499071837,-609.338183891373,13.3611995299463,13.3611995299463,13.486119737844904,46.3935779866046,0,-609.3890132838321
35.15878969742435,26.088321571015648,-607.0076593920367,13.303159329853642,13.303159329853642,13.485573837607829,46.231843936220685,0,-607.0390918453417
35.16879219804951,26.079695491390893,-604.6772319741008,13.426873126168445,13.426873126168445,13.387192907526961,46.073092948715264,0,-604.6090059052079
35.178794698674665,26.071714710164557,-602.3469016326445,13.472281488325077,13.472281488325077,13.34863471944294,45.91313248059357,0,-602.2569998677876
35.18879719929983,26.061769773861982,-600.0166683642072,13.566579016633737,13.566579016633737,13.506917321777738,45.756454124994384,0,-600.0857896912848
35.19879969992498,26.058705856048103,-597.686532162988,13.327877570593998,13.327877570593998,13.299057540577262,45.587886479987134,0,-597.5496806644833
35.20880220055014,26.05083593339345,-595.3564930257329,13.320906774666492,13.320906774666492,13.348636419773962,45.427481152665734,0,-595.2617767097912
35.218804701175294,26.0395550661147,-593.0265509476558,13.56011603289889,13.56011603289889,13.417500721130896,45.272784696787674,0,-593.1800030029752
35.22880720180045,26.032807120126428,-590.6967059248639,13.476681579370503,13.476681579370503,13.45171231835345,45.110279426230335,0,-590.7062991253413
35.238809702425606,26.025815309603185,-588.3669579518419,13.451539096921428,13.451539096921428,13.4059306019227,44.94810893153226,0,-588.4270147441724
35.24881220305076,26.019245709087656,-586.0373070248492,13.364582494211286,13.364582494211286,13.42044894961184,44.78514802442572,0,-586.027512561563
35.25881470367592,26.010439806085376,-583.7077531396104,13.448962677502939,13.448962677502939,13.42774096980128,44.62586255992191,0,-583.6526094419731
35.26881720430107,26.002588330455726,-581.3782962921593,13.48250627413847,13.48250627413847,13.39353889813224,44.46488101987153,0,-581.4202088131425
35.27881970492623,25.996756585801986,-579.0489364771868,13.294641553279847,13.294641553279847,13.499200864962296,44.30044514577759,0,-579.1512851089357
35.288822205551384,25.988732360158934,-576.7196736906172,13.346117634473595,13.346117634473595,13.455056556601603,44.13958180481657,0,-576.8321038832712
35.298824706176546,25.981291917137927,-574.3905079278322,13.30564581541977,13.30564581541977,13.50724603777527,43.97766065571043,0,-574.5939555757041
35.3088272068017,25.9738362771144,-572.0614391846318,13.419468824554384,13.419468824554384,13.253128318643826,43.815679051414776,0,-572.144421462336
35.31882970742686,25.958780267507237,-569.7324674568532,13.735048083452169,13.735048083452169,13.735553464016228,43.666100075682756,0,-569.8191793559229
35.32883220805201,25.959336761915175,-567.4035927402559,13.324934297036886,13.324934297036886,13.327486888318766,43.490784506687085,0,-567.344022934671
35.33883470867717,25.947376389946616,-565.0748150299773,13.538161488430873,13.538161488430873,13.550270873220295,43.335896466353155,0,-565.0584772922937
35.348837209302324,25.94549242878176,-562.7461343212235,13.249349036363316,13.249349036363316,13.265679022176423,43.16449112011805,0,-562.7079046241854
35.35883970992748,25.93706053375182,-560.4175506097779,13.27546681352094,13.27546681352094,13.333420757600457,43.00366949707766,0,-560.4750224299253
35.368842210552636,25.92528984126874,-558.0890638906269,13.482519604840027,13.482519604840027,13.540122207079492,42.84813928199016,0,-558.1487822482031
35.37884471117779,25.91827601567074,-555.7606741603868,13.57544174176395,13.57544174176395,13.261553306475301,42.68482309219023,0,-555.8447803102525
35.38884721180295,25.911540695981778,-553.4323814140728,13.406224483642134,13.406224483642134,13.465491460781317,42.52097947752671,0,-553.5801306334192
35.39884971242811,25.905996585422052,-551.1041856467274,13.289847225242447,13.289847225242447,13.385077734314553,42.355156261392835,0,-551.1394519651499
35.408852213053265,25.890989086807775,-548.7760868553414,13.688709113494562,13.688709113494562,13.693687615025544,42.204324379803644,0,-548.8109824971583
35.41885471367842,25.89139401136702,-546.4480850339736,13.253943084182383,13.253943084182383,13.357699442524227,42.02888692820744,0,-546.382510771515
35.42885721430358,25.881826549783984,-544.1201801793278,13.335165819461125,13.335165819461125,13.485588502992654,41.86920327025535,0,-544.0990996621994
35.43885971492873,25.874442601940494,-541.7923722857016,13.35677977284532,13.35677977284532,13.405178014366253,41.705973377931414,0,-541.7787324185925
35.44886221555389,25.862951807455996,-539.4646613492104,13.581643934766257,13.581643934766257,13.53429756761716,41.549095457871566,0,-539.4941881467277
35.45886471617904,25.86049966731959,-537.1370473656078,13.347577950242398,13.347577950242398,13.22548011329058,41.37796769249243,0,-537.0690921156579
35.4688672168042,25.851745904493978,-534.8095303299157,13.347656805003037,13.347656805003037,13.39362234191783,41.21661557413898,0,-534.6626786824178
35.478869717429355,25.845965126046778,-532.4821102380016,13.21928157835905,13.21928157835905,13.372727101145545,41.050554013147966,0,-532.3707234986226
35.48887221805451,25.836501141018328,-530.1547870851916,13.360769642526432,13.360769642526432,13.36459003200994,40.890111299063896,0,-530.0685408034375
35.498874718679666,25.829008393350023,-527.8275608679378,13.367504673699596,13.367504673699596,13.330267044798942,40.726526187178436,0,-527.9604605416379
35.50887721930483,25.82304217385985,-525.5004315796012,13.2145335727097,13.2145335727097,13.386392945547888,40.56051467959351,0,-525.3995859881821
35.518879719929984,25.81394992936555,-523.1733992169239,13.335395970458437,13.335395970458437,13.363758193095286,40.399204339538954,0,-522.9120840099309
35.52888222055514,25.803180121721248,-520.8464637756628,13.494187344192897,13.494187344192897,13.516899533889195,40.24033862506503,0,-520.7680108332529
35.538884721180295,25.800333194824518,-518.5196252515098,13.264331232605473,13.264331232605473,13.258901007921661,40.069346270734904,0,-518.637096785854
35.54888722180545,25.789270045205416,-516.1928836386066,13.579908694998172,13.579908694998172,13.142479602815891,39.910716124747864,0,-516.048672105249
35.55888972243061,25.783709175849793,-513.86623893326,13.358426664467641,13.358426664467641,13.274837172508787,39.7436874063847,0,-513.8635676656894
35.56889222305576,25.77706788985779,-511.5396911306143,13.324810009993666,13.324810009993666,13.193531592189556,39.57821082704223,0,-511.72915841243787
35.57889472368092,25.770779394576923,-509.2132402262871,13.193704213974534,13.193704213974534,13.254288962114364,39.41213041496969,0,-509.24905615468026
35.58889722430607,25.758686467182343,-506.8868862160292,13.423699603334423,13.423699603334423,13.463508830033481,39.254594544616516,0,-506.9343236567851
35.59889972493123,25.75517020102892,-504.560629094778,13.224854295895147,13.224854295895147,13.243915938283555,39.0842314496164,0,-504.6997097529865
35.608902225556385,25.74922285356563,-502.2344688584054,13.141868815615116,13.141868815615116,13.157266032332913,38.91740873164026,0,-502.2907582640338
35.61890472618155,25.738863747538634,-499.9084055019961,13.28522094717398,13.28522094717398,13.27970845275512,38.756986859562296,0,-499.7261863514303
35.6289072268067,25.731901005779623,-497.58243902114845,13.099505584221989,13.099505584221989,13.55083309525451,38.59148075534132,0,-497.5572558834947
35.63890972743186,25.725437440023857,-495.2565694108966,13.111620109363422,13.111620109363422,13.351427074566498,38.42516616789899,0,-495.34140743835906
35.648912228057014,25.71699585417914,-492.9307966665868,13.275304897128185,13.275304897128185,13.145589489813098,38.26164106232973,0,-492.8722592877935
35.65891472868217,25.7035506824916,-490.6051207840451,13.451252640497927,13.451252640497927,13.665765409866404,38.10523758314205,0,-490.60789847364305
35.668917229307326,25.701752651220804,-488.2795417586605,13.240869025255222,13.240869025255222,13.211534488558167,37.93193386692053,0,-488.24557023413917
35.67891972993248,25.694463094842654,-485.9540595852542,13.1074381768991,13.1074381768991,13.427133690581497,37.76646942754572,0,-485.78783141780286
35.68892223055764,25.686349945847006,-483.62867425969023,13.305740498758462,13.305740498758462,13.102807395937548,37.60209195712706,0,-483.518168987327
35.69892473118279,25.679382085228212,-481.30338577699825,13.218619379325993,13.218619379325993,13.177539891159602,37.43599284613275,0,-481.17046926439804
35.70892723180795,25.669666057574073,-478.97819413299686,13.399214695161794,13.399214695161794,13.129065139555703,37.27369391195513,0,-478.9680439237156
35.71892973243311,25.664001953854378,-476.65309932243304,13.230592490403005,13.230592490403005,13.17124314859799,37.105578029058925,0,-476.62850256380864
35.728932233058266,25.653642603087203,-474.32810134147155,13.380114002523227,13.380114002523227,13.281419086254346,36.94397268545615,0,-474.2585469719475
35.73893473368342,25.65049425210643,-472.0032001838731,13.127544611105243,13.127544611105243,13.114140126003905,36.7721848218226,0,-471.8819095547364
35.74893723430858,25.641839550778297,-469.67839584717757,13.116689425560347,13.116689425560347,13.289377339086068,36.608006973087846,0,-469.796315880232
35.75893973493373,25.635710515439197,-467.35368832431976,13.083870009578684,13.083870009578684,13.129707700710695,36.440233636407655,0,-467.32915125336126
35.76894223555889,25.627305258755126,-465.0290776118937,13.136886147448216,13.136886147448216,13.139802441596002,36.27552029953207,0,-464.9848408112963
35.778944736184044,25.614714512015837,-462.70456370562266,13.359882350709729,13.359882350709729,13.43775876229466,36.11644337951833,0,-462.61915778829285
35.7889472368092,25.609474228044935,-460.3801466006644,13.352402788405646,13.352402788405646,13.094096592322973,35.947183882892844,0,-460.4197969014814
35.798949737434356,25.600857522578774,-458.05582629162143,13.456947829706907,13.456947829706907,13.032854102821341,35.782449202163136,0,-458.01850811645323
35.80895223805951,25.595568628998983,-455.7316027741684,13.195411601910772,13.195411601910772,13.204604200829793,35.613110129901095,0,-455.74499419990906
35.81895473868467,25.58769812517267,-453.4074760432419,13.193163544527957,13.193163544527957,13.245024227039037,35.447183530000096,0,-453.3607169248902
35.82895723930983,25.580671876701153,-451.0834460939387,13.185505200131862,13.185505200131862,13.169632584741532,35.28003077609944,0,-451.0174896119942
35.838959739934985,25.571775174327858,-448.75951292196123,13.251527476813678,13.251527476813678,13.227449572415628,35.115288718637935,0,-448.69231038927745
35.84896224056014,25.566303846824667,-446.4356765223267,13.136825235448574,13.136825235448574,13.132913012098978,34.94589066761767,0,-446.41963308760774
35.8589647411853,25.5573641574971,-444.1119368903227,13.28258940305518,13.28258940305518,13.037700864311214,34.7810112183078,0,-444.1888103484334
35.86896724181045,25.546803952056283,-441.78829402192633,13.343571076939362,13.343571076939362,13.355127031702265,34.61815611809619,0,-441.78075827871885
35.87896974243561,25.540296747322802,-439.4647479119206,13.289307226526375,13.289307226526375,13.29509383319525,34.44986467435331,0,-439.3379564952707
35.88897224306076,25.53673099456228,-437.14129855403644,13.094843009693127,13.094843009693127,13.074256364609553,34.27766128601196,0,-436.9800495561707
35.89897474368592,25.52789378262728,-434.817945945422,13.122271106318555,13.122271106318555,13.200348072782681,34.11225336941626,0,-434.5995966713085
35.908977244311075,25.519897192753458,-432.494690079239,13.230917850220921,13.230917850220921,13.037922051700308,33.94565300023163,0,-432.555657629992
35.91897974493623,25.51468402047529,-430.1715309519106,13.023771276729939,13.023771276729939,13.08957147883834,33.775379679381054,0,-430.28784193255336
35.92898224556139,25.505058701816278,-427.8484685586109,13.15152983760944,13.15152983760944,13.133233688537214,33.610684515645104,0,-427.8341935329038
35.93898474618655,25.497514839434853,-425.5255028939109,13.156380620521878,13.156380620521878,13.11049902425488,33.44322369591758,0,-425.59194096375774
35.948987246811704,25.48884206541299,-423.2026339539032,13.158224484893754,13.158224484893754,13.263112317202888,33.27710063466384,0,-423.2314493059518
35.95898974743686,25.48321869701741,-420.8798617321516,13.046233698064054,13.046233698064054,13.185994878477155,33.10702937235573,0,-420.77230798581746
35.968992248062015,25.47303660125015,-418.55718622515207,13.300523104370384,13.300523104370384,13.060124677712443,32.9426059310794,0,-418.4458626105251
35.97899474868717,25.46777098474722,-416.23460742737706,13.043299383664046,13.043299383664046,13.21981261376595,32.7719237118722,0,-416.1668766216896
35.98899724931233,25.459702892319896,-413.9121253346242,13.170482375064585,13.170482375064585,13.031055923319858,32.60465678070566,0,-413.9449881939677
35.99899974993748,25.451267026971024,-411.58973993999,13.16527305285052,13.16527305285052,13.162263975350186,32.4377454605868,0,-411.52613532779225
36.00900225056264,25.445344077894674,-409.26745124061745,13.005613740215903,13.005613740215903,13.225430649266192,32.26764262947978,0,-409.1719364085664
36.01900475118779,25.437828702637518,-406.94525923001714,13.027156046097685,13.027156046097685,13.165067001768538,32.099414702054666,0,-407.11259818572603
36.02900725181295,25.429098707660703,-404.62316390408495,13.169326154806079,13.169326154806079,13.045642088193036,31.93257215571608,0,-404.6243559893073
36.03900975243811,25.423150090042792,-402.3011652573795,12.939280687788015,12.939280687788015,13.253446742492512,31.76225654533079,0,-402.36691689250176
36.04901225306327,25.415526174650367,-399.9792632856344,13.06037757237336,13.06037757237336,13.010260035228487,31.593885111173385,0,-399.9853243867725
36.05901475368842,25.405396796898973,-397.6574579832343,13.167814430069695,13.167814430069695,13.170216270858777,31.4284205635303,0,-397.6081715731422
36.06901725431358,25.391105631671827,-395.33574934607776,13.497448604739983,13.497448604739983,13.51004157654707,31.267791717196395,0,-395.48047373233834
36.079019754938734,25.391939438454195,-393.01413736783167,13.0170501767553,13.0170501767553,13.20119244217177,31.089055816115184,0,-393.1915701766034
36.08902225556389,25.384458753320857,-390.69262204240846,13.071058462334268,13.071058462334268,13.070718021164234,30.920135963154287,0,-390.7908214872617
36.099024756189046,25.37397052707313,-388.3712033676314,13.214411255945283,13.214411255945283,13.212675969114919,30.75465028388537,0,-388.320482574198
36.1090272568142,25.370171554485584,-386.04988133675124,12.929243769143728,12.929243769143728,13.20829014052928,30.58123352484605,0,-386.1311435561515
36.11902975743936,25.361306269717918,-383.72865594381483,13.192126819763468,13.192126819763468,12.867760367087687,30.41364688480114,0,-383.5604356806899
36.12903225806451,25.3554394204508,-381.4075271853798,12.960562408519092,12.960562408519092,13.06635659415266,30.242491938449547,0,-381.3734412198749
36.13903475868967,25.343978852875413,-379.08649505417674,13.18694674488625,13.18694674488625,13.188126449355867,30.077681553609303,0,-378.95513850413386
36.14903725931483,25.335353796393317,-376.7655595483409,13.352954877363368,13.352954877363368,13.005308618605484,29.909493573610252,0,-376.6827004546843
36.159039759939986,25.33133511114116,-374.44472065892234,13.034366718316793,13.034366718316793,13.100744352438928,29.7359720191295,0,-374.4441244268504
36.16904226056514,25.32330996473879,-372.12397838211257,13.15760356987875,13.15760356987875,12.913504457209497,29.56692174056753,0,-372.16119689820357
36.1790447611903,25.31643633556821,-369.8033327129356,13.00662953442045,13.00662953442045,13.101961797821799,29.396480028428606,0,-369.8393901349772
36.18904726181545,25.30559565049104,-367.48278364717504,13.21696548573274,13.21696548573274,13.162852366749691,29.23037802693438,0,-367.7991215778428
36.19904976244061,25.300392081965835,-365.16233117743406,13.08640508612371,13.08640508612371,13.059979545815983,29.057888174584157,0,-365.0249350747923
36.209052263065765,25.29136567646829,-362.84197529923665,13.210076404403399,13.210076404403399,13.022073656741652,28.889549698694402,0,-362.86250864144057
36.21905476369092,25.282853885123433,-360.521716007903,13.192396512382638,13.192396512382638,13.18967783337148,28.72053420487273,0,-360.68445078440885
36.229057264316076,25.279569915844824,-358.2015532977995,12.900081456271838,12.900081456271838,13.122381035737035,28.545714659269787,0,-358.24246120896095
36.23905976494123,25.271796376057647,-355.88148716298525,12.920912214953654,12.920912214953654,13.102234551565884,28.37571958676758,0,-355.89798011489864
36.249062265566394,25.263838663552676,-353.56151759794636,12.988509991700983,12.988509991700983,13.016187145903285,28.205825661085598,0,-353.40462525613333
36.25906476619155,25.253739681318855,-351.2416445985251,13.116364611689717,13.116364611689717,13.130814129993992,28.0381244804165,0,-351.2610320170125
36.269067266816705,25.247244243919504,-348.9218681585985,13.043851808772947,13.043851808772947,13.105647065177413,27.866461351071095,0,-349.01853044728017
36.27906976744186,25.241515117235036,-346.6021882725918,12.999302946581329,12.999302946581329,12.90960911527506,27.693906878111612,0,-346.5211046875098
36.28907226806702,25.234748530148444,-344.2826049347585,12.910998642664314,12.910998642664314,12.956706644366268,27.52237184743737,0,-344.15859831200675
36.29907476869217,25.22697577083556,-341.9631181404858,12.891827320932741,12.891827320932741,13.016462799058361,27.35180323253967,0,-342.10788940614725
36.30907726931733,25.217842133517255,-339.6437278833577,12.985409133581005,12.985409133581005,13.054849668722804,27.182549780009932,0,-339.73462676875096
36.31907976994248,25.21162836101406,-337.32443415790885,12.89337345208625,12.89337345208625,13.026496282750456,27.010168427558042,0,-337.1955411365662
36.32908227056764,25.20306084929438,-335.00523695904565,13.023816339021982,13.023816339021982,12.90624738973726,26.840122536807588,0,-335.05719058630626
36.339084771192795,25.19598438807302,-332.6861362807165,12.988416275598803,12.988416275598803,12.89403073461781,26.66844934369225,0,-332.7869068769999
36.34908727181795,25.186588288510375,-330.36713211658633,13.046128669622865,13.046128669622865,13.043543751929088,26.49903533888384,0,-330.359456154941
36.35908977244311,25.179686880774696,-328.04822446307975,13.03364196703163,13.03364196703163,12.959244761451174,26.3269928008178,0,-327.9377139734264
36.36909227306827,25.172164071096034,-325.72941331264724,13.137713460244449,13.137713460244449,12.73504653512087,26.155484355311334,0,-325.84443383128917
36.379094773693424,25.165851617122332,-323.4106986600712,12.882889739059834,12.882889739059834,13.047088468007884,25.982679217873827,0,-323.48347221209593
36.38909727431858,25.158234026408472,-321.0920804996744,12.975315677155272,12.975315677155272,12.860403978892608,25.811081884211124,0,-321.1802419984639
36.399099774943735,25.1502263182839,-318.7735588254179,12.836754539679202,12.836754539679202,13.194215244264864,25.63977025551064,0,-318.89911948206384
36.40910227556889,25.143587759731307,-316.4551336317459,12.829525375896894,12.829525375896894,13.059992142827,25.46702458132762,0,-316.50083566645253
36.41910477619405,25.135258821824795,-314.136804912155,12.940566894450503,12.940566894450503,12.9427910129567,25.295828942050836,0,-314.2813523378364
36.4291072768192,25.12659285497225,-311.81857266162785,13.002018033987099,13.002018033987099,12.97532517387477,25.124850860320677,0,-311.8155056899687
36.43910977744436,25.12071996913152,-309.5004368732072,12.816570805601367,12.816570805601367,13.082701143232912,24.951098934300006,0,-309.44297672154045
36.449112278069514,25.110358867137077,-307.1823975424807,13.056871947212523,13.056871947212523,13.01180914999553,24.78152315473727,0,-307.46417079110444
36.45911477869467,25.10463173137218,-304.8644546619357,12.921930664697566,12.921930664697566,12.996313817067215,24.60745643291735,0,-304.9698040016194
36.46911727931983,25.098451246544418,-302.5466082257875,12.893327741738663,12.893327741738663,12.836148922478241,24.433741015071927,0,-302.64611542113687
36.47911977994499,25.08996299146709,-300.2288582283095,12.954239250458759,12.954239250458759,12.843123005642536,24.262086938682497,0,-300.13451688222335
36.48912228057014,25.082232354765274,-297.9112046640207,12.92108017633176,12.92108017633176,12.924593353683994,24.08962669970753,0,-298.0233545832637
36.4991247811953,25.075128265906283,-295.59364752689515,12.807062314060373,12.807062314060373,13.073795932063687,23.91649497057978,0,-295.5216203301677
36.509127281820454,25.06699419035952,-293.27618680911246,12.978814075531469,12.978814075531469,12.805965077313216,23.744207096684125,0,-293.40392712335733
36.51912978244561,25.058160613282098,-290.9588225036737,12.994203565646501,12.994203565646501,12.955796511494091,23.57244494822705,0,-290.7576789767175
36.529132283070766,25.052904681498056,-288.6415546062515,12.851947075210406,12.851947075210406,12.884272476271317,23.39737025658936,0,-288.7079756278443
36.53913478369592,25.044026235071524,-286.3243831102238,12.895021895621658,12.895021895621658,12.985464122536298,23.22544392589698,0,-286.2995510425381
36.54913728432108,25.03658622739553,-284.0073080087511,12.917633415408508,12.917633415408508,12.911820624331645,23.052136092135527,0,-283.9466963678855
36.55913978494623,25.02675300654634,-281.69032929496115,13.123549003505866,13.123549003505866,12.830557741153692,22.880824891913278,0,-281.4772600844174
36.569142285571395,25.02115461182857,-279.373446963107,12.925015031838289,12.925015031838289,12.922971919987718,22.705712199209728,0,-279.34298022569675
36.57914478619655,25.014799953110995,-277.05666100748357,12.862069048462336,12.862069048462336,12.857646164711044,22.531179542036064,0,-277.11361415956645
36.58914728682171,25.007005122819006,-274.73997141936263,12.879934759642524,12.879934759642524,12.846732965892315,22.35779561831166,0,-274.89046081750627
36.59914978744686,24.99720812061547,-272.4233781939798,13.023963701768826,13.023963701768826,12.88381711898699,22.186007839504974,0,-272.39568400218
36.60915228807202,24.99203148878393,-270.1068813234129,12.892606671239424,12.892606671239424,12.778623447673347,22.010207894799056,0,-270.2234655756686
36.61915478869717,24.983205270425234,-267.7904808019647,12.872620760816647,12.872620760816647,12.998124504240227,21.83738611775648,0,-268.0177554267289
36.62915728932233,24.97616989604404,-265.47417662092136,12.858126592719886,12.858126592719886,12.938026307372155,21.662968001063007,0,-265.6495133102173
36.639159789947485,24.968063157003478,-263.1579687756062,12.92534354921918,12.92534354921918,12.875207580692697,21.489338243134085,0,-263.1271172830142
36.64916229057264,24.96189809625904,-260.8418572578679,12.742061498504626,12.742061498504626,13.02213969250313,21.31402293823518,0,-260.69138859410685
36.659164791197796,24.956681556526462,-258.5258420624073,12.712975799346165,12.712975799346165,12.718394945339691,21.137863114172358,0,-258.46278952018986
36.66916729182295,24.947377850920777,-256.2099231798722,12.737138548618766,12.737138548618766,12.92123611654016,20.964907479977434,0,-256.22675721645555
36.679169792448114,24.937821197005373,-253.89410060301998,12.901300379079009,12.901300379079009,12.88203001297412,20.79203105488384,0,-253.8312491905301
36.68917229307327,24.930229559754157,-251.57837432568755,12.891236727120546,12.891236727120546,12.896524549778078,20.61748320515503,0,-251.6396996826447
36.699174793698425,24.92432943961353,-249.26274434039618,12.822242599299248,12.822242599299248,12.77515580568733,20.441517019414096,0,-249.25175205429227
36.70917729432358,24.91308735644937,-246.94721064126304,13.000406323850202,13.000406323850202,12.9607602163333,20.269605995354027,0,-246.94582515363302
36.71917979494874,24.90862365012391,-244.63177321798156,12.754934957927693,12.754934957927693,12.976890070943105,20.092350256510077,0,-244.66104703847168
36.72918229557389,24.89963694508082,-242.31643206485802,12.89904136366396,12.89904136366396,12.892315074407216,19.918474392741995,0,-242.3493705372634
36.73918479619905,24.890076470852524,-240.0011871744496,12.999780847314762,12.999780847314762,12.980539220162402,19.744912592514407,0,-239.79882522469018
36.7491872968242,24.887352545903614,-237.68603853825383,12.773692435940612,12.773692435940612,12.696941798463895,19.566123418154394,0,-237.68942404104894
36.75918979744936,24.877390970854073,-235.37098614828176,12.830950026414584,12.830950026414584,12.932306100111461,19.392652091544914,0,-235.25766005821018
36.769192298074515,24.870710364349186,-233.05602999746117,12.793700383414652,12.793700383414652,12.864541411635894,19.21664583270218,0,-233.0473267812301
36.77919479869968,24.862323577232676,-230.74117007732838,12.85459062718747,12.85459062718747,12.856428834880827,19.04179055255679,0,-230.85365035212922
36.78919729932483,24.853276014995057,-228.42640638101565,12.946615475182368,12.946615475182368,12.885161371251693,18.867299817407304,0,-228.37176738557002
36.79919979994999,24.846861335194237,-226.1117388988213,12.967460736606043,12.967460736606043,12.661328031767232,18.690814726634866,0,-226.22484208210412
36.809202300575144,24.838964302886055,-223.79716762428004,12.869703579630016,12.869703579630016,12.897049651977653,18.51529123986262,0,-223.99930323088148
36.8192048012003,24.83306966314981,-221.4826925468684,12.782544594347073,12.782544594347073,12.811225681530365,18.338265472271864,0,-221.47805384291274
36.829207301825456,24.82474857133413,-219.16831365957793,12.814936328580664,12.814936328580664,12.850269751141974,18.162840563316212,0,-219.34843658401593
36.83920980245061,24.817765522930735,-216.8540309528544,12.78769999873348,12.78769999873348,12.807870689764293,17.986389680522958,0,-217.00076354825316
36.84921230307577,24.810757070721465,-214.53984441948634,12.719449839257237,12.719449839257237,12.851309265644483,17.80986421988911,0,-214.35838685977703
36.85921480370092,24.799164906937595,-212.22575405093215,12.962955214778729,12.962955214778729,12.958791708000762,17.63632091738686,0,-212.23373901831644
36.86921730432608,24.79353472191641,-209.91175983702658,12.889477607983148,12.889477607983148,12.805948477764833,17.458664151766342,0,-209.92382130329005
36.879219804951234,24.785042188035444,-207.59786176865384,12.89858331270781,12.89858331270781,12.917296666390897,17.282814457870067,0,-207.53241322805343
36.889222305576396,24.780178654325134,-205.2840598341139,12.74973813385391,12.74973813385391,12.800215767308202,17.10449294512505,0,-205.27137051875258
36.89922480620155,24.769038144950894,-202.9703540314756,12.94863017510394,12.94863017510394,12.929187259850096,16.930144962759552,0,-202.7826971152824
36.90922730682671,24.764213740323754,-200.65674434646834,12.780944878847986,12.780944878847986,12.843904291556685,16.751629149217433,0,-200.51316050784655
36.91922980745186,24.757801280560635,-198.34323077014855,12.686556599784353,12.686556599784353,12.850238777189013,16.57405022553107,0,-198.51810404838568
36.92923230807702,24.750939708379672,-196.02981329236977,12.686465075583198,12.686465075583198,12.735352228638964,16.396666208650974,0,-196.0218764431749
36.939234808702174,24.742781236467973,-193.71649190369786,12.712730237955794,12.712730237955794,12.76229074546279,16.219989081330375,0,-193.6736336475763
36.94923730932733,24.732539027655488,-191.40326659494787,12.858060359323177,12.858060359323177,12.863659295686332,16.044470357229255,0,-191.34143390597558
36.959239809952486,24.726945245359445,-189.09013735550633,12.74576834075529,12.74576834075529,12.783010054164748,15.866018562810176,0,-188.97654867385654
36.96924231057764,24.721180769015923,-186.77710417448694,12.647340747631496,12.647340747631496,12.700240835460624,15.68759497807986,0,-186.8001825432194
36.9792448112028,24.710564589023587,-184.46416704222153,12.82780623440511,12.82780623440511,12.787441706737988,15.51194445348156,0,-184.41229031846035
36.98924731182795,24.70292924426067,-182.1513259480357,12.821207342201166,12.821207342201166,12.801646835302513,15.334420592053933,0,-181.94615993557755
36.999249812453115,24.691522103704692,-179.83858088069684,13.002935749674274,13.002935749674274,13.004969538321667,15.158957060796995,0,-179.87277168628955
37.00925231307827,24.688172576209343,-177.52593182889126,12.804713753004531,12.804713753004531,12.759555379119016,14.978775075800018,0,-177.55242628733816
37.01925481370343,24.6826144078664,-175.21337878094653,12.643207743235454,12.643207743235454,12.772011702291259,14.799786470010464,0,-175.3236502467985
37.02925731432858,24.671181933495753,-172.90092172615297,12.881639283466914,12.881639283466914,12.86574186630996,14.623967945341782,0,-172.8871733366029
37.03925981495374,24.665251943606442,-170.58856065407738,12.783030196442544,12.783030196442544,12.808177753003676,14.444993899504352,0,-170.77307943609853
37.04926231557889,24.660363000441826,-168.27629555082947,12.642513474209084,12.642513474209084,12.678278983484404,14.265381314336352,0,-168.17398618761237
37.05926481620405,24.65084862652816,-165.96412640465033,12.742140558484184,12.742140558484184,12.761912779549347,14.088160436936661,0,-166.11056597532465
37.069267316829205,24.64241072892826,-163.6520532046721,12.826517319647616,12.826517319647616,12.714574453157192,13.910246279452345,0,-163.56871130503666
37.07926981745436,24.635920123461315,-161.34007593720295,12.745644427877066,12.745644427877066,12.705645800682815,13.73121142015847,0,-161.40082957141564
37.089272318079516,24.629264594497783,-159.02819458960607,12.67919020402711,12.67919020402711,12.692621844089782,13.55217382135149,0,-159.0368751637142
37.09927481870468,24.61815860232566,-156.71640914866643,12.846233110855177,12.846233110855177,12.88017739161717,13.375283801942315,0,-156.69378270346672
37.109277319329834,24.613409329523634,-154.40471960369376,12.715162544686976,12.715162544686976,12.71044395424572,13.19509133785612,0,-154.25852295430838
37.11927981995499,24.602263891221053,-152.09312593877644,12.904092927172039,12.904092927172039,12.8601364377255,13.01796054754483,0,-152.22876740811148
37.129282320580145,24.595767925395506,-149.78162813967361,12.83932625872081,12.83932625872081,12.819807033956215,12.8384384657851,0,-149.87024327794214
37.1392848212053,24.593731563697002,-147.47022619142413,12.527036426735101,12.527036426735101,12.605591753548756,12.656715003724862,0,-147.4900425258688
37.14928732183046,24.58315734064657,-145.1589200805023,12.698835279209211,12.698835279209211,12.703882426902416,12.478954339600488,0,-145.01825821347958
37.15928982245561,24.5738776775933,-142.84770979251513,12.799624036096482,12.799624036096482,12.750011696951423,12.300452923221608,0,-142.94931351022706
37.16929232308077,24.567568903672914,-140.53659531210536,12.706363568809186,12.706363568809186,12.738609628116482,12.120479293573418,0,-140.46661024293095
37.17929482370592,24.560531608057683,-138.22557662388573,12.73975624313618,12.73975624313618,12.58318290356852,11.9407453081625,0,-138.30981162597828
37.18929732433108,24.555223095417144,-135.9146537121986,12.563870823389172,12.563870823389172,12.586997716842317,11.760158268153807,0,-135.9831990542947
37.199299824956235,24.545384792178158,-133.6038265620622,12.690108571802188,12.690108571802188,12.666032505174849,11.581453134090424,0,-133.59186469353347
37.2093023255814,24.538682539181522,-131.29309515499062,12.64524068062115,12.64524068062115,12.616877611718536,11.401282814338696,0,-131.42690328528437
37.21930482620655,24.529208739668757,-128.98245947516028,12.715457161372,12.715457161372,12.753287825568504,11.22217650315848,0,-128.97021217301312
37.22930732683171,24.523388562979413,-126.67191950642624,12.632932023304228,12.632932023304228,12.647134566706345,11.041443126348076,0,-126.65489168669995
37.239309827456864,24.51496156200437,-124.36147522867688,12.67865059181307,12.67865059181307,12.675525280190481,10.861680069661972,0,-124.26041033244319
37.24931232808202,24.50475403232426,-122.05112662558633,12.815142611456999,12.815142611456999,12.78944839606339,10.682504457998643,0,-122.13576185021387
37.259314828707176,24.501774253153748,-119.74087367755853,12.49365239623951,12.49365239623951,12.73517799409647,10.500383769114679,0,-119.85962354768407
37.26931732933233,24.495206366795443,-117.43071636658988,12.517538368486544,12.517538368486544,12.528371883019519,10.319591319144942,0,-117.33724891398833
37.27931982995749,24.48051924297036,-115.12065467196786,12.852632741821854,12.852632741821854,12.917040879270536,10.141740437003545,0,-115.01200000457959
37.28932233058264,24.476560760135687,-112.81068857518137,12.67823002271781,12.67823002271781,12.715408277814522,9.959754629716079,0,-112.70993330548804
37.2993248312078,24.47023693336499,-110.50081805575563,12.61594032608286,12.61594032608286,12.644352651527283,9.778566014107211,0,-110.456467355413
37.30932733183296,24.46196922024484,-108.1910430918927,12.669301856127817,12.669301856127817,12.63358313030633,9.5979745079793,0,-108.15960630674662
37.319329832458116,24.45584092227974,-105.88136366311036,12.624225987201486,12.624225987201486,12.498778419505744,9.416532132966582,0,-105.94837596893892
37.32933233308327,24.44681717542085,-103.57177974841404,12.712387528081376,12.712387528081376,12.531815298933964,9.235981738896887,0,-103.50285998924622
37.33933483370843,24.438647337962937,-101.26229132426505,12.69009988022706,12.69009988022706,12.657668997438371,9.055024143197112,0,-101.3283344827803
37.34933733433358,24.434461318264198,-98.95289836824027,12.512595832044349,12.512595832044349,12.496386258443714,8.87266933869629,0,-98.88854534525883
37.35933983495874,24.425081921501814,-96.64360086082061,12.546169921700741,12.546169921700741,12.691941840932442,8.691894777558375,0,-96.72597961106466
37.369342335583895,24.413555807100966,-94.33439877311245,12.74495204661991,12.74495204661991,12.87909966860091,8.51164937479491,0,-94.39751743886261
37.37934483620905,24.410687904044416,-92.02529208157097,12.54430388529073,12.54430388529073,12.566394501984707,8.328640983400305,0,-92.0879148653791
37.389347336834206,24.39920759221493,-89.71628076293725,12.718457735966497,12.718457735966497,12.795949387852952,8.148119427402987,0,-89.85073307792116
37.39934983745936,24.39061427688142,-87.40736479320229,12.809256395052433,12.809256395052433,12.759164172460554,7.96661081303899,0,-87.46320813375834
37.40935233808452,24.38763080609067,-85.09854414676524,12.574601424489828,12.574601424489828,12.531809615205043,7.783421117724813,0,-85.22046236106809
37.41935483870968,24.379579587054888,-82.78981879589952,12.532426864392962,12.532426864392962,12.67966584858644,7.601566165836866,0,-82.86725241039439
37.429357339334835,24.37196287851895,-80.48118871736396,12.554541587731746,12.554541587731746,12.633765202554969,7.419484210049114,0,-80.58236050395605
37.43935983995999,24.364391270875547,-78.17265388411366,12.584546436590749,12.584546436590749,12.565321581054173,7.2372844640848655,0,-78.27416447487856
37.44936234058515,24.35610971507854,-75.86421427022368,12.645553104615162,12.645553104615162,12.541367942534295,7.055155534547947,0,-75.83962151914619
37.4593648412103,24.3505492204619,-73.55586984960557,12.402745367118564,12.402745367118564,12.716885610608054,6.872254038010599,0,-73.42625134920155
37.46936734183546,24.33788409467381,-71.24762059594022,12.777727713469934,12.777727713469934,12.722520885339637,6.69093738386316,0,-71.20544363123281
37.47936984246061,24.336168226651647,-68.9394664842204,12.469237627652483,12.469237627652483,12.452713209582102,6.506960734211021,0,-68.99038924303728
37.48937234308577,24.325761098223484,-66.63140748880087,12.618743276307415,12.618743276307415,12.570607093457687,6.324867560575058,0,-66.67578259062303
37.499374843710925,24.316670563445168,-64.32344358577645,12.695622476976153,12.695622476976153,12.636267016063961,6.142347674797515,0,-64.1970944427488
37.50937734433608,24.31095486868751,-62.01557475049852,12.611259769455451,12.611259769455451,12.518194487239379,5.95901037068059,0,-62.12661677135207
37.519379844961236,24.305597125692746,-59.70780096376965,12.384335055917683,12.384335055917683,12.631551776321166,5.775524109665748,0,-59.81768063843648
37.5293823455864,24.29733864444255,-57.400122205458935,12.45840159951471,12.45840159951471,12.578037677331583,5.592512752129535,0,-57.428999689146146
37.539384846211554,24.289880302743743,-55.09253845782758,12.498771143807616,12.498771143807616,12.47189927116008,5.409239297483035,0,-55.04136575735204
37.54938734683671,24.281083115850898,-52.78504970710402,12.597225764864328,12.597225764864328,12.45041754935107,5.226093874849546,0,-52.835462156609076
37.559389847461865,24.274631939216757,-50.47765594247288,12.50423475835333,12.50423475835333,12.4599270314003,5.0424325855024055,0,-50.378998697084945
37.56939234808702,24.268037535809608,-48.1703571578997,12.359925526136125,12.359925526136125,12.593558701100019,4.858704033104381,0,-48.19730119926088
37.57939484871218,24.25697459811653,-45.863153353287416,12.601243370320548,12.601243370320548,12.626215605465937,4.6755601881907225,0,-45.637722407065255
37.58939734933733,24.250452117939115,-43.556044534731804,12.55548810007356,12.55548810007356,12.551949448187655,4.491602967388899,0,-43.73426889897087
37.59939984996249,24.238759659462712,-41.24903071637822,12.763659654269318,12.763659654269318,12.7453232287716,4.308259863096343,0,-41.140245235833014
37.609402350587644,24.230144428818765,-38.94211191967841,12.813125913206042,12.813125913206042,12.79453315810097,4.124350570598123,0,-38.92241832665681
37.6194048512128,24.23050688959578,-36.635288179510006,12.408842841262752,12.408842841262752,12.404589610315604,3.939228656894002,0,-36.787362478128394
37.62940735183796,24.219571525004323,-34.328559541667225,12.688787231848025,12.688787231848025,12.34086320230334,3.755404639595051,0,-34.35353329794585
37.63940985246312,24.21410812035146,-32.0219260646201,12.479484631013657,12.479484631013657,12.434844585434876,3.5708410964474506,0,-32.01344700763391
37.64941235308827,24.204185845496202,-29.71538782206631,12.578600294138607,12.578600294138607,12.580824078057416,3.386641479901125,0,-29.836037194939166
37.65941485371343,24.198282450570424,-27.408944902735914,12.534591562063467,12.534591562063467,12.410218468551438,3.2019326784766324,0,-27.357666779805722
37.669417354338584,24.19318689368607,-25.102597408678115,12.356949490508295,12.356949490508295,12.385710396406626,3.0170740455531275,0,-25.012000651154054
37.67941985496374,24.185939258666735,-22.796345454389613,12.315814694226617,12.315814694226617,12.411008358833545,2.832308230388583,0,-22.687797636946502
37.689422355588896,24.17862420265181,-20.490189162491,12.348313457684727,12.348313457684727,12.299149386277266,2.647443932211569,0,-20.563222593631235
37.69942485621405,24.16882388196765,-18.184128655185926,12.448337770593637,12.448337770593637,12.425030955280874,2.4626258306286894,0,-18.15218681265217
37.70942735683921,24.159714935655856,-15.878164045321464,12.529506940865893,12.529506940865893,12.48491527658119,2.2776289366953573,0,-15.792239541052155
37.71942985746436,24.15335975380998,-13.572295424825237,12.430374102786931,12.430374102786931,12.492348317964762,2.092375660147998,0,-13.538985381337985
37.72943235808952,24.14506954592061,-11.2665228626309,12.46167584086496,12.46167584086496,12.529167468672576,1.907105295484846,0,-11.375817483152144
37.73943485871468,24.1380337996323,-8.960846464242184,12.413836447769219,12.413836447769219,12.536102466025273,1.7216778993304818,0,-9.052194186180815
37.74943735933984,24.127247101865514,-6.655266555606212,12.586837300512572,12.586837300512572,12.664002467637681,1.5362335010486183,0,-6.798289775074883
37.75943985996499,24.122368616206206,-4.349784792228974,12.4691885131816,12.4691885131816,12.486971554767896,1.3505452458102358,0,-4.470280636022275
37.76944236059015,24.11551742946704,-2.0444091627425856,12.407790339609777,12.407790339609777,12.493362625547457,1.164803903710368,0,-2.03934886839043
37.7794448612153,24.109100583926104,0.2608260314392859,12.269485539944203,12.269485539944203,12.588462121554212,0.9789686967644066,0,0.3499648807189889
37.78944736184046,24.096690824827263,2.565809436518748,12.620484147003957,12.620484147003957,12.604049924378003,0.7930033803872651,0,2.5393470570249814
37.799449862465615,24.09414920483519,4.870525424854071,12.306521418172954,12.306521418172954,12.469510532280069,0.6070290199740183,0,4.609096660077621
37.80945236309077,24.085230612416552,7.17939094574991,12.446670300794747,12.446670300794747,12.379051076097772,0.42052720095846735,0,7.266389774867324
37.819454863715926,24.078089022576705,9.552464670115242,12.283968850644367,12.283968850644367,12.563448449253734,0.22875975326397507,0,9.537124284487854
37.82945736434108,24.067112357512258,12.382322964192525,12.400909718467416,12.400909718467416,12.306928902079564,-0.00017133276384634808,0,12.49545814619565
37.839459864966244,24.069333034153185,12.568505717815414,12.564499840235797,12.564499840235797,12.621130064056874,-0.01511641725858001,0,12.48106801598126
37.8494623655914,24.082566528424703,12.320859859453359,12.408775384824336,12.408775384824336,12.355858027007166,0.0054319360643297334,0,12.261482447632229
37.859464866216555,24.08983695576046,12.52631294305847,12.313120830203065,12.313120830203065,12.41180502058803,-0.010847537325598976,0,12.429966024235648
37.86946736684171,24.095390858914183,12.47996849574612,12.463329977939027,12.463329977939027,12.485301052916617,-0.006875501534144517,0,12.47817643313748
37.87946986746687,24.10264994594508,12.482938173675207,12.510178685861536,12.510178685861536,12.460420260365291,-0.006811776466394227,0,12.405426410114941
37.88947236809202,24.111747719089827,12.45436162991507,12.414958830047489,12.414958830047489,12.475416086015441,-0.00412791684056432,0,12.363873854090643
37.89947486871718,24.119341008738456,12.416332021213051,12.477414627540178,12.477414627540178,12.41018421158855,-0.0007466389937102216,0,12.428965885356162
37.90947736934233,24.127935510454538,12.396076022590856,12.390024115956592,12.390024115956592,12.476687206251261,0.0012418684775134983,0,12.36531991603731
37.91947986996749,24.134658947061475,12.464925139431896,12.484506049338512,12.484506049338512,12.370995619847479,-0.00402556026199682,0,12.438794861931914
37.929482370592645,24.141611412837623,12.459920276974545,12.489668626982997,12.489668626982997,12.483439231998767,-0.0033333982651258297,0,12.432573142069169
37.9394848712178,24.151465702320476,12.433781767057946,12.370789330096716,12.370789330096716,12.429823420083796,-0.0008200766398318667,0,12.315717136578797
37.94948737184296,24.158254755539158,12.328694908485716,12.539891934433877,12.539891934433877,12.338973272799846,0.007917453283709073,0,12.286941230593783
37.95948987246812,24.1672062999153,12.450185687316655,12.35806239212191,12.35806239212191,12.399031057284583,-0.0014877464851369025,0,12.408253903024404
37.969492373093274,24.17294017464704,12.461507800111413,12.46474848945122,12.46474848945122,12.474877430224831,-0.0021607213848289695,0,12.474733028860578
37.97949487371843,24.181413460447956,12.347574187337464,12.491965226616093,12.491965226616093,12.424003299102115,0.007349828435571942,0,12.462305011448484
37.989497374343586,24.188178993587872,12.481121780582662,12.475834205822963,12.475834205822963,12.468503668959054,-0.0031057215131713644,0,12.515051748381152
37.99949987496874,24.19590581067541,12.431109201470681,12.49271992584203,12.49271992584203,12.486331805015197,0.0012328334905007596,0,12.417356892573057
38.0095023755939,24.20415570720172,12.611254776989036,12.33856008423792,12.33856008423792,12.537630548455834,-0.012895454112951918,0,12.69897221912535
38.01950487621905,24.212164160024187,12.502761901064359,12.445569259426948,12.445569259426948,12.391440675322329,-0.0038495103134486785,0,12.365448337000796
38.02950737684421,24.218689254439944,12.453176309594667,12.489986358273608,12.489986358273608,12.534029026867902,0.00040111619938835725,0,12.399786222087098
38.039509877469364,24.227458488625043,12.420426831148188,12.42264355253296,12.42264355253296,12.546675103332579,0.0033907282892068308,0,12.329513654569205
38.04951237809452,24.234975709634792,12.487980894855411,12.424160493091112,12.424160493091112,12.50909789133115,-0.0017189680923660922,0,12.402307994030531
38.05951487871968,24.2421603160585,12.460711518737341,12.467975237262507,12.467975237262507,12.531636945912872,0.0007646646747413008,0,12.740991952525942
38.06951737934484,24.25113646153792,12.510427423186066,12.411911811102952,12.411911811102952,12.408213096981887,-0.002850771519323981,0,12.388582408024055
38.07951987996999,24.258108022299567,12.438981563662416,12.444138790903574,12.444138790903574,12.530053728914327,0.0031629780224119385,0,12.305644283944119
38.08952238059515,24.262555756830665,12.659687471997898,12.66183578188082,12.66183578188082,12.367375999278948,-0.014338006771414185,0,12.690472982316107
38.099524881220304,24.271613394355516,12.589794391455742,12.579318100616977,12.579318100616977,12.404236104604301,-0.00836149205811125,0,12.62318623773266
38.10952738184546,24.279327894804172,12.545121525898846,12.521925933191742,12.521925933191742,12.567091304579106,-0.0044642237220405565,0,12.480263312199066
38.119529882470616,24.285987501685963,12.550075629266797,12.623346786828954,12.623346786828954,12.520925906444427,-0.0045853404808414416,0,12.636077903717448
38.12953238309577,24.295142837471523,12.473663807668725,12.523814130481327,12.523814130481327,12.583669661753692,0.0019073934108362876,0,12.417424582356746
38.13953488372093,24.302038821626198,12.552127657171619,12.556421546543227,12.556421546543227,12.566155989525367,-0.004085967627829986,0,12.684977070547848
38.14953738434608,24.31246238168026,12.463985549473296,12.394503131701917,12.394503131701917,12.575161990055829,0.0033922715111864873,0,12.544009508416513
38.159539884971245,24.318253023617107,12.531166641818704,12.502620056045146,12.502620056045146,12.583708493078118,-0.0017408704497539219,0,12.43470108400849
38.1695423855964,24.326672838271207,12.500979762283084,12.49901298297286,12.49901298297286,12.51869144833112,0.0010181491138371937,0,12.496788550462968
38.17954488622156,24.33395606122892,12.568749401368578,12.497170129103306,12.497170129103306,12.52267515361704,-0.004096858512473288,0,12.516934677184036
38.18954738684671,24.34133119150157,12.528654877381616,12.537832311082003,12.537832311082003,12.535722593274455,-0.0005905137239704395,0,12.698210069880204
38.19954988747187,24.348464163921882,12.530474209564751,12.598380833200064,12.598380833200064,12.503401450095579,-0.00044264391377771446,0,12.632498461825675
38.20955238809702,24.355723580813663,12.583280684920087,12.571937500967655,12.571937500967655,12.575110678659271,-0.004359306769051575,0,12.624342465936303
38.21955488872218,24.36342932555499,12.60680290394383,12.54947804380738,12.54947804380738,12.601184790738483,-0.00591852311860593,0,12.689386810244882
38.229557389347335,24.372020121155884,12.571027677169138,12.534316141919286,12.534316141919286,12.539195571888188,-0.0027103901495461697,0,12.738963151494561
38.23955988997249,24.37985848925599,12.686435356260526,12.492707118480446,12.492707118480446,12.491779147962022,-0.011590380782521777,0,12.628553640246821
38.249562390597646,24.38766597918413,12.456138937832094,12.606832197775809,12.606832197775809,12.483227272242635,0.007090956723211813,0,12.482123867559295
38.2595648912228,24.3933975554607,12.434330412216834,12.676421952278648,12.676421952278648,12.666642844619338,0.009062256850796365,0,12.44820155882758
38.269567391847964,24.40275757711603,12.520430067380724,12.564537549903559,12.564537549903559,12.560829504585186,0.0025833771420579383,0,12.317906507119373
38.27956989247312,24.408917835245003,12.552742616452878,12.656800280305145,12.656800280305145,12.580466011071595,0.0002616334285570627,0,12.431987931923858
38.289572393098275,24.418148212102285,12.625755365734397,12.47500058958715,12.47500058958715,12.647008194125753,-0.005173210424809323,0,12.703805399856687
38.29957489372343,24.42205655065757,12.502240958748349,12.7779858474596,12.7779858474596,12.738811854402746,0.004819419142963531,0,12.556905013507377
38.30957739434859,24.431538526305765,12.655261526890712,12.629715063534674,12.629715063534674,12.62053828220976,-0.006970084253450789,0,12.660855648373111
38.31957989497374,24.440718786063304,12.621067769956033,12.527481128503458,12.527481128503458,12.642663091996898,-0.0038721021079459058,0,12.531943509087728
38.3295823955989,24.449341885330753,12.536067828514415,12.516072431993454,12.516072431993454,12.617516526261056,0.003240415511808288,0,12.55760362047736
38.33958489622405,24.455069517932905,12.57656185964141,12.653732772725446,12.653732772725446,12.603053667111759,0.00025488632471184336,0,12.469738204121153
38.34958739684921,24.462057244900326,12.653664170553787,12.656242565506505,12.656242565506505,12.633264108819283,-0.005586852376642609,0,12.660625533176786
38.359589897474365,24.469649186556612,12.63736681863221,12.683197944420145,12.683197944420145,12.617347649876981,-0.003980110549272242,0,12.539885808532105
38.36959239809952,24.477129798243123,12.611962165088245,12.691874282389435,12.691874282389435,12.663792314637464,-0.001655612852587676,0,12.426030660221466
38.37959489872468,24.48583984125737,12.672497740836848,12.641689150652805,12.641689150652805,12.557605936238307,-0.006105396747616168,0,12.681191900270237
38.38959739934984,24.493688681340824,12.586307550713627,12.678302748724482,12.678302748724482,12.55371977968583,0.0010576929873883877,0,12.538084799523686
38.399599899974994,24.50042559892346,12.672665866186705,12.659212618372441,12.659212618372441,12.655478806997857,-0.005519775336043108,0,12.711766684485768
38.40960240060015,24.506758037223143,12.77396158135203,12.778995922783208,12.778995922783208,12.525221383524544,-0.013295241925933858,0,12.664199652196178
38.419604901225306,24.51786766015969,12.556650793745764,12.540384218208583,12.540384218208583,12.713776111312832,0.004394285776042151,0,12.61078910762153
38.42960740185046,24.523624957624023,12.656281616756807,12.656483688922972,12.656483688922972,12.67882319498167,-0.0032697656031590574,0,12.490743201819235
38.43960990247562,24.533376929521996,12.565747238022325,12.573818370989912,12.573818370989912,12.632355914976303,0.004302884968092682,0,12.66290235424538
38.44961240310077,24.539561719602418,12.596746493133756,12.60331009352385,12.60331009352385,12.77510918086549,0.002098103362183007,0,12.604258546759159
38.45961490372593,24.547211796622296,12.615744063162236,12.690501822818101,12.690501822818101,12.594672348867393,0.0009045971501318118,0,12.595957039229564
38.469617404351084,24.5554494569148,12.695011385435025,12.545363987860469,12.545363987860469,12.730482947782397,-0.005035651112306046,0,12.520802199559977
38.479619904976246,24.560145521976455,12.761032694312819,12.758925259073775,12.758925259073775,12.693378181346839,-0.010069241468719278,0,12.755205854934033
38.4896224056014,24.56846880017789,12.713406835443912,12.73835344323046,12.73835344323046,12.694096654471549,-0.005958616677162283,0,12.715786267096734
38.49962490622656,24.578263188541197,12.73281708405198,12.566227521473866,12.566227521473866,12.710221058419146,-0.007092983809251893,0,12.641337105853635
38.50962740685171,24.5831581184951,12.741463744243703,12.754685472616956,12.754685472616956,12.75085733180225,-0.007576219435147999,0,12.627947506345713
38.51962990747687,24.594136946454242,12.711819009248202,12.574933337891963,12.574933337891963,12.653617872011601,-0.004783221618241235,0,12.593521511753812
38.529632408102024,24.601410633335608,12.675430453501999,12.655509025277082,12.655509025277082,12.598231930457313,-0.0016107274848129183,0,12.607934179130096
38.53963490872718,24.609635056139407,12.635449914291693,12.627678802507836,12.627678802507836,12.620639569824833,0.0018822068125223079,0,12.518962923828077
38.549637409352336,24.61523489068169,12.602946817784805,12.810606928324269,12.810606928324269,12.607730598230626,0.004676220942811483,0,12.593701256633015
38.55963990997749,24.623610254267483,12.565616834408981,12.724073259698823,12.724073259698823,12.722242510869297,0.007961916475771292,0,12.45423426784495
38.56964241060265,24.63190318912622,12.610653543278149,12.744158795404699,12.744158795404699,12.553513027752317,0.0047415215989097745,0,12.536395204403112
38.5796449112278,24.63875700594631,12.683426242002781,12.681926641503505,12.681926641503505,12.737544939071004,-0.0007233972274979764,0,12.75944719727579
38.589647411852965,24.645212145050483,12.737613144438575,12.74346610680734,12.74346610680734,12.752423655213022,-0.004735516458581025,0,12.775463842581608
38.59964991247812,24.65358226816406,12.747923427668358,12.7145660166877,12.7145660166877,12.704791250099088,-0.0052073923305259815,0,12.660678237129051
38.60965241310328,24.66016827342561,12.731521304806448,12.80644782884032,12.80644782884032,12.70993391297602,-0.003645925774764938,0,12.835990772205298
38.61965491372843,24.669529970546225,12.666525440267822,12.765523934631146,12.765523934631146,12.612924512098726,0.0018567242553978887,0,12.775809041496355
38.62965741435359,24.674574394397673,12.817190023314387,12.794235182147997,12.794235182147997,12.808569240862122,-0.009809409761509572,0,12.809955459887597
38.63965991497874,24.68390245787644,12.726344380484433,12.726384535262168,12.726384535262168,12.796299085304382,-0.0022731826088300783,0,12.628505797471862
38.6496624156039,24.69040901287149,12.85757546667705,12.859873779993828,12.859873779993828,12.582490564152605,-0.01234154096798647,0,12.754960955156276
38.659664916229055,24.701944933357954,12.619363117907747,12.679234320814297,12.679234320814297,12.611985571628871,0.006878123670166989,0,12.540417644720138
38.66966741685421,24.706918730705777,12.746449845121074,12.817984691942627,12.817984691942627,12.621712748979533,-0.0029214394962123083,0,12.693653290297869
38.679669917479366,24.71593106845461,12.691189299759719,12.723660814629653,12.723660814629653,12.674151859491415,0.0017907101941306099,0,12.67240362529792
38.68967241810453,24.722514209924704,12.79637318486267,12.735794098803142,12.735794098803142,12.717600638171763,-0.0062143866171448315,0,12.873923525210705
38.699674918729684,24.72947018817891,12.786268684608213,12.775085071278454,12.775085071278454,12.766101511281693,-0.005137034224056516,0,12.71426790946377
38.70967741935484,24.73482620173143,12.834522911389291,12.896093431439787,12.896093431439787,12.832798091928899,-0.008711859798483943,0,12.781575632137635
38.719679919979995,24.744420507558516,12.792686470126142,12.802602198216777,12.802602198216777,12.78283496457348,-0.005033942513572276,0,12.901841764505564
38.72968242060515,24.75338983879496,12.767522005626441,12.779294699347698,12.779294699347698,12.66957669209325,-0.002693487258797653,0,12.736122109746876
38.73968492123031,24.761460933926124,12.730433963321055,12.717361527063712,12.717361527063712,12.780226923052279,0.0005450934121378262,0,12.798057328759763
38.74968742185546,24.76914317093332,12.717272928208972,12.758183868251628,12.758183868251628,12.71976249536554,0.001888018417607299,0,12.592281878463599
38.75968992248062,24.776270567205824,12.737284346157413,12.767304809624415,12.767304809624415,12.772752154552691,0.0006050062391411594,0,12.868770608868209
38.769692423105774,24.784632090784378,12.89539788261441,12.689461055724157,12.689461055724157,12.676445973845267,-0.011459576723902276,0,13.111245608032162
38.77969492373093,24.790965515241794,12.77998783305463,12.798058194244787,12.798058194244787,12.784994165042775,-0.0021512204590669365,0,12.692443216259814
38.789697424356085,24.799588909812144,12.756657337275488,12.755856082415606,12.755856082415606,12.759563252422499,2.60910029978214e-05,0,12.57867975971581
38.79969992498125,24.807741863197492,12.739165640049677,12.775356528084151,12.775356528084151,12.675448286661966,0.001725423425354814,0,12.531321349335888
38.8097024256064,24.815804126895276,12.734273041536344,12.724681930115636,12.724681930115636,12.732687739520008,0.002433019451631759,0,12.647779712486665
38.81970492623156,24.82269221984387,12.707450314360827,12.70193489820104,12.70193489820104,12.93212107692659,0.0048104696971975995,0,12.629228788470503
38.829707426856714,24.830001953776243,12.81796713737147,12.7687342397965,12.7687342397965,12.751874857884266,-0.003549180601675099,0,12.637197185232875
38.83970992748187,24.837761385309708,12.743118466858679,12.772256255713113,12.772256255713113,12.816090766363306,0.0026225827974561775,0,12.813587216327594
38.849712428107026,24.8459376053881,12.807014672923316,12.713019170805122,12.713019170805122,12.804555742087281,-0.0020485811235311136,0,12.948836685708997
38.85971492873218,24.849694919642708,12.903304517417325,12.932442178509008,12.932442178509008,12.86614139114314,-0.009429856703445837,0,12.835636268328315
38.86971742935734,24.863640345470067,12.662467491472613,12.676912805455931,12.676912805455931,12.686539942637168,0.009966502837242461,0,12.766469908384035
38.87971992998249,24.867800790687397,12.913654520025068,12.766946868377774,12.766946868377774,12.791528803621762,-0.009504000704792709,0,12.805976398076764
38.88972243060765,24.874899319651853,12.740077877193988,12.871345158016902,12.871345158016902,12.851839981104332,0.00434928097583357,0,12.74210391209363
38.899724931232804,24.88344243942962,12.826542984837992,12.836648255440009,12.836648255440009,12.713605667439504,-0.002063907484684002,0,13.043853720889295
38.90972743185797,24.889934244394137,12.852973186044371,12.90579847433773,12.90579847433773,12.735410327780988,-0.0038668494794355805,0,12.759598174263344
38.91972993248312,24.896686032077188,12.845705061849744,12.923609236661363,12.923609236661363,12.854586699577062,-0.0030270939699209324,0,12.8253674107296
38.92973243310828,24.90654152491428,12.755620986942441,12.846177726998723,12.846177726998723,12.781507159171674,0.004401025577498497,0,12.656242482955285
38.93973493373343,24.912513861629133,12.868099596567175,12.88499569776574,12.88499569776574,12.855831957091421,-0.004137348589947527,0,13.005471845885282
38.94973743435859,24.921344082793624,12.831696104660502,12.827942781147266,12.827942781147266,12.842096771448015,-0.000941889192991023,0,12.915886043476963
38.959739934983745,24.927832173166667,12.868419325483842,12.889038561910983,12.889038561910983,12.870252828513312,-0.003545233895992514,0,12.905430579631997
38.9697424356089,24.937140916208886,12.835170534778582,12.799714176696282,12.799714176696282,12.846115641414757,-0.0005786791456634633,0,12.696128937629066
38.979744936234056,24.943785043278474,12.897617452082809,12.792081165823237,12.792081165823237,12.962595485082781,-0.005178976781044552,0,12.998460081193146
38.98974743685921,24.952875859093734,12.85983052723696,12.773774202048326,12.773774202048326,12.83365406764504,-0.0018689102658251495,0,12.96226245210531
38.99974993748437,24.95761187318297,12.732966629925691,12.979103488369898,12.979103488369898,12.999727865826365,0.008202898003530574,0,12.679989856308127
39.00975243810953,24.966580337090996,12.884401950211858,12.87373544923232,12.87373544923232,12.874025558068123,-0.003232202930129395,0,12.840614253721677
39.019754938734685,24.97335921246915,12.895815342966932,12.926149559402427,12.926149559402427,12.901218095457885,-0.0038483334757217222,0,12.83300742846076
39.02975743935984,24.983950839976863,12.844885141542779,12.778389683524185,12.778389683524185,12.819189380990052,0.0005401117262888459,0,12.709072102313414
39.039759939985,24.991073213887898,12.827211792592763,12.78243260423285,12.78243260423285,12.920678216800479,0.00219972502249368,0,12.67299680953227
39.04976244061015,24.996057063237107,12.948121231513142,12.930006025047621,12.930006025047621,12.917297836594898,-0.007004729201148942,0,12.9776486670737
39.05976494123531,25.00493378433283,12.838696389941925,12.899197833818587,12.899197833818587,12.91708371788144,0.0018599530271449223,0,12.813982553214725
39.06976744186046,25.01168644056881,12.956262490424574,12.896837454581823,12.896837454581823,12.951586685426763,-0.007008237578584493,0,12.905349031318883
39.07976994248562,25.019822474340014,12.897014496999681,12.95665811810682,12.95665811810682,12.831028612970844,-0.0020773012230870798,0,12.968054895820849
39.089772443110775,25.029481149485214,12.864973429063172,12.818023534831566,12.818023534831566,12.851781127204925,0.0007979711312081112,0,13.011045692575399
39.09977494373593,25.03387822692292,12.902479732222401,13.012129533460104,13.012129533460104,12.926738086450428,-0.0019390672143330529,0,12.741245490523932
39.109777444361086,25.040672166043155,12.995505599431873,13.005665443603725,13.005665443603725,12.987782062929405,-0.008889167102880496,0,12.838761302118735
39.11977994498625,25.05201713688923,12.920572218104388,12.793776907736921,12.793776907736921,12.94497752779996,-0.0026175638770876983,0,12.89639115683706
39.129782445611404,25.05817440884319,12.86929158982468,12.978747537762423,12.978747537762423,12.862957199641116,0.001607122592689613,0,12.806455885411513
39.13978494623656,25.062383000473783,13.076815270209183,13.07017210368482,13.07017210368482,13.001518408356935,-0.014322097176716446,0,13.152389440437581
39.149787446861716,25.07496723144542,12.865854224260234,12.848045360983104,12.848045360983104,12.929318970806362,0.0025422413874016713,0,13.006494790976204
39.15978994748687,25.081834327210515,12.888627918811398,12.892307123832143,12.892307123832143,12.948175020982248,0.001050228332485844,0,12.767476735153107
39.16979244811203,25.088677007911954,12.937182674611899,12.946570179930472,12.946570179930472,12.924903656976188,-0.0024395910359991044,0,12.8954222718117
39.17979494873718,25.09609666624507,12.9679735206799,12.945222541635921,12.945222541635921,12.944068469738486,-0.004528347952592667,0,13.065565803753714
39.18979744936234,25.104383050122877,12.822883266915394,13.006003078317828,13.006003078317828,12.884843324871328,0.007038531036056765,0,12.815129013799288
39.199799949987494,25.111056095658252,13.06166076400586,12.840584629432081,12.840584629432081,13.136146964041908,-0.011182820368024794,0,13.115216326225605
39.20980245061265,25.120790631562635,12.88301110418195,12.892186570302071,12.892186570302071,12.911608949774172,0.003034022541358989,0,12.774773665201895
39.21980495123781,25.12271280276927,13.105188939960234,13.09668601265893,13.09668601265893,13.152304431855137,-0.014081858885654618,0,13.067841641703119
39.22980745186297,25.135284396862502,12.99988871265565,12.910615242320377,12.910615242320377,12.904199783899754,-0.005430583493104328,0,12.874660919146047
39.23980995248812,25.143420485472838,12.886389793670237,12.894076178523596,12.894076178523596,12.990553163109094,0.003670094394325253,0,12.945300747946867
39.24981245311328,25.150068594611792,12.843823526400204,12.984236168232117,12.984236168232117,13.015765084315824,0.007223664564028948,0,12.858772890197683
39.259814953738434,25.15475705628303,13.084051812889355,13.054865315946548,13.054865315946548,13.091189770443806,-0.011156524682228244,0,13.016594198900096
39.26981745436359,25.165939896740603,13.0176154483925,12.918015470469388,12.918015470469388,12.914070124960784,-0.005575175634612006,0,13.074305513940756
39.279819954988746,25.17109491687797,12.844503948873433,13.094621644770431,13.094621644770431,13.120890396472035,0.008000416387647254,0,13.003157140441841
39.2898224556139,25.17943832485751,12.994554320568565,13.021808476059226,13.021808476059226,13.02512513752651,-0.0032556434845829965,0,13.061883953402765
39.29982495623906,25.187090474170837,12.964429031976296,13.0563570131818,13.0563570131818,12.998498709897495,-0.0006257000588156186,0,12.973051024113525
39.30982745686421,25.196099384897835,12.972783974464662,12.964073694296907,12.964073694296907,12.983536801861325,-0.0009125484508626701,0,13.016713728840655
39.31982995748937,25.203028650877986,12.993631773415993,13.028178895179996,13.028178895179996,12.955246143556218,-0.002245425239427926,0,13.103472126827171
39.32983245811453,25.211146201913756,12.834478114084236,13.141869761817457,13.141869761817457,12.829542005929879,0.010349420293877466,0,12.84576614686289
39.33983495873969,25.21880618670722,12.943586512126622,12.977941061230444,12.977941061230444,13.059445415583845,0.0022393608450360235,0,13.052329002518615
39.34983745936484,25.226157509673953,12.999938273118769,13.000358806314253,13.000358806314253,13.015709679815485,-0.0018125032816194379,0,12.965811513315794
39.35983995999,25.23466513931061,12.909320994992981,12.9684493351287,12.9684493351287,13.054148630271403,0.005506121213703078,0,13.005028602015084
39.36984246061515,25.24103968552224,13.030004765179969,13.046103782993784,13.046103782993784,12.982117652671182,-0.0035374762331537015,0,13.072901629459855
39.37984496124031,25.24928507533471,12.980618685846327,13.006518766550087,13.006518766550087,13.034006852583916,0.0005925850971544702,0,12.911166014106831
39.389847461865465,25.254920539146557,13.055772662851213,13.105395218055182,13.105395218055182,13.075917866699283,-0.004969388727304412,0,13.00103886047963
39.39984996249062,25.26555445740381,13.011301927369255,12.976829949932448,12.976829949932448,12.942564105556594,-0.001124712677488757,0,13.05313109580815
39.409852463115776,25.26884402346856,13.154190449936012,13.142064040566913,13.142064040566913,13.135903251506642,-0.01198718116767541,0,13.163958107487218
39.41985496374093,25.278839836495955,13.000999732567916,13.066219775584178,13.066219775584178,13.101536517832185,0.0001936938726458301,0,12.96118847535519
39.42985746436609,25.28695286590868,13.015759241716268,13.07203905916963,13.07203905916963,13.018307808686664,-0.0006202052129772607,0,12.901869986523405
39.43985996499125,25.294375277787164,13.06558672173934,13.095683835634079,13.095683835634079,12.967946045577369,-0.004156074546993562,0,13.185024263847533
39.449862465616405,25.300783385352464,13.08652505956448,13.118215500191138,13.118215500191138,13.100845598427677,-0.005510553895402429,0,13.186029740944662
39.45986496624156,25.30756475929774,13.150323186180549,13.130234925005501,13.130234925005501,13.155912748334305,-0.010141770536928177,0,13.06124875741528
39.46986746686672,25.316875208486177,13.008658590705174,13.115760718938288,13.115760718938288,13.090066911707902,0.001107676517120673,0,12.955277268728143
39.47986996749187,25.32280979688634,13.102088360252488,13.16275011308426,13.16275011308426,13.17257106632672,-0.005830710597631072,0,13.098989555897246
39.48987246811703,25.332488323831903,13.121759386007618,13.064561352013024,13.064561352013024,13.05760079897114,-0.006955965806214683,0,13.177281184674728
39.49987496874218,25.343086169628574,13.01501527293641,12.933548330602653,12.933548330602653,12.996797375284046,0.001653171944401901,0,12.925768043425377
39.50987746936734,25.348492706561572,13.036669218965741,13.06305705980042,13.06305705980042,13.065244296386592,0.00020544593923016018,0,13.032694123510778
39.519879969992495,25.35657984720415,13.124660631134125,12.979826333961997,12.979826333961997,13.090736832706144,-0.00622167582028961,0,13.298182760514823
39.52988247061765,25.363413576432848,13.071318384565009,13.060606839222746,13.060606839222746,13.117543433625745,-0.0018621059432400156,0,13.055697389696077
39.53988497124281,25.37170830789518,12.938779076697731,13.139030355988613,13.139030355988613,13.009108597976793,0.008620695939765596,0,12.908235404186192
39.54988747186797,25.380372897448233,13.05651139451991,13.005419442899974,13.005419442899974,13.018989633098426,-5.851976661172331e-05,0,13.051535931584327
39.559889972493124,25.386707711306773,13.073146412822654,13.098685636057446,13.098685636057446,13.025678869043674,-0.0010828074098094137,0,12.880245467678446
39.56989247311828,25.39408721063322,13.13884739195657,13.095300020069429,13.095300020069429,13.019900061231377,-0.005821517351820968,0,13.154488931969462
39.579894973743436,25.402203488940398,13.09231660696999,13.064674235924768,13.064674235924768,13.070311552998003,-0.0019392016535380527,0,13.2031285201807
39.58989747436859,25.409038241988917,13.042087450537336,13.141962893308255,13.141962893308255,13.100820207326562,0.002173251801915163,0,13.025024941542762
39.59989997499375,25.417931113987095,13.07150527936865,13.064392475694605,13.064392475694605,13.0526750269468,0.0002724395964165856,0,13.220628138212902
39.6099024756189,25.424697737122727,13.002891542286129,13.128801923665154,13.128801923665154,13.13753740218821,0.005784791639970629,0,12.74464968003624
39.61990497624406,25.433854270857182,13.105601841989845,13.025891959479061,13.025891959479061,13.027224813522215,-0.0017077911003385623,0,13.011577747930994
39.629907476869214,25.440440949885534,13.133309275189472,13.0510075143827,13.0510075143827,13.121337126268433,-0.003565672515719915,0,13.284660334340657
39.63990997749437,25.448329260654955,13.062642662031907,13.08323013394623,13.08323013394623,13.104360048643452,0.00214363485736821,0,12.933212408053084
39.64991247811953,25.45459214688489,13.243927936004601,13.03299439360109,13.03299439360109,13.24415784064806,-0.011455841013887209,0,13.242960328869273
39.65991497874469,25.463066309499037,13.223065614400282,12.997479625584647,12.997479625584647,13.224960933432213,-0.009526474225322221,0,13.170822659004807
39.66991747936984,25.471662670712124,13.040901369872609,13.113009257713584,13.113009257713584,13.046648091010912,0.004717022568688484,0,13.012718720317784
39.679919979995,25.47629285404445,13.02870984512837,13.254998612941804,13.254998612941804,13.240370455928598,0.005828199415258446,0,12.999183686417974
39.689922480620154,25.485862776545826,13.119029379210573,13.126314023053732,13.126314023053732,13.131964231695006,-0.0006878455241336399,0,12.994293391620092
39.69992498124531,25.495212516959622,13.052949227697985,13.060253321923037,13.060253321923037,13.087732544356404,0.004717717816030289,0,12.91671200798939
39.709927481870466,25.50149655660017,13.11632523367921,13.153046377005412,13.153046377005412,13.056186698552166,0.00013176882855964902,0,13.048697289117875
39.71992998249562,25.505726056554632,13.261430167966493,13.252841030665309,13.252841030665309,13.237090706752168,-0.010762061403921108,0,13.319186596969258
39.72993248312078,25.516843112156128,13.089986639906407,13.117187883160549,13.117187883160549,13.172298177393882,0.002739723086856613,0,13.086075515580326
39.73993498374593,25.52362027833943,13.146777104905683,13.160878469498385,13.160878469498385,13.171567249262901,-0.0013209103265743765,0,13.034619392382927
39.749937484371095,25.533619625530672,13.327502709506472,12.993663217854275,12.993663217854275,12.985381865537137,-0.014688306916537238,0,13.300962179125076
39.75993998499625,25.53746926563043,13.18074151942314,13.239151330208998,13.239151330208998,13.223726079021459,-0.003363381360726963,0,13.216206306191603
39.76994248562141,25.543411617052353,13.361302893817676,13.25360917861216,13.25360917861216,13.282900131267057,-0.016871716863440012,0,13.39444768595375
39.77994498624656,25.553413941447413,13.15912770773302,13.201810421997877,13.201810421997877,13.248322844771895,-0.001093017255916675,0,13.397246918377338
39.78994748687172,25.562202539511947,13.19591444561305,13.168942350111305,13.168942350111305,13.118981541509282,-0.003546452721345138,0,13.246307322206187
39.79994998749687,25.569406708735627,13.115814270256811,13.209561813128216,13.209561813128216,13.197213175631147,0.0028261808410164108,0,12.985854959918825
39.80995248812203,25.577721570013832,13.140114448236721,13.175731069409808,13.175731069409808,13.153338132397987,0.0013034422378233657,0,13.147049425698915
39.819954988747185,25.584044132644586,13.098051199114426,13.267430480535952,13.267430480535952,13.22360250233313,0.0047464193282560135,0,13.12380489365368
39.82995748937234,25.591168715917604,13.212589569994744,13.263318446839891,13.263318446839891,13.208585151428183,-0.003677261058173196,0,13.118644220653088
39.839959989997496,25.597984643695863,13.413262987097417,13.306291964881355,13.306291964881355,13.059556439585949,-0.018649851145179475,0,13.391068768531698
39.84996249062265,25.608121971418125,13.214787707076074,13.199037744539911,13.199037744539911,13.111916243249201,-0.003179668201699709,0,13.250442752735072
39.859964991247814,25.61330966736191,13.319234331902868,13.269214758326953,13.269214758326953,13.248922323798459,-0.010903779225889972,0,13.036335990957214
39.86996749187297,25.621073454672516,13.264564228625748,13.28999502119648,13.28999502119648,13.25742947259204,-0.006449355296071828,0,13.302319627296322
39.879969992498125,25.630899502965192,13.177749790251072,13.165246514883549,13.165246514883549,13.279799878037826,0.0005210082742339722,0,13.081465540812383
39.88997249312328,25.636812805001775,13.202829806888074,13.31004300141108,13.31004300141108,13.238094117768966,-0.0011502342281366903,0,13.240675948228281
39.89997499374844,25.648183434210274,13.17319890275506,13.110533629311016,13.110533629311016,13.121106930736834,0.0015394761720929156,0,13.03795695237758
39.90997749437359,25.65414962288765,13.195007706538615,13.174448673894908,13.174448673894908,13.236493500932418,0.00011907006942292318,0,12.99649746606422
39.91997999499875,25.661801657064082,13.26876601957739,13.176643486654083,13.176643486654083,13.170493594146672,-0.005170310595002375,0,13.242456643923832
39.929982495623904,25.666800194685422,13.330998658046292,13.386458768455215,13.386458768455215,13.098797072295364,-0.009688048166131003,0,13.250813384536663
39.93998499624906,25.675891435912312,13.163967369328986,13.262085915115955,13.262085915115955,13.310830926389253,0.0033159070698391053,0,13.145243864608352
39.949987496874215,25.684408103636944,13.179599387010871,13.226610177657953,13.226610177657953,13.24859124604701,0.0024632413187224396,0,13.192723643640418
39.95998999749937,25.69037014158539,13.278647665891018,13.284505125815114,13.284505125815114,13.299388971861571,-0.004800278089692872,0,13.40349326511969
39.96999249812453,25.70091047188582,13.257191909491864,13.129800464515256,13.129800464515256,13.209138399796643,-0.0027652950366918124,0,13.380991169949025
39.97999499874969,25.705679411484823,13.289496902706373,13.279952435356401,13.279952435356401,13.321119815029514,-0.005022336321470213,0,13.183219706758566
39.989997499374844,25.7165139207868,13.201651460610478,13.137371102752383,13.137371102752383,13.228883942054958,0.00204162514101841,0,13.038638864110233
40.0,25.722407596227374,13.237145000588418,13.254877313633507,13.254877313633507,13.234252208131101,-0.0004121808923543453,0,13.094855316130001
